code,investor_group,review_status,page,source
9600,"Caitong Fund Management Co., Ltd",Named in cornerstone filing context,245,https://www1.hkexnews.hk/listedco/listconews/sehk/2020/1221/2020122100005.pdf
9600,Hony Goldstream Special Opportunity Fund I,Named in cornerstone filing context,245,https://www1.hkexnews.hk/listedco/listconews/sehk/2020/1221/2020122100005.pdf
1440,Cheng Hung Ping,Named in cornerstone filing context,9,https://www1.hkexnews.hk/listedco/listconews/sehk/2021/0112/9580806/2021011200010.pdf
1440,Tam Yuk Ching Jenny,Named in cornerstone filing context,9,https://www1.hkexnews.hk/listedco/listconews/sehk/2021/0112/9580806/2021011200010.pdf
1440,Tsai Chuen Sui Robert,Named in cornerstone filing context,9,https://www1.hkexnews.hk/listedco/listconews/sehk/2021/0112/9580806/2021011200010.pdf
2153,Yanlord Investment Limited,Named in cornerstone filing context,288,https://www1.hkexnews.hk/listedco/listconews/sehk/2020/1230/2020123000017.pdf
2153,"Zoomlion International Trading (H.K.) Co., Limited",Named in cornerstone filing context,288,https://www1.hkexnews.hk/listedco/listconews/sehk/2020/1230/2020123000017.pdf
2125,Origin Flair Limited,Named in cornerstone filing context,2,https://www1.hkexnews.hk/listedco/listconews/sehk/2021/0114/9583317/2021011400090.pdf
2125,Snow Lake Funds and Accounts,Named in cornerstone filing context,2,https://www1.hkexnews.hk/listedco/listconews/sehk/2021/0114/9583317/2021011400090.pdf
2125,Vipshop International Holdings Limited,Named in cornerstone filing context,2,https://www1.hkexnews.hk/listedco/listconews/sehk/2021/0114/9583317/2021011400090.pdf
2158,3W Fund Management Limited,Named in cornerstone filing context,324,https://www1.hkexnews.hk/listedco/listconews/sehk/2020/1231/2020123100119.pdf
2158,China Orient Multi-Strategy Master Fund,Named in cornerstone filing context,324,https://www1.hkexnews.hk/listedco/listconews/sehk/2020/1231/2020123100119.pdf
2158,CPP Investment Board PMI-2 Inc,Named in cornerstone filing context,323,https://www1.hkexnews.hk/listedco/listconews/sehk/2020/1231/2020123100119.pdf
2158,Matthews Funds,Named in cornerstone filing context,8,https://www1.hkexnews.hk/listedco/listconews/sehk/2021/0114/9583315/2021011400066.pdf
2158,OrbiMed Capital LLC,Named in cornerstone filing context,323,https://www1.hkexnews.hk/listedco/listconews/sehk/2020/1231/2020123100119.pdf
2158,Tencent Mobility Limited,Named in cornerstone filing context,2,https://www1.hkexnews.hk/listedco/listconews/sehk/2021/0114/9583315/2021011400066.pdf
2158,Velmar Company Limited,Named in cornerstone filing context,8,https://www1.hkexnews.hk/listedco/listconews/sehk/2021/0114/9583315/2021011400066.pdf
1490,Coast Flagship Investment SPC,Named in cornerstone filing context,5,https://www1.hkexnews.hk/listedco/listconews/sehk/2020/1231/9563996/2020123100304.pdf
1490,Goldstream Capital Management Limited,Named in cornerstone filing context,4,https://www1.hkexnews.hk/listedco/listconews/sehk/2020/1231/9563996/2020123100304.pdf
1490,Huatai Financial Holdings (Hong Kong) Limited,Named in cornerstone filing context,3,https://www1.hkexnews.hk/listedco/listconews/sehk/2020/1231/9563996/2020123100304.pdf
1490,Shimmering Skyline L.P,Named in cornerstone filing context,4,https://www1.hkexnews.hk/listedco/listconews/sehk/2020/1231/9563996/2020123100304.pdf
9608,Jiu Rong Holdings Limited,Named in cornerstone filing context,9,https://www1.hkexnews.hk/listedco/listconews/sehk/2021/0115/9584488/2021011500022.pdf
6668,Pilgrim Ever Project Company Limited,Named in cornerstone filing context,11,https://www1.hkexnews.hk/listedco/listconews/sehk/2021/0125/9595413/2021012500006.pdf
6668,SCGC Capital Holding Company Limited,Named in cornerstone filing context,11,https://www1.hkexnews.hk/listedco/listconews/sehk/2021/0125/9595413/2021012500006.pdf
6668,Shenzhen Qichang Investment Holding Limited,Named in cornerstone filing context,11,https://www1.hkexnews.hk/listedco/listconews/sehk/2021/0125/9595413/2021012500006.pdf
6668,Virtues Origin SPC,Named in cornerstone filing context,11,https://www1.hkexnews.hk/listedco/listconews/sehk/2021/0125/9595413/2021012500006.pdf
2160,3W Fund Management Limited,Named in cornerstone filing context,5,https://www1.hkexnews.hk/listedco/listconews/sehk/2021/0126/9597262/2021012600191.pdf
2160,CDG Group Fund L.P,Named in cornerstone filing context,4,https://www1.hkexnews.hk/listedco/listconews/sehk/2021/0126/9597262/2021012600191.pdf
2160,"China Asset Management Co., Ltd",Named in cornerstone filing context,10,https://www1.hkexnews.hk/listedco/listconews/sehk/2021/0203/9611945/2021020300022.pdf
2160,CPE Greater China Enterprises Growth Fund,Named in cornerstone filing context,3,https://www1.hkexnews.hk/listedco/listconews/sehk/2021/0126/9597262/2021012600191.pdf
2160,"Gaoling Fund, L.P.",Named in cornerstone filing context,9,https://www1.hkexnews.hk/listedco/listconews/sehk/2021/0203/9611945/2021020300022.pdf
2160,"YHG Investment, L.P",Named in cornerstone filing context,9,https://www1.hkexnews.hk/listedco/listconews/sehk/2021/0203/9611945/2021020300022.pdf
2160,GIC Private Limited,Named in cornerstone filing context,3,https://www1.hkexnews.hk/listedco/listconews/sehk/2021/0126/9597262/2021012600191.pdf
2160,"Indus Capital Partners, LLC",Named in cornerstone filing context,5,https://www1.hkexnews.hk/listedco/listconews/sehk/2021/0126/9597262/2021012600191.pdf
2160,Kunlun Group Limited,Named in cornerstone filing context,7,https://www1.hkexnews.hk/listedco/listconews/sehk/2021/0126/9597262/2021012600191.pdf
2160,Lake Bleu Prime Healthcare Master Fund Limited,Named in cornerstone filing context,3,https://www1.hkexnews.hk/listedco/listconews/sehk/2021/0126/9597262/2021012600191.pdf
2160,Pinpoint Asset Management Limited,Named in cornerstone filing context,7,https://www1.hkexnews.hk/listedco/listconews/sehk/2021/0126/9597262/2021012600191.pdf
2160,"Snow Lake China Master Long Fund, Ltd",Named in cornerstone filing context,4,https://www1.hkexnews.hk/listedco/listconews/sehk/2021/0126/9597262/2021012600191.pdf
2160,"Taikang Life Insurance Co., Ltd",Named in cornerstone filing context,4,https://www1.hkexnews.hk/listedco/listconews/sehk/2021/0126/9597262/2021012600191.pdf
2160,Tybourne Capital Management (HK) Limited,Named in cornerstone filing context,5,https://www1.hkexnews.hk/listedco/listconews/sehk/2021/0126/9597262/2021012600191.pdf
2160,Woodline Master Fund LP,Named in cornerstone filing context,5,https://www1.hkexnews.hk/listedco/listconews/sehk/2021/0126/9597262/2021012600191.pdf
2160,WT Asset Management Limited,Named in cornerstone filing context,6,https://www1.hkexnews.hk/listedco/listconews/sehk/2021/0126/9597262/2021012600191.pdf
2160,Yi Fang Da Brocade Inv. Limited,Named in cornerstone filing context,10,https://www1.hkexnews.hk/listedco/listconews/sehk/2021/0203/9611945/2021020300022.pdf
1024,Aranda Investments Pte. Ltd,Named in cornerstone filing context,2,https://www1.hkexnews.hk/listedco/listconews/sehk/2021/0126/9597258/2021012600117.pdf
1024,BlackRock,Named in cornerstone filing context,11,https://www1.hkexnews.hk/listedco/listconews/sehk/2021/0204/9614152/2021020400036.pdf
1024,CPP Investment Board PMI-2 Inc,Named in cornerstone filing context,12,https://www1.hkexnews.hk/listedco/listconews/sehk/2021/0126/9597258/2021012600117.pdf
1024,FIL Investment Management (Hong Kong) Limited,Named in cornerstone filing context,11,https://www1.hkexnews.hk/listedco/listconews/sehk/2021/0126/9597258/2021012600117.pdf
1024,GIC Private Limited,Named in cornerstone filing context,2,https://www1.hkexnews.hk/listedco/listconews/sehk/2021/0126/9597258/2021012600117.pdf
1024,Invesco Ltd,Named in cornerstone filing context,10,https://www1.hkexnews.hk/listedco/listconews/sehk/2021/0126/9597258/2021012600117.pdf
1024,Morgan Stanley Asia Limited,Named in cornerstone filing context,2,https://www1.hkexnews.hk/listedco/listconews/sehk/2021/0204/9614152/2021020400036.pdf
1024,Morgan Stanley Investment Management Inc,Named in cornerstone filing context,3,https://www1.hkexnews.hk/listedco/listconews/sehk/2021/0126/9597258/2021012600117.pdf
1024,Sunny Festive Limited,Named in cornerstone filing context,2,https://www1.hkexnews.hk/listedco/listconews/sehk/2021/0126/9597258/2021012600117.pdf
1024,The Capital Group Funds,Named in cornerstone filing context,11,https://www1.hkexnews.hk/listedco/listconews/sehk/2021/0204/9614152/2021020400036.pdf
2170,Affin Hwang Asset Management Berhad,Named in cornerstone filing context,2,https://www1.hkexnews.hk/listedco/listconews/sehk/2021/0205/9616048/2021020500042.pdf
2170,CRF Investment Holdings Company Limited,Named in cornerstone filing context,2,https://www1.hkexnews.hk/listedco/listconews/sehk/2021/0205/9616048/2021020500042.pdf
2170,Foresight Funds,Named in cornerstone filing context,2,https://www1.hkexnews.hk/listedco/listconews/sehk/2021/0205/9616048/2021020500042.pdf
2170,IvyRock Asset Management (HK) Limited,Named in cornerstone filing context,2,https://www1.hkexnews.hk/listedco/listconews/sehk/2021/0205/9616048/2021020500042.pdf
2170,Lake Bleu Prime Healthcare Master Fund Limited,Named in cornerstone filing context,2,https://www1.hkexnews.hk/listedco/listconews/sehk/2021/0205/9616048/2021020500042.pdf
2170,OrbiMed Funds,Named in cornerstone filing context,2,https://www1.hkexnews.hk/listedco/listconews/sehk/2021/0205/9616048/2021020500042.pdf
2170,WinTwin Capital Limited,Named in cornerstone filing context,2,https://www1.hkexnews.hk/listedco/listconews/sehk/2021/0205/9616048/2021020500042.pdf
6127,Carmignac Funds,Named in cornerstone filing context,2,https://www1.hkexnews.hk/listedco/listconews/sehk/2021/0225/9632242/2021022500022.pdf
6127,China Structural Reform Fund Corporation Limited,Named in cornerstone filing context,334,https://www1.hkexnews.hk/listedco/listconews/sehk/2021/0216/2021021600009.pdf
6127,CPE Greater China Enterprises Growth Fund,Named in cornerstone filing context,335,https://www1.hkexnews.hk/listedco/listconews/sehk/2021/0216/2021021600009.pdf
6127,CRF Investment Holdings Company Limited,Named in cornerstone filing context,336,https://www1.hkexnews.hk/listedco/listconews/sehk/2021/0216/2021021600009.pdf
6127,Janchor Partners Pan-Asian Master Fund,Named in cornerstone filing context,2,https://www1.hkexnews.hk/listedco/listconews/sehk/2021/0225/9632242/2021022500022.pdf
6127,Lake Bleu Prime Healthcare Master Fund Limited,Named in cornerstone filing context,333,https://www1.hkexnews.hk/listedco/listconews/sehk/2021/0216/2021021600009.pdf
6127,Octagon Capital Advisors LP,Named in cornerstone filing context,337,https://www1.hkexnews.hk/listedco/listconews/sehk/2021/0216/2021021600009.pdf
6127,OrbiMed Funds,Named in cornerstone filing context,2,https://www1.hkexnews.hk/listedco/listconews/sehk/2021/0225/9632242/2021022500022.pdf
6127,"SCC Growth VI Holdco F, Ltd",Named in cornerstone filing context,335,https://www1.hkexnews.hk/listedco/listconews/sehk/2021/0216/2021021600009.pdf
6127,Valliance Fund,Named in cornerstone filing context,2,https://www1.hkexnews.hk/listedco/listconews/sehk/2021/0225/9632242/2021022500022.pdf
2187,"Tenancy Co., Limited",Named in cornerstone filing context,291,https://www1.hkexnews.hk/listedco/listconews/sehk/2021/0316/2021031600111.pdf
2187,Wang Miao,Legal name / investor-group alias needs manual confirmation,,
6608,Cederberg Capital Limited,Named in cornerstone filing context,279,https://www1.hkexnews.hk/listedco/listconews/sehk/2021/0319/2021031900021.pdf
6608,China Structural Reform Fund Corporation Limited,Named in cornerstone filing context,279,https://www1.hkexnews.hk/listedco/listconews/sehk/2021/0319/2021031900021.pdf
6608,Franchise Fund LP,Named in cornerstone filing context,9,https://www1.hkexnews.hk/listedco/listconews/sehk/2021/0330/9679994/2021033000206.pdf
9959,BlackRock Funds,Named in cornerstone filing context,10,https://www1.hkexnews.hk/listedco/listconews/sehk/2021/0408/9709262/2021040800098.pdf
9959,EDB Investments,Named in cornerstone filing context,3,https://www1.hkexnews.hk/listedco/listconews/sehk/2021/0408/9709262/2021040800098.pdf
9959,Fidelity International,Named in cornerstone filing context,10,https://www1.hkexnews.hk/listedco/listconews/sehk/2021/0408/9709262/2021040800098.pdf
9959,Janus Henderson Funds,Named in cornerstone filing context,10,https://www1.hkexnews.hk/listedco/listconews/sehk/2021/0408/9709262/2021040800098.pdf
9959,Ontario Teachers Pension Plan Board,Named in cornerstone filing context,323,https://www1.hkexnews.hk/listedco/listconews/sehk/2021/0326/2021032600037.pdf
9959,Sequoia Funds,Named in cornerstone filing context,10,https://www1.hkexnews.hk/listedco/listconews/sehk/2021/0408/9709262/2021040800098.pdf
6622,CaaS Capital Master Fund LP,Named in cornerstone filing context,472,https://www1.hkexnews.hk/listedco/listconews/sehk/2021/0416/2021041600009.pdf
6622,GIC Private Limited,Named in cornerstone filing context,472,https://www1.hkexnews.hk/listedco/listconews/sehk/2021/0416/2021041600009.pdf
6622,Golden Valley Global Limited,Named in cornerstone filing context,472,https://www1.hkexnews.hk/listedco/listconews/sehk/2021/0416/2021041600009.pdf
6622,Jennison Associates LLC,Named in cornerstone filing context,473,https://www1.hkexnews.hk/listedco/listconews/sehk/2021/0416/2021041600009.pdf
6622,"Mass Ave Global, Inc",Named in cornerstone filing context,473,https://www1.hkexnews.hk/listedco/listconews/sehk/2021/0416/2021041600009.pdf
6622,Matthews Asia Growth Fund and Matthews Asia Innovators Fund,Named in cornerstone filing context,473,https://www1.hkexnews.hk/listedco/listconews/sehk/2021/0416/2021041600009.pdf
6622,OrbiMed Partners Master Fund Limited,Named in cornerstone filing context,14,https://www1.hkexnews.hk/listedco/listconews/sehk/2021/0428/9738452/2021042800068.pdf
6622,"OrbiMed Genesis Master Fund, L.P",Named in cornerstone filing context,14,https://www1.hkexnews.hk/listedco/listconews/sehk/2021/0428/9738452/2021042800068.pdf
6622,VMS Zhaoke Investment Fund SP,Named in cornerstone filing context,474,https://www1.hkexnews.hk/listedco/listconews/sehk/2021/0416/2021041600009.pdf
2191,China Orient Multi-Strategy Master Fund,Named in cornerstone filing context,10,https://www1.hkexnews.hk/listedco/listconews/sehk/2021/0514/9766080/2021051400094.pdf
2191,CI Global Asset Management,Named in cornerstone filing context,10,https://www1.hkexnews.hk/listedco/listconews/sehk/2021/0514/9766080/2021051400094.pdf
3658,China Sichuan International Investment Limited,Named in cornerstone filing context,2,https://www1.hkexnews.hk/listedco/listconews/sehk/2021/0524/9774215/2021052400012.pdf
3658,Golden Star International Pty Limited,Named in cornerstone filing context,2,https://www1.hkexnews.hk/listedco/listconews/sehk/2021/0524/9774215/2021052400012.pdf
3658,Green Better Limited,Named in cornerstone filing context,2,https://www1.hkexnews.hk/listedco/listconews/sehk/2021/0524/9774215/2021052400012.pdf
3658,Keltic Investment (HK) Limited,Named in cornerstone filing context,2,https://www1.hkexnews.hk/listedco/listconews/sehk/2021/0524/9774215/2021052400012.pdf
3658,Neptune Investments Holdings Limited,Named in cornerstone filing context,2,https://www1.hkexnews.hk/listedco/listconews/sehk/2021/0524/9774215/2021052400012.pdf
3658,Peak Reinsurance Company Limited,Named in cornerstone filing context,2,https://www1.hkexnews.hk/listedco/listconews/sehk/2021/0524/9774215/2021052400012.pdf
2618,China Chengtong Investment Company Limited,Legal name / investor-group alias needs manual confirmation,,
2618,Internet Fund IIIA Pte. Ltd,Named in cornerstone filing context,280,https://www1.hkexnews.hk/listedco/listconews/sehk/2021/0517/2021051700091.pdf
2618,Matthews Funds,Named in cornerstone filing context,2,https://www1.hkexnews.hk/listedco/listconews/sehk/2021/0527/9778625/2021052700016.pdf
2618,"Oaktree Emerging Markets Equity Fund, L.P",Named in cornerstone filing context,282,https://www1.hkexnews.hk/listedco/listconews/sehk/2021/0517/2021051700091.pdf
2618,SoftBank Group,Named in cornerstone filing context,280,https://www1.hkexnews.hk/listedco/listconews/sehk/2021/0517/2021051700091.pdf
2618,The Blackstone Group Inc,Named in cornerstone filing context,281,https://www1.hkexnews.hk/listedco/listconews/sehk/2021/0517/2021051700091.pdf
9982,Lucky Advent Limited,Named in cornerstone filing context,280,https://www1.hkexnews.hk/listedco/listconews/sehk/2021/0518/2021051800033.pdf
2171,Affin Hwang Asset Management Berhad,Legal name / investor-group alias needs manual confirmation,,
2171,"China Southern Asset Management Co., Ltd",Named in cornerstone filing context,9,https://www1.hkexnews.hk/listedco/listconews/sehk/2021/0617/9805606/2021061700008.pdf
2171,CloudAlpha Master Fund,Named in cornerstone filing context,9,https://www1.hkexnews.hk/listedco/listconews/sehk/2021/0617/9805606/2021061700008.pdf
2171,Dymon Asia Capital (Singapore) Pte. Ltd,Named in cornerstone filing context,9,https://www1.hkexnews.hk/listedco/listconews/sehk/2021/0617/9805606/2021061700008.pdf
2171,"Foresight Fund Management Co., Ltd",Named in cornerstone filing context,467,https://www1.hkexnews.hk/listedco/listconews/sehk/2021/0607/2021060700009.pdf
2171,"GF Fund Management Co., Ltd",Named in cornerstone filing context,9,https://www1.hkexnews.hk/listedco/listconews/sehk/2021/0617/9805606/2021061700008.pdf
2171,IvyRock Asset Management (HK) Limited,Named in cornerstone filing context,9,https://www1.hkexnews.hk/listedco/listconews/sehk/2021/0617/9805606/2021061700008.pdf
2171,LAV Star Limited,Named in cornerstone filing context,2,https://www1.hkexnews.hk/listedco/listconews/sehk/2021/0617/9805606/2021061700008.pdf
2171,WT Asset Management Limited,Named in cornerstone filing context,9,https://www1.hkexnews.hk/listedco/listconews/sehk/2021/0617/9805606/2021061700008.pdf
9858,CITIC-Prudential Life Insurance Company Limited,Named in cornerstone filing context,348,https://www1.hkexnews.hk/listedco/listconews/sehk/2021/0607/2021060700019.pdf
9858,Harvest Private Wealth Thematic Fund SPC,Named in cornerstone filing context,348,https://www1.hkexnews.hk/listedco/listconews/sehk/2021/0607/2021060700019.pdf
2155,China Universal Asset Management Limited Liability Company,Named in cornerstone filing context,293,https://www1.hkexnews.hk/listedco/listconews/sehk/2021/0615/2021061500023.pdf
2155,Huayou HongKong Holding Limited,Named in cornerstone filing context,292,https://www1.hkexnews.hk/listedco/listconews/sehk/2021/0615/2021061500023.pdf
2155,Hwa-An International Limited,Named in cornerstone filing context,294,https://www1.hkexnews.hk/listedco/listconews/sehk/2021/0615/2021061500023.pdf
2155,"Jingzhirui (Suzhou) Microelectronic Technology Co., Ltd",Named in cornerstone filing context,294,https://www1.hkexnews.hk/listedco/listconews/sehk/2021/0615/2021061500023.pdf
2155,WuXi Biologics HealthCare Venture,Named in cornerstone filing context,292,https://www1.hkexnews.hk/listedco/listconews/sehk/2021/0615/2021061500023.pdf
2155,Zhang Ning,Named in cornerstone filing context,2,https://www1.hkexnews.hk/listedco/listconews/sehk/2021/0625/9815315/2021062500066.pdf
6626,Crotona Assets Limited,Named in cornerstone filing context,332,https://www1.hkexnews.hk/listedco/listconews/sehk/2021/0616/2021061600035.pdf
6626,Goingup Inc Limited,Named in cornerstone filing context,332,https://www1.hkexnews.hk/listedco/listconews/sehk/2021/0616/2021061600035.pdf
6626,Jiang Ganjun,Named in cornerstone filing context,332,https://www1.hkexnews.hk/listedco/listconews/sehk/2021/0616/2021061600035.pdf
6626,Kaiser Private Equity Fund SPC-SPI,Named in cornerstone filing context,332,https://www1.hkexnews.hk/listedco/listconews/sehk/2021/0616/2021061600035.pdf
6626,Ke Jiansheng,Named in cornerstone filing context,332,https://www1.hkexnews.hk/listedco/listconews/sehk/2021/0616/2021061600035.pdf
6626,Keltic Investment (HK) Limited,Named in cornerstone filing context,332,https://www1.hkexnews.hk/listedco/listconews/sehk/2021/0616/2021061600035.pdf
6626,New China Asset Management (Hong Kong) Limited,Named in cornerstone filing context,332,https://www1.hkexnews.hk/listedco/listconews/sehk/2021/0616/2021061600035.pdf
6626,SensePower Management Limited,Named in cornerstone filing context,332,https://www1.hkexnews.hk/listedco/listconews/sehk/2021/0616/2021061600035.pdf
6626,"Sunfly Holding Co., Ltd",Named in cornerstone filing context,332,https://www1.hkexnews.hk/listedco/listconews/sehk/2021/0616/2021061600035.pdf
6626,Wealthking Investments Limited,Named in cornerstone filing context,332,https://www1.hkexnews.hk/listedco/listconews/sehk/2021/0616/2021061600035.pdf
0013,CA Fern Parent,Named in cornerstone filing context,8,https://www1.hkexnews.hk/listedco/listconews/sehk/2021/0629/9819609/2021062900054.pdf
0013,CICC Grandeur (Xiamen) Equity Investment Fund Partnership (L.P.),Named in cornerstone filing context,3,https://www1.hkexnews.hk/listedco/listconews/sehk/2021/0629/9819609/2021062900054.pdf
0013,CPP Investments,Named in cornerstone filing context,416,https://www1.hkexnews.hk/listedco/listconews/sehk/2021/0618/2021061800169.pdf
0013,General Atlantic Singapore HCM Pte. Ltd,Named in cornerstone filing context,3,https://www1.hkexnews.hk/listedco/listconews/sehk/2021/0629/9819609/2021062900054.pdf
0013,HBM Healthcare Investments (Cayman) Ltd,Named in cornerstone filing context,8,https://www1.hkexnews.hk/listedco/listconews/sehk/2021/0629/9819609/2021062900054.pdf
2150,"China Southern Asset Management Co., Ltd",Named in cornerstone filing context,3,https://www1.hkexnews.hk/listedco/listconews/sehk/2021/0629/9819617/2021062900076.pdf
2150,"China Universal Asset Management Co., LtdChina Universal Asset Management Co., Ltd",Legal name / investor-group alias needs manual confirmation,,
2150,"GF Fund Management Co., Ltd",Named in cornerstone filing context,340,https://www1.hkexnews.hk/listedco/listconews/sehk/2021/0618/2021061800009.pdf
2150,Grand Rejuvenation Premium Selection Fund SPC,Named in cornerstone filing context,341,https://www1.hkexnews.hk/listedco/listconews/sehk/2021/0618/2021061800009.pdf
2150,UBS Funds,Legal name / investor-group alias needs manual confirmation,,
0606,He Sheng Overseas Holdings Limited,Named in cornerstone filing context,3,https://www1.hkexnews.hk/listedco/listconews/sehk/2021/0630/9822274/2021063000310.pdf
0606,King Terrace Limited,Named in cornerstone filing context,3,https://www1.hkexnews.hk/listedco/listconews/sehk/2021/0630/9822274/2021063000310.pdf
0606,Lam Yuen Ying,Named in cornerstone filing context,3,https://www1.hkexnews.hk/listedco/listconews/sehk/2021/0630/9822274/2021063000310.pdf
0606,TX Capital Value Fund,Named in cornerstone filing context,3,https://www1.hkexnews.hk/listedco/listconews/sehk/2021/0630/9822274/2021063000310.pdf
2190,AIHC Capital Management Limited,Named in cornerstone filing context,409,https://www1.hkexnews.hk/listedco/listconews/sehk/2021/0622/2021062200009.pdf
2190,Athos Capital Limited,Named in cornerstone filing context,9,https://www1.hkexnews.hk/listedco/listconews/sehk/2021/0702/9829817/2021070200030.pdf
2190,Boyu Capital Opportunity Master Fund,Named in cornerstone filing context,405,https://www1.hkexnews.hk/listedco/listconews/sehk/2021/0622/2021062200009.pdf
2190,"Cormorant Asset Management, LP",Named in cornerstone filing context,2,https://www1.hkexnews.hk/listedco/listconews/sehk/2021/0702/9829817/2021070200030.pdf
2190,Fidelity International,Named in cornerstone filing context,9,https://www1.hkexnews.hk/listedco/listconews/sehk/2021/0702/9829817/2021070200030.pdf
2190,"Gaoling Fund, L.P.",Named in cornerstone filing context,9,https://www1.hkexnews.hk/listedco/listconews/sehk/2021/0702/9829817/2021070200030.pdf
2190,"YHG Investment, L.P",Named in cornerstone filing context,9,https://www1.hkexnews.hk/listedco/listconews/sehk/2021/0702/9829817/2021070200030.pdf
2190,Hudson Bay Master Fund Ltd,Named in cornerstone filing context,2,https://www1.hkexnews.hk/listedco/listconews/sehk/2021/0702/9829817/2021070200030.pdf
2190,IvyRock Asset Management (HK) Limited,Named in cornerstone filing context,9,https://www1.hkexnews.hk/listedco/listconews/sehk/2021/0702/9829817/2021070200030.pdf
2190,Lake Bleu Prime Healthcare Master Fund Limited,Named in cornerstone filing context,2,https://www1.hkexnews.hk/listedco/listconews/sehk/2021/0702/9829817/2021070200030.pdf
2190,Octagon Investments Master Fund LP,Named in cornerstone filing context,2,https://www1.hkexnews.hk/listedco/listconews/sehk/2021/0702/9829817/2021070200030.pdf
2190,Sage Partners Master Fund,Named in cornerstone filing context,9,https://www1.hkexnews.hk/listedco/listconews/sehk/2021/0702/9829817/2021070200030.pdf
2190,"Snow Lake China Master Fund, Ltd",Named in cornerstone filing context,9,https://www1.hkexnews.hk/listedco/listconews/sehk/2021/0702/9829817/2021070200030.pdf
2219,"Fullgoal Fund Management Co., Ltd",Named in cornerstone filing context,11,https://www1.hkexnews.hk/listedco/listconews/sehk/2021/0706/9839896/2021070600018.pdf
2219,Gigantic Wealth Holdings Limited,Named in cornerstone filing context,11,https://www1.hkexnews.hk/listedco/listconews/sehk/2021/0706/9839896/2021070600018.pdf
2219,GT Cedar Capital (Hong Kong) Limited,Named in cornerstone filing context,11,https://www1.hkexnews.hk/listedco/listconews/sehk/2021/0706/9839896/2021070600018.pdf
2219,The Valliance Fund,Named in cornerstone filing context,11,https://www1.hkexnews.hk/listedco/listconews/sehk/2021/0706/9839896/2021070600018.pdf
1965,CURA International (Hong Kong) Investment Management Company Limited,Named in cornerstone filing context,9,https://www1.hkexnews.hk/listedco/listconews/sehk/2021/0707/9841751/2021070700024.pdf
2162,Aranda Investments Pte. Ltd,Named in cornerstone filing context,382,https://www1.hkexnews.hk/listedco/listconews/sehk/2021/0625/2021062500031.pdf
2162,Boyu Capital Opportunities Master Fund,Named in cornerstone filing context,2,https://www1.hkexnews.hk/listedco/listconews/sehk/2021/0707/9841773/2021070700056.pdf
2162,Double Joy Ventures Limited,Named in cornerstone filing context,2,https://www1.hkexnews.hk/listedco/listconews/sehk/2021/0707/9841773/2021070700056.pdf
2162,Dragon Merit Holdings Limited,Named in cornerstone filing context,382,https://www1.hkexnews.hk/listedco/listconews/sehk/2021/0625/2021062500031.pdf
2162,"Hillhouse Capital Advisors, Ltd",Named in cornerstone filing context,387,https://www1.hkexnews.hk/listedco/listconews/sehk/2021/0625/2021062500031.pdf
2162,Hudson Bay Master Fund Ltd,Named in cornerstone filing context,382,https://www1.hkexnews.hk/listedco/listconews/sehk/2021/0625/2021062500031.pdf
2162,Invesco Ltd,Named in cornerstone filing context,382,https://www1.hkexnews.hk/listedco/listconews/sehk/2021/0625/2021062500031.pdf
2162,Janchor Partners Pan-Asian Master Fund,Named in cornerstone filing context,383,https://www1.hkexnews.hk/listedco/listconews/sehk/2021/0625/2021062500031.pdf
2162,Lake Bleu Prime Healthcare Master Fund Limited,Named in cornerstone filing context,2,https://www1.hkexnews.hk/listedco/listconews/sehk/2021/0707/9841773/2021070700056.pdf
2162,LAV Group,Legal name / investor-group alias needs manual confirmation,,
2162,Octagon Investments Master Fund LP,Named in cornerstone filing context,383,https://www1.hkexnews.hk/listedco/listconews/sehk/2021/0625/2021062500031.pdf
2162,Sage Partners Master Fund,Named in cornerstone filing context,383,https://www1.hkexnews.hk/listedco/listconews/sehk/2021/0625/2021062500031.pdf
2162,Springhill Master Fund Limited,Named in cornerstone filing context,383,https://www1.hkexnews.hk/listedco/listconews/sehk/2021/0625/2021062500031.pdf
2162,UBS Asset Management (Singapore) Ltd,Named in cornerstone filing context,382,https://www1.hkexnews.hk/listedco/listconews/sehk/2021/0625/2021062500031.pdf
2162,Yi Fang Da Sirius Inv. Limited,Named in cornerstone filing context,2,https://www1.hkexnews.hk/listedco/listconews/sehk/2021/0707/9841773/2021070700056.pdf
2209,CS Logistics Holdings Ltd,Named in cornerstone filing context,11,https://www1.hkexnews.hk/listedco/listconews/sehk/2021/0708/9843377/2021070800028.pdf
2209,Triple Surge Holdings Limited,Named in cornerstone filing context,11,https://www1.hkexnews.hk/listedco/listconews/sehk/2021/0708/9843377/2021070800028.pdf
2177,Country Garden Property Services HK Holdings Company Limited,Named in cornerstone filing context,9,https://www1.hkexnews.hk/listedco/listconews/sehk/2021/0709/9845076/2021070900050.pdf
2177,"Kobayashi Pharmaceutical Co., Ltd",Named in cornerstone filing context,9,https://www1.hkexnews.hk/listedco/listconews/sehk/2021/0709/9845076/2021070900050.pdf
2177,Unicharm Corporation,Named in cornerstone filing context,9,https://www1.hkexnews.hk/listedco/listconews/sehk/2021/0709/9845076/2021070900050.pdf
2137,AIHC Master Fund,Named in cornerstone filing context,9,https://www1.hkexnews.hk/listedco/listconews/sehk/2021/0712/9846813/2021071200038.pdf
2137,Athos Asia Event Driven Master Fund,Named in cornerstone filing context,9,https://www1.hkexnews.hk/listedco/listconews/sehk/2021/0712/9846813/2021071200038.pdf
2137,Boyu Capital Opportunities Master Fund,Named in cornerstone filing context,2,https://www1.hkexnews.hk/listedco/listconews/sehk/2021/0712/9846813/2021071200038.pdf
2137,"Invesco Advisers, Inc",Named in cornerstone filing context,2,https://www1.hkexnews.hk/listedco/listconews/sehk/2021/0712/9846813/2021071200038.pdf
2137,RBC Global Asset Management (Asia) Limited,Named in cornerstone filing context,9,https://www1.hkexnews.hk/listedco/listconews/sehk/2021/0712/9846813/2021071200038.pdf
2137,Sage Partners Master Fund,Named in cornerstone filing context,9,https://www1.hkexnews.hk/listedco/listconews/sehk/2021/0712/9846813/2021071200038.pdf
2137,"SCC Growth V Holdco Q, Ltd",Named in cornerstone filing context,2,https://www1.hkexnews.hk/listedco/listconews/sehk/2021/0712/9846813/2021071200038.pdf
2137,Springhill Master Fund Limited,Named in cornerstone filing context,9,https://www1.hkexnews.hk/listedco/listconews/sehk/2021/0712/9846813/2021071200038.pdf
2137,The Valliance Fund,Named in cornerstone filing context,9,https://www1.hkexnews.hk/listedco/listconews/sehk/2021/0712/9846813/2021071200038.pdf
2137,UBS Asset Management (Singapore) Ltd,Named in cornerstone filing context,9,https://www1.hkexnews.hk/listedco/listconews/sehk/2021/0712/9846813/2021071200038.pdf
2137,Youyu Global Limited,Named in cornerstone filing context,2,https://www1.hkexnews.hk/listedco/listconews/sehk/2021/0712/9846813/2021071200038.pdf
2192,Fidelity Investments,Named in cornerstone filing context,381,https://www1.hkexnews.hk/listedco/listconews/sehk/2021/0630/2021063000187.pdf
2192,FIL Investment Management (Hong Kong) Limited,Named in cornerstone filing context,381,https://www1.hkexnews.hk/listedco/listconews/sehk/2021/0630/2021063000187.pdf
2192,GIC Private Limited,Named in cornerstone filing context,382,https://www1.hkexnews.hk/listedco/listconews/sehk/2021/0630/2021063000187.pdf
2192,Matthews Funds,Named in cornerstone filing context,11,https://www1.hkexnews.hk/listedco/listconews/sehk/2021/0714/9850114/2021071400030.pdf
2192,OrbiMed Funds,Named in cornerstone filing context,11,https://www1.hkexnews.hk/listedco/listconews/sehk/2021/0714/9850114/2021071400030.pdf
2192,Springhill Master Fund Limited,Named in cornerstone filing context,383,https://www1.hkexnews.hk/listedco/listconews/sehk/2021/0630/2021063000187.pdf
2192,Tencent Mobility Limited,Named in cornerstone filing context,382,https://www1.hkexnews.hk/listedco/listconews/sehk/2021/0630/2021063000187.pdf
2215,Hangzhou Jintou Shenghan Investment Partnership (Limited Partnership),Named in cornerstone filing context,299,https://www1.hkexnews.hk/listedco/listconews/sehk/2021/0629/2021062900043.pdf
2215,"Hangzhou Light Industrial Association Investment Group Co.,Ltd",Named in cornerstone filing context,299,https://www1.hkexnews.hk/listedco/listconews/sehk/2021/0629/2021062900043.pdf
2215,"JIC TRUST CO., LTD",Named in cornerstone filing context,299,https://www1.hkexnews.hk/listedco/listconews/sehk/2021/0629/2021062900043.pdf
9960,Athos Capital Limited,Named in cornerstone filing context,379,https://www1.hkexnews.hk/listedco/listconews/sehk/2021/0629/2021062900037.pdf
9960,BlackRock,Named in cornerstone filing context,10,https://www1.hkexnews.hk/listedco/listconews/sehk/2021/0715/9851364/2021071500010.pdf
9960,Carmignac Funds,Named in cornerstone filing context,10,https://www1.hkexnews.hk/listedco/listconews/sehk/2021/0715/9851364/2021071500010.pdf
9960,China Pinnacle Equity Management Limited,Named in cornerstone filing context,377,https://www1.hkexnews.hk/listedco/listconews/sehk/2021/0629/2021062900037.pdf
9960,DNCA Finance,Named in cornerstone filing context,10,https://www1.hkexnews.hk/listedco/listconews/sehk/2021/0715/9851364/2021071500010.pdf
9960,IvyRock Asset Management (HK) Limited,Named in cornerstone filing context,379,https://www1.hkexnews.hk/listedco/listconews/sehk/2021/0629/2021062900037.pdf
9960,Snow Lake Capital (HK) Limited,Named in cornerstone filing context,377,https://www1.hkexnews.hk/listedco/listconews/sehk/2021/0629/2021062900037.pdf
2205,58.com Holdings Inc,Named in cornerstone filing context,12,https://www1.hkexnews.hk/listedco/listconews/sehk/2021/0715/9851404/2021071500082.pdf
2205,"Autobio Group Co., Ltd",Named in cornerstone filing context,3,https://www1.hkexnews.hk/listedco/listconews/sehk/2021/0715/9851404/2021071500082.pdf
2205,Country Garden Property Services HK Holdings Company Limited,Named in cornerstone filing context,12,https://www1.hkexnews.hk/listedco/listconews/sehk/2021/0715/9851404/2021071500082.pdf
6616,"Shanghai Huijin Asset Management Co., Ltd",Named in cornerstone filing context,44,https://www1.hkexnews.hk/listedco/listconews/sehk/2021/0630/2021063000059.pdf
6616,YBN Investments,Named in cornerstone filing context,12,https://www1.hkexnews.hk/listedco/listconews/sehk/2021/0715/9851426/2021071500122.pdf
6609,3W Fund Management Limited,Named in cornerstone filing context,10,https://www1.hkexnews.hk/listedco/listconews/sehk/2021/0819/9899716/2021081900016.pdf
6609,Aspex Master Fund,Named in cornerstone filing context,10,https://www1.hkexnews.hk/listedco/listconews/sehk/2021/0819/9899716/2021081900016.pdf
6609,Boyu Capital Opportunities Master Fund,Named in cornerstone filing context,10,https://www1.hkexnews.hk/listedco/listconews/sehk/2021/0819/9899716/2021081900016.pdf
6609,Goldstream Capital Segregated Portfolio Company - Goldstream Healthcare Focus Fund SP,Named in cornerstone filing context,10,https://www1.hkexnews.hk/listedco/listconews/sehk/2021/0819/9899716/2021081900016.pdf
6609,Lake Bleu Prime Healthcare Master Fund Limited,Named in cornerstone filing context,3,https://www1.hkexnews.hk/listedco/listconews/sehk/2021/0819/9899716/2021081900016.pdf
6609,"LYFE CAPITAL FUND III (DRAGON), L.P",Named in cornerstone filing context,3,https://www1.hkexnews.hk/listedco/listconews/sehk/2021/0819/9899716/2021081900016.pdf
6609,Octagon Investments Master Fund LP,Named in cornerstone filing context,10,https://www1.hkexnews.hk/listedco/listconews/sehk/2021/0819/9899716/2021081900016.pdf
6609,Sage Partners Master Fund,Named in cornerstone filing context,10,https://www1.hkexnews.hk/listedco/listconews/sehk/2021/0819/9899716/2021081900016.pdf
6609,Superstring Capital Master Fund LP,Named in cornerstone filing context,10,https://www1.hkexnews.hk/listedco/listconews/sehk/2021/0819/9899716/2021081900016.pdf
6609,The Valliance Fund,Named in cornerstone filing context,10,https://www1.hkexnews.hk/listedco/listconews/sehk/2021/0819/9899716/2021081900016.pdf
6669,Athos Asia Event Driven Master Fund,Named in cornerstone filing context,387,https://www1.hkexnews.hk/listedco/listconews/sehk/2021/0812/2021081200017.pdf
6669,China International Capital Corporation Limited,Named in cornerstone filing context,2,https://www1.hkexnews.hk/listedco/listconews/sehk/2021/0823/9903476/2021082300016.pdf
6669,China Universal Asset Management Limited Liability Company,Named in cornerstone filing context,384,https://www1.hkexnews.hk/listedco/listconews/sehk/2021/0812/2021081200017.pdf
6669,CPE Investment Wu Limited,Named in cornerstone filing context,2,https://www1.hkexnews.hk/listedco/listconews/sehk/2021/0823/9903476/2021082300016.pdf
6669,Daguan International Limited,Named in cornerstone filing context,387,https://www1.hkexnews.hk/listedco/listconews/sehk/2021/0812/2021081200017.pdf
6669,Dymon Asia Capital (Singapore) Pte. Ltd,Named in cornerstone filing context,388,https://www1.hkexnews.hk/listedco/listconews/sehk/2021/0812/2021081200017.pdf
6669,E Fund Global Healthcare Sector Sponsored Hybrid Fund,Named in cornerstone filing context,389,https://www1.hkexnews.hk/listedco/listconews/sehk/2021/0812/2021081200017.pdf
6669,New Journey Hospital Group Ltd,Named in cornerstone filing context,389,https://www1.hkexnews.hk/listedco/listconews/sehk/2021/0812/2021081200017.pdf
6669,Panjing Harbourview Investment Fund,Named in cornerstone filing context,387,https://www1.hkexnews.hk/listedco/listconews/sehk/2021/0812/2021081200017.pdf
6669,Perseverance Asset Management International (Singapore) Pte. Ltd,Named in cornerstone filing context,386,https://www1.hkexnews.hk/listedco/listconews/sehk/2021/0812/2021081200017.pdf
6669,Pinpoint Asset Management Limited,Named in cornerstone filing context,388,https://www1.hkexnews.hk/listedco/listconews/sehk/2021/0812/2021081200017.pdf
6669,PRIMEONE LUCK LIMITED,Named in cornerstone filing context,2,https://www1.hkexnews.hk/listedco/listconews/sehk/2021/0823/9903476/2021082300016.pdf
6669,The Valliance Fund,Named in cornerstone filing context,386,https://www1.hkexnews.hk/listedco/listconews/sehk/2021/0812/2021081200017.pdf
2216,Artisan China Post-Venture Master Fund LP,Named in cornerstone filing context,462,https://www1.hkexnews.hk/listedco/listconews/sehk/2021/0913/2021091300015.pdf
2216,CEPHEI,Legal name / investor-group alias needs manual confirmation,,
2216,Emerging Markets Healthcare Partners LLC,Named in cornerstone filing context,470,https://www1.hkexnews.hk/listedco/listconews/sehk/2021/0913/2021091300015.pdf
2216,Lake Bleu Prime Healthcare Master Fund Limited,Named in cornerstone filing context,467,https://www1.hkexnews.hk/listedco/listconews/sehk/2021/0913/2021091300015.pdf
2216,"Snow Lake China Master Fund, Ltd",Named in cornerstone filing context,468,https://www1.hkexnews.hk/listedco/listconews/sehk/2021/0913/2021091300015.pdf
2216,Springhill Master Fund Limited,Named in cornerstone filing context,10,https://www1.hkexnews.hk/listedco/listconews/sehk/2021/0923/9944990/2021092300022.pdf
2216,"Summer Healthcare Fund, L.P",Named in cornerstone filing context,469,https://www1.hkexnews.hk/listedco/listconews/sehk/2021/0913/2021091300015.pdf
2216,The Valliance Fund,Named in cornerstone filing context,470,https://www1.hkexnews.hk/listedco/listconews/sehk/2021/0913/2021091300015.pdf
2216,UBS Asset Management (Singapore) Ltd,Named in cornerstone filing context,462,https://www1.hkexnews.hk/listedco/listconews/sehk/2021/0913/2021091300015.pdf
2216,Worldwide Healthcare Partners LLC,Named in cornerstone filing context,470,https://www1.hkexnews.hk/listedco/listconews/sehk/2021/0913/2021091300015.pdf
9889,Fook Man Development Company Limited,Named in cornerstone filing context,9,https://www1.hkexnews.hk/listedco/listconews/sehk/2021/0928/9950496/2021092800012.pdf
6628,China Structural Reform Fund Corporation Limited,Named in cornerstone filing context,2,https://www1.hkexnews.hk/listedco/listconews/sehk/2021/0928/9950504/2021092800030.pdf
6628,"LAV Biosciences Fund V, L.P",Named in cornerstone filing context,435,https://www1.hkexnews.hk/listedco/listconews/sehk/2021/0914/2021091400015.pdf
2256,AIHC Master Fund,Named in cornerstone filing context,10,https://www1.hkexnews.hk/listedco/listconews/sehk/2021/1012/9972720/2021101200010.pdf
2256,Aranda Investments Pte. Ltd,Named in cornerstone filing context,2,https://www1.hkexnews.hk/listedco/listconews/sehk/2021/1012/9972720/2021101200010.pdf
2256,BlackRock Global Funds – World Healthscience Fund,Named in cornerstone filing context,2,https://www1.hkexnews.hk/listedco/listconews/sehk/2021/1012/9972720/2021101200010.pdf
2256,Epsomite Gem Investments Ltd,Named in cornerstone filing context,2,https://www1.hkexnews.hk/listedco/listconews/sehk/2021/1012/9972720/2021101200010.pdf
2256,Hudson Bay Master Fund Ltd,Named in cornerstone filing context,10,https://www1.hkexnews.hk/listedco/listconews/sehk/2021/1012/9972720/2021101200010.pdf
2256,Janchor Partners Pan-Asian Master Fund,Named in cornerstone filing context,2,https://www1.hkexnews.hk/listedco/listconews/sehk/2021/1012/9972720/2021101200010.pdf
2256,Lake Bleu Prime Healthcare Master Fund Limited,Named in cornerstone filing context,2,https://www1.hkexnews.hk/listedco/listconews/sehk/2021/1012/9972720/2021101200010.pdf
2256,"LAV Fund VI, L.P",Named in cornerstone filing context,2,https://www1.hkexnews.hk/listedco/listconews/sehk/2021/1012/9972720/2021101200010.pdf
2256,"OrbiMed New Horizons Master Fund, L.P",Named in cornerstone filing context,2,https://www1.hkexnews.hk/listedco/listconews/sehk/2021/1012/9972720/2021101200010.pdf
2256,UBS Asset Management (Singapore) Ltd,Named in cornerstone filing context,11,https://www1.hkexnews.hk/listedco/listconews/sehk/2021/1012/9972720/2021101200010.pdf
2256,"Vivo Opportunity Fund, L.P",Named in cornerstone filing context,11,https://www1.hkexnews.hk/listedco/listconews/sehk/2021/1012/9972720/2021101200010.pdf
2235,Boyu Capital Opportunities Master Fund,Named in cornerstone filing context,377,https://www1.hkexnews.hk/listedco/listconews/sehk/2021/1006/2021100600007.pdf
2235,Hudson Bay Master Fund Ltd,Named in cornerstone filing context,376,https://www1.hkexnews.hk/listedco/listconews/sehk/2021/1006/2021100600007.pdf
2235,"Invesco Advisers, Inc",Named in cornerstone filing context,9,https://www1.hkexnews.hk/listedco/listconews/sehk/2021/1018/9976354/2021101800010.pdf
2235,Lake Bleu Prime Healthcare Master Fund Limited,Named in cornerstone filing context,377,https://www1.hkexnews.hk/listedco/listconews/sehk/2021/1006/2021100600007.pdf
2235,LAV Star Opportunities Limited,Named in cornerstone filing context,2,https://www1.hkexnews.hk/listedco/listconews/sehk/2021/1018/9976354/2021101800010.pdf
2235,Octagon Investments Master Fund LP,Named in cornerstone filing context,377,https://www1.hkexnews.hk/listedco/listconews/sehk/2021/1006/2021100600007.pdf
2235,OrbiMed Advisors LLC,Named in cornerstone filing context,378,https://www1.hkexnews.hk/listedco/listconews/sehk/2021/1006/2021100600007.pdf
2235,Sage Partners Master Fund,Named in cornerstone filing context,378,https://www1.hkexnews.hk/listedco/listconews/sehk/2021/1006/2021100600007.pdf
2235,Springhill Master Fund Limited,Named in cornerstone filing context,376,https://www1.hkexnews.hk/listedco/listconews/sehk/2021/1006/2021100600007.pdf
2235,Tencent Mobility Limited,Named in cornerstone filing context,2,https://www1.hkexnews.hk/listedco/listconews/sehk/2021/1018/9976354/2021101800010.pdf
2235,UBS Asset Management (Singapore) Ltd,Named in cornerstone filing context,374,https://www1.hkexnews.hk/listedco/listconews/sehk/2021/1006/2021100600007.pdf
2252,Artisan China Post-Venture Master Fund LP,Named in cornerstone filing context,273,https://www1.hkexnews.hk/listedco/listconews/sehk/2021/1021/2021102100011.pdf
2252,Aspex Master Fund,Named in cornerstone filing context,272,https://www1.hkexnews.hk/listedco/listconews/sehk/2021/1021/2021102100011.pdf
2252,CloudAlpha Master Fund,Named in cornerstone filing context,273,https://www1.hkexnews.hk/listedco/listconews/sehk/2021/1021/2021102100011.pdf
2252,Hillhouse Funds,Named in cornerstone filing context,9,https://www1.hkexnews.hk/listedco/listconews/sehk/2021/1101/9991945/2021110100014.pdf
2252,"LAV Fund VI, L.P",Named in cornerstone filing context,272,https://www1.hkexnews.hk/listedco/listconews/sehk/2021/1021/2021102100011.pdf
2252,Snow Lake Funds and Accounts,Named in cornerstone filing context,9,https://www1.hkexnews.hk/listedco/listconews/sehk/2021/1101/9991945/2021110100014.pdf
2252,Yorkool International Limited,Named in cornerstone filing context,273,https://www1.hkexnews.hk/listedco/listconews/sehk/2021/1021/2021102100011.pdf
2251,CloudAlpha Master Fund,Named in cornerstone filing context,4,https://www1.hkexnews.hk/listedco/listconews/sehk/2021/1026/9985006/2021102600034.pdf
2251,"GF Fund Management Co., Ltd",Named in cornerstone filing context,4,https://www1.hkexnews.hk/listedco/listconews/sehk/2021/1026/9985006/2021102600034.pdf
2251,IvyRock Asset Management (HK) Limited,Named in cornerstone filing context,4,https://www1.hkexnews.hk/listedco/listconews/sehk/2021/1026/9985006/2021102600034.pdf
2251,Lake Bleu Prime Healthcare Master Fund Limited,Named in cornerstone filing context,5,https://www1.hkexnews.hk/listedco/listconews/sehk/2021/1026/9985006/2021102600034.pdf
2251,LAV Star Opportunities Limited,Named in cornerstone filing context,5,https://www1.hkexnews.hk/listedco/listconews/sehk/2021/1026/9985006/2021102600034.pdf
2251,LMR Master Fund Limited,Named in cornerstone filing context,6,https://www1.hkexnews.hk/listedco/listconews/sehk/2021/1026/9985006/2021102600034.pdf
2251,"OrbiMed Genesis Master Fund, L.P",Named in cornerstone filing context,6,https://www1.hkexnews.hk/listedco/listconews/sehk/2021/1026/9985006/2021102600034.pdf
2251,"OrbiMed New Horizons Master Fund, L.P",Named in cornerstone filing context,6,https://www1.hkexnews.hk/listedco/listconews/sehk/2021/1026/9985006/2021102600034.pdf
2251,WT Asset Management Limited,Named in cornerstone filing context,6,https://www1.hkexnews.hk/listedco/listconews/sehk/2021/1026/9985006/2021102600034.pdf
2197,Athos Capital Limited,Named in cornerstone filing context,418,https://www1.hkexnews.hk/listedco/listconews/sehk/2021/1025/2021102500007.pdf
2197,"HHLR Fund, L.P.",Named in cornerstone filing context,2,https://www1.hkexnews.hk/listedco/listconews/sehk/2021/1104/9999926/2021110400038.pdf
2197,"YHG Investment, L.P",Named in cornerstone filing context,2,https://www1.hkexnews.hk/listedco/listconews/sehk/2021/1104/9999926/2021110400038.pdf
2197,Oceanpine Capital Management Limited,Named in cornerstone filing context,2,https://www1.hkexnews.hk/listedco/listconews/sehk/2021/1104/9999926/2021110400038.pdf
2197,OrbiMed Funds,Named in cornerstone filing context,2,https://www1.hkexnews.hk/listedco/listconews/sehk/2021/1104/9999926/2021110400038.pdf
2197,Rock Springs Capital Master Fund LP,Named in cornerstone filing context,418,https://www1.hkexnews.hk/listedco/listconews/sehk/2021/1025/2021102500007.pdf
2197,Springhill Master Fund Limited,Named in cornerstone filing context,418,https://www1.hkexnews.hk/listedco/listconews/sehk/2021/1025/2021102500007.pdf
2197,Superstring Capital Master Fund LP,Named in cornerstone filing context,419,https://www1.hkexnews.hk/listedco/listconews/sehk/2021/1025/2021102500007.pdf
2197,Toroa Master Fund,Named in cornerstone filing context,419,https://www1.hkexnews.hk/listedco/listconews/sehk/2021/1025/2021102500007.pdf
1948,BYTEDANCE (HK) LIMITED,Named in cornerstone filing context,2,https://www1.hkexnews.hk/listedco/listconews/sehk/2021/1105/10002082/2021110500014.pdf
1948,Green Better Limited,Named in cornerstone filing context,2,https://www1.hkexnews.hk/listedco/listconews/sehk/2021/1105/10002082/2021110500014.pdf
2210,Glodon (Hongkong) Software Limited,Named in cornerstone filing context,3,https://www1.hkexnews.hk/listedco/listconews/sehk/2021/1109/10005464/2021110900032.pdf
2210,Keltic Investment (HK) Limited,Named in cornerstone filing context,3,https://www1.hkexnews.hk/listedco/listconews/sehk/2021/1109/10005464/2021110900032.pdf
9899,"NetEase, Inc",Named in cornerstone filing context,281,https://www1.hkexnews.hk/listedco/listconews/sehk/2021/1123/2021112300032.pdf
9899,Orbis Investment Management Limited,Named in cornerstone filing context,282,https://www1.hkexnews.hk/listedco/listconews/sehk/2021/1123/2021112300032.pdf
9899,Sony Music Entertainment,Named in cornerstone filing context,281,https://www1.hkexnews.hk/listedco/listconews/sehk/2021/1123/2021112300032.pdf
1228,Belinda A. Termeer,Named in cornerstone filing context,2,https://www1.hkexnews.hk/listedco/listconews/sehk/2021/1209/10045667/2021120900012.pdf
1228,General Atlantic Singapore CP Pte. Ltd,Named in cornerstone filing context,407,https://www1.hkexnews.hk/listedco/listconews/sehk/2021/1130/2021113000013.pdf
1228,Hongkong Ruihua Investment Management Limited,Named in cornerstone filing context,407,https://www1.hkexnews.hk/listedco/listconews/sehk/2021/1130/2021113000013.pdf
1228,Hudson Bay Master Fund Ltd,Named in cornerstone filing context,3,https://www1.hkexnews.hk/listedco/listconews/sehk/2021/1209/10045667/2021120900012.pdf
1228,Janus Investors,Named in cornerstone filing context,2,https://www1.hkexnews.hk/listedco/listconews/sehk/2021/1209/10045667/2021120900012.pdf
1228,"RA Capital Healthcare Fund, L.P",Named in cornerstone filing context,406,https://www1.hkexnews.hk/listedco/listconews/sehk/2021/1130/2021113000013.pdf
1228,WuXi Biologics HealthCare Venture,Named in cornerstone filing context,407,https://www1.hkexnews.hk/listedco/listconews/sehk/2021/1130/2021113000013.pdf
2273,Boyu Capital Opportunities Master Fund,Named in cornerstone filing context,428,https://www1.hkexnews.hk/listedco/listconews/sehk/2021/1130/2021113000025.pdf
2273,Foresight Funds,Named in cornerstone filing context,9,https://www1.hkexnews.hk/listedco/listconews/sehk/2021/1209/10045687/2021120900042.pdf
2273,Sage Partners Master Fund,Named in cornerstone filing context,429,https://www1.hkexnews.hk/listedco/listconews/sehk/2021/1130/2021113000025.pdf
2273,UBS Asset Management (Singapore) Ltd,Named in cornerstone filing context,429,https://www1.hkexnews.hk/listedco/listconews/sehk/2021/1130/2021113000025.pdf
2279,Athos Capital Limited,Named in cornerstone filing context,10,https://www1.hkexnews.hk/listedco/listconews/sehk/2021/1210/10047595/2021121000064.pdf
2279,Enreal and Forreal Funds,Named in cornerstone filing context,341,https://www1.hkexnews.hk/listedco/listconews/sehk/2021/1201/2021120100031.pdf
2279,Hudson Bay Master Fund Ltd,Named in cornerstone filing context,10,https://www1.hkexnews.hk/listedco/listconews/sehk/2021/1210/10047595/2021121000064.pdf
2279,IvyRock Asset Management (HK) Limited,Named in cornerstone filing context,10,https://www1.hkexnews.hk/listedco/listconews/sehk/2021/1210/10047595/2021121000064.pdf
2279,Lake Bleu Prime Healthcare Master Fund Limited,Named in cornerstone filing context,10,https://www1.hkexnews.hk/listedco/listconews/sehk/2021/1210/10047595/2021121000064.pdf
2279,LAV Star Funds,Named in cornerstone filing context,341,https://www1.hkexnews.hk/listedco/listconews/sehk/2021/1201/2021120100031.pdf
2279,NCC China A-Share Master Fund,Named in cornerstone filing context,10,https://www1.hkexnews.hk/listedco/listconews/sehk/2021/1210/10047595/2021121000064.pdf
2279,WT Asset Management Limited,Named in cornerstone filing context,10,https://www1.hkexnews.hk/listedco/listconews/sehk/2021/1210/10047595/2021121000064.pdf
2279,Yi Fang Da Hadar Investment Limited,Named in cornerstone filing context,10,https://www1.hkexnews.hk/listedco/listconews/sehk/2021/1210/10047595/2021121000064.pdf
2279,"York Asian Opportunities Investments Master Fund, LP",Named in cornerstone filing context,10,https://www1.hkexnews.hk/listedco/listconews/sehk/2021/1210/10047595/2021121000064.pdf
9699,Hello Inc,Legal name / investor-group alias needs manual confirmation,,
9699,Taobao China Holding Limited,Named in cornerstone filing context,9,https://www1.hkexnews.hk/listedco/listconews/sehk/2021/1213/10049174/2021121300012.pdf
6633,ABCI China Dynamic Growth SP,Named in cornerstone filing context,2,https://www1.hkexnews.hk/listedco/listconews/sehk/2021/1215/10051699/2021121500034.pdf
6633,Boyu Capital Opportunities Master Fund,Named in cornerstone filing context,327,https://www1.hkexnews.hk/listedco/listconews/sehk/2021/1206/2021120600013.pdf
6633,GF Global Capital Limited,Named in cornerstone filing context,2,https://www1.hkexnews.hk/listedco/listconews/sehk/2021/1215/10051699/2021121500034.pdf
6633,Harvest Alternative Investment Opportunities Fund SP3,Named in cornerstone filing context,2,https://www1.hkexnews.hk/listedco/listconews/sehk/2021/1215/10051699/2021121500034.pdf
6633,I-China Holdings Limited,Named in cornerstone filing context,2,https://www1.hkexnews.hk/listedco/listconews/sehk/2021/1215/10051699/2021121500034.pdf
6633,Qookka Entertainment Limited,Legal name / investor-group alias needs manual confirmation,,
2285,3W Fund Management Limited,Named in cornerstone filing context,321,https://www1.hkexnews.hk/listedco/listconews/sehk/2021/1217/2021121700005.pdf
2285,Dragon Billion China Master Fund,Named in cornerstone filing context,321,https://www1.hkexnews.hk/listedco/listconews/sehk/2021/1217/2021121700005.pdf
2285,Greenwoods Asset Management Hong Kong Limited,Named in cornerstone filing context,321,https://www1.hkexnews.hk/listedco/listconews/sehk/2021/1217/2021121700005.pdf
2285,IvyRock Asset Management (HK) Limited,Named in cornerstone filing context,321,https://www1.hkexnews.hk/listedco/listconews/sehk/2021/1217/2021121700005.pdf
2285,Luo Jinhong,Named in cornerstone filing context,322,https://www1.hkexnews.hk/listedco/listconews/sehk/2021/1217/2021121700005.pdf
2285,Value Partners Hong Kong Limited,Named in cornerstone filing context,320,https://www1.hkexnews.hk/listedco/listconews/sehk/2021/1217/2021121700005.pdf
2257,Kunming Jiashiqing Investment Partnership (Limited Partnership),Named in cornerstone filing context,4,https://www1.hkexnews.hk/listedco/listconews/sehk/2021/1220/10057150/2021122000038.pdf
2257,"Zhejiang Innoforce Pharmaceuticals Co., Ltd",Named in cornerstone filing context,4,https://www1.hkexnews.hk/listedco/listconews/sehk/2021/1220/10057150/2021122000038.pdf
0020,C-MER Eye Care Holdings Limited,Named in cornerstone filing context,34,https://www1.hkexnews.hk/listedco/listconews/sehk/2021/1220/2021122000009.pdf
0020,Guosheng Overseas Holdings (Hong Kong) Limited,Named in cornerstone filing context,32,https://www1.hkexnews.hk/listedco/listconews/sehk/2021/1220/2021122000009.pdf
0020,Guotai Junan Investments (Hong Kong) Limited,Named in cornerstone filing context,33,https://www1.hkexnews.hk/listedco/listconews/sehk/2021/1220/2021122000009.pdf
0020,HKSTP Venture Fund,Named in cornerstone filing context,9,https://www1.hkexnews.hk/listedco/listconews/sehk/2021/1229/10065867/2021122900060.pdf
0020,SAIC Motor HK Investment Limited,Named in cornerstone filing context,32,https://www1.hkexnews.hk/listedco/listconews/sehk/2021/1220/2021122000009.pdf
0020,Shanghai Artificial Intelligence Industry Equity Investment Fund Partnership,Named in cornerstone filing context,32,https://www1.hkexnews.hk/listedco/listconews/sehk/2021/1220/2021122000009.pdf
0020,"Shanghai Xuhui Capital Investment Co., Ltd",Named in cornerstone filing context,31,https://www1.hkexnews.hk/listedco/listconews/sehk/2021/1220/2021122000009.pdf
0020,Taizhou Culture & Tourism Development Group Ltd,Named in cornerstone filing context,34,https://www1.hkexnews.hk/listedco/listconews/sehk/2021/1220/2021122000009.pdf
0020,"The China State-owned Enterprise Mixed Ownership Reform Fund Co., Ltd",Named in cornerstone filing context,31,https://www1.hkexnews.hk/listedco/listconews/sehk/2021/1220/2021122000009.pdf
2260,Chen Xiong,Named in cornerstone filing context,4,https://www1.hkexnews.hk/listedco/listconews/sehk/2022/0110/10084589/2022011000036.pdf
2260,Gong Chaohui,Named in cornerstone filing context,4,https://www1.hkexnews.hk/listedco/listconews/sehk/2022/0110/10084589/2022011000036.pdf
6680,CITIC-Prudential Life Insurance Company Limited,Named in cornerstone filing context,290,https://www1.hkexnews.hk/listedco/listconews/sehk/2021/1231/2021123100023.pdf
6680,CR Alpha Investment II Limited,Named in cornerstone filing context,289,https://www1.hkexnews.hk/listedco/listconews/sehk/2021/1231/2021123100023.pdf
6680,"SINO-BLR Industrial Investment Fund, L.P",Named in cornerstone filing context,290,https://www1.hkexnews.hk/listedco/listconews/sehk/2021/1231/2021123100023.pdf
6680,"The China State-owned Enterprise Mixed Ownership Reform Fund Co., Ltd",Named in cornerstone filing context,289,https://www1.hkexnews.hk/listedco/listconews/sehk/2021/1231/2021123100023.pdf
2121,Laurion Capital Master Fund Ltd,Named in cornerstone filing context,256,https://www1.hkexnews.hk/listedco/listconews/sehk/2022/0117/2022011700007.pdf
2121,SVF II Zeal,Named in cornerstone filing context,2,https://www1.hkexnews.hk/listedco/listconews/sehk/2022/0126/10101395/2022012600014.pdf
9878,Golden Feather Corporation,Named in cornerstone filing context,340,https://www1.hkexnews.hk/listedco/listconews/sehk/2022/0131/2022013100005.pdf
9878,Greenwoods Asset Management Hong Kong Limited,Named in cornerstone filing context,342,https://www1.hkexnews.hk/listedco/listconews/sehk/2022/0131/2022013100005.pdf
9878,"Heilan Group Co., Limited",Named in cornerstone filing context,340,https://www1.hkexnews.hk/listedco/listconews/sehk/2022/0131/2022013100005.pdf
9878,SensePower Management Limited,Named in cornerstone filing context,342,https://www1.hkexnews.hk/listedco/listconews/sehk/2022/0131/2022013100005.pdf
9878,Skyworth Overseas Investment Holdings Limited,Named in cornerstone filing context,340,https://www1.hkexnews.hk/listedco/listconews/sehk/2022/0131/2022013100005.pdf
9878,Windfall T&L SPC,Named in cornerstone filing context,340,https://www1.hkexnews.hk/listedco/listconews/sehk/2022/0131/2022013100005.pdf
2157,King Star,Legal name / investor-group alias needs manual confirmation,,
2157,Vivo Capital,Named in cornerstone filing context,2,https://www1.hkexnews.hk/listedco/listconews/sehk/2022/0222/10126755/2022022200014.pdf
6639,"Abax Asian Structured Private Credit Fund III, LP",Named in cornerstone filing context,10,https://www1.hkexnews.hk/listedco/listconews/sehk/2022/0321/10163606/2022032100096.pdf
6639,Harvest International Premium Value (Secondary Market) Fund SPC,Named in cornerstone filing context,10,https://www1.hkexnews.hk/listedco/listconews/sehk/2022/0321/10163606/2022032100096.pdf
6639,Hudson Bay Master Fund Ltd,Named in cornerstone filing context,10,https://www1.hkexnews.hk/listedco/listconews/sehk/2022/0321/10163606/2022032100096.pdf
6639,"OrbiMed Genesis Master Fund, L.P",Named in cornerstone filing context,10,https://www1.hkexnews.hk/listedco/listconews/sehk/2022/0321/10163606/2022032100096.pdf
6639,Top Vast (Hong Kong) Limited,Named in cornerstone filing context,10,https://www1.hkexnews.hk/listedco/listconews/sehk/2022/0321/10163606/2022032100096.pdf
9638,"Hainan Financial Holdings Co., Ltd",Named in cornerstone filing context,359,https://www1.hkexnews.hk/listedco/listconews/sehk/2022/0322/2022032200013.pdf
9638,"Hainan Free Trade Port Construction Investment Fund Co., Ltd",Named in cornerstone filing context,358,https://www1.hkexnews.hk/listedco/listconews/sehk/2022/0322/2022032200013.pdf
9638,"Qingdao Haifa Holding Development Co., Ltd",Named in cornerstone filing context,360,https://www1.hkexnews.hk/listedco/listconews/sehk/2022/0322/2022032200013.pdf
9638,"Sanya Development Holdings Co., Ltd",Named in cornerstone filing context,359,https://www1.hkexnews.hk/listedco/listconews/sehk/2022/0322/2022032200013.pdf
9638,Sunshine Life Insurance Corporation Limited,Named in cornerstone filing context,360,https://www1.hkexnews.hk/listedco/listconews/sehk/2022/0322/2022032200013.pdf
2179,Harvest High Yield SP,Named in cornerstone filing context,10,https://www1.hkexnews.hk/listedco/listconews/sehk/2022/0330/10180540/2022033000088.pdf
2179,SCC Growth VI Holdco C (HK) Limited,Named in cornerstone filing context,2,https://www1.hkexnews.hk/listedco/listconews/sehk/2022/0330/10180540/2022033000088.pdf
2179,SCHP Master Fund,Named in cornerstone filing context,2,https://www1.hkexnews.hk/listedco/listconews/sehk/2022/0330/10180540/2022033000088.pdf
2179,Yangtze River (Hong Kong) Limited,Named in cornerstone filing context,10,https://www1.hkexnews.hk/listedco/listconews/sehk/2022/0330/10180540/2022033000088.pdf
2325,Harvest International Premium Value (Secondary Market) Fund SPC,Named in cornerstone filing context,15,https://www1.hkexnews.hk/listedco/listconews/sehk/2022/0517/10262597/2022051700034.pdf
2325,YHLO (Hong Kong) Limited,Named in cornerstone filing context,15,https://www1.hkexnews.hk/listedco/listconews/sehk/2022/0517/10262597/2022051700034.pdf
6667,"Maccura Biotechnology Co., Ltd",Legal name / investor-group alias needs manual confirmation,,
6667,"Nanchang Financial Holdings Co., Ltd",Named in cornerstone filing context,506,https://www1.hkexnews.hk/listedco/listconews/sehk/2022/0610/2022061000015.pdf
6667,Nanchang Industrial Park Equity Investment Partnership (Limited Partnership),Named in cornerstone filing context,506,https://www1.hkexnews.hk/listedco/listconews/sehk/2022/0610/2022061000015.pdf
2246,Chery Commercial Vehicle (Anhui) Company Limited,Named in cornerstone filing context,377,https://www1.hkexnews.hk/listedco/listconews/sehk/2022/0614/2022061400009.pdf
2246,GF Global Capital Limited,Named in cornerstone filing context,378,https://www1.hkexnews.hk/listedco/listconews/sehk/2022/0614/2022061400009.pdf
2167,"Agora, Inc",Legal name / investor-group alias needs manual confirmation,,
2167,Platinum Investment Management Limited,Named in cornerstone filing context,10,https://www1.hkexnews.hk/listedco/listconews/sehk/2022/0629/10319899/2022062900094.pdf
9955,Harvest International Premium Value (Secondary Market) Fund SPC,Named in cornerstone filing context,2,https://www1.hkexnews.hk/listedco/listconews/sehk/2022/0705/10330833/2022070500014.pdf
9955,Sanofi Foreign Participations B.V,Named in cornerstone filing context,2,https://www1.hkexnews.hk/listedco/listconews/sehk/2022/0705/10330833/2022070500014.pdf
9955,Tasly International Capital Limited,Named in cornerstone filing context,2,https://www1.hkexnews.hk/listedco/listconews/sehk/2022/0705/10330833/2022070500014.pdf
9955,Yangtze River (Hong Kong) Limited,Named in cornerstone filing context,2,https://www1.hkexnews.hk/listedco/listconews/sehk/2022/0705/10330833/2022070500014.pdf
2392,Colorful Cloud,Named in cornerstone filing context,11,https://www1.hkexnews.hk/listedco/listconews/sehk/2022/0707/10334867/2022070700034.pdf
2361,Baheal Wellness Limited,Named in cornerstone filing context,11,https://www1.hkexnews.hk/listedco/listconews/sehk/2022/0711/10337963/2022071100012.pdf
2361,Kangshi No.1 LP,Named in cornerstone filing context,3,https://www1.hkexnews.hk/listedco/listconews/sehk/2022/0711/10337963/2022071100012.pdf
2361,Luns Family Holdings Limited,Named in cornerstone filing context,423,https://www1.hkexnews.hk/listedco/listconews/sehk/2022/0628/2022062800038.pdf
2361,Zheng Jingjie,Named in cornerstone filing context,424,https://www1.hkexnews.hk/listedco/listconews/sehk/2022/0628/2022062800038.pdf
2385,Azure Telecommunication,Named in cornerstone filing context,2,https://www1.hkexnews.hk/listedco/listconews/sehk/2022/0711/10337967/2022071100026.pdf
2385,Eastland,Legal name / investor-group alias needs manual confirmation,,
2385,Gold Synergy,Named in cornerstone filing context,2,https://www1.hkexnews.hk/listedco/listconews/sehk/2022/0711/10337967/2022071100026.pdf
2385,Gui Chunfang,Named in cornerstone filing context,455,https://www1.hkexnews.hk/listedco/listconews/sehk/2022/0629/2022062900037.pdf
2385,Jin Tao,Legal name / investor-group alias needs manual confirmation,,
2385,Tower Lead,Named in cornerstone filing context,2,https://www1.hkexnews.hk/listedco/listconews/sehk/2022/0711/10337967/2022071100026.pdf
2385,Yang Xiaojie,Named in cornerstone filing context,455,https://www1.hkexnews.hk/listedco/listconews/sehk/2022/0629/2022062900037.pdf
2385,Zheng Changping,Named in cornerstone filing context,455,https://www1.hkexnews.hk/listedco/listconews/sehk/2022/0629/2022062900037.pdf
6661,"Huzhou Erqing Asset Operation Co., Ltd",Named in cornerstone filing context,10,https://www1.hkexnews.hk/listedco/listconews/sehk/2022/0712/10339839/2022071200044.pdf
6661,"Zhejiang Caixu Equity Investment Co., Ltd",Named in cornerstone filing context,10,https://www1.hkexnews.hk/listedco/listconews/sehk/2022/0712/10339839/2022071200044.pdf
6661,"Zhejiang Jiening Equity Investment Co., Ltd",Named in cornerstone filing context,10,https://www1.hkexnews.hk/listedco/listconews/sehk/2022/0712/10339839/2022071200044.pdf
6661,"Zhejiang Lichen Equity Investment Co., Ltd",Named in cornerstone filing context,10,https://www1.hkexnews.hk/listedco/listconews/sehk/2022/0712/10339839/2022071200044.pdf
9696,"CALB Co., Ltd",Named in cornerstone filing context,10,https://www1.hkexnews.hk/listedco/listconews/sehk/2022/0712/10339849/2022071200064.pdf
9696,CPIC Investment Management (H.K.) Company Limited,Named in cornerstone filing context,2,https://www1.hkexnews.hk/listedco/listconews/sehk/2022/0712/10339849/2022071200064.pdf
9696,Gold Mountains (H.K.) International Mining Company Limited,Named in cornerstone filing context,10,https://www1.hkexnews.hk/listedco/listconews/sehk/2022/0712/10339849/2022071200064.pdf
9696,"LG Chem, Ltd",Named in cornerstone filing context,10,https://www1.hkexnews.hk/listedco/listconews/sehk/2022/0712/10339849/2022071200064.pdf
9696,"Pacific Asset Management Co., Limited",Named in cornerstone filing context,2,https://www1.hkexnews.hk/listedco/listconews/sehk/2022/0712/10339849/2022071200064.pdf
9696,Shenzhen Dynanonic Company Limited,Named in cornerstone filing context,10,https://www1.hkexnews.hk/listedco/listconews/sehk/2022/0712/10339849/2022071200064.pdf
9696,Sichuan Energy Investment (Hong Kong) Holdings Limited,Named in cornerstone filing context,10,https://www1.hkexnews.hk/listedco/listconews/sehk/2022/0712/10339849/2022071200064.pdf
2418,"Shaanxi Tide Automobile Air Conditioning Co., Ltd",Named in cornerstone filing context,416,https://www1.hkexnews.hk/listedco/listconews/sehk/2022/0630/2022063000037.pdf
2418,Streamax Electronics Limited,Named in cornerstone filing context,416,https://www1.hkexnews.hk/listedco/listconews/sehk/2022/0630/2022063000037.pdf
2418,"Xian Yuanda Electronic Equipment Co., Ltd",Named in cornerstone filing context,416,https://www1.hkexnews.hk/listedco/listconews/sehk/2022/0630/2022063000037.pdf
1204,Ung Choi Kun,Named in cornerstone filing context,12,https://www1.hkexnews.hk/listedco/listconews/sehk/2022/0714/10342456/2022071400028.pdf
2172,Harvest,Legal name / investor-group alias needs manual confirmation,,
2172,"Xinhuanet Co., Ltd",Named in cornerstone filing context,10,https://www1.hkexnews.hk/listedco/listconews/sehk/2022/0714/10342480/2022071400062.pdf
9857,Harvest International Premium Value (Secondary Market) Fund SPC,Named in cornerstone filing context,411,https://www1.hkexnews.hk/listedco/listconews/sehk/2022/0729/2022072900015.pdf
9857,"Heilan Group Co., Limited",Named in cornerstone filing context,412,https://www1.hkexnews.hk/listedco/listconews/sehk/2022/0729/2022072900015.pdf
2321,Dato Sri Ng Chong Keong,Named in cornerstone filing context,9,https://www1.hkexnews.hk/listedco/listconews/sehk/2022/0818/10390154/2022081800020.pdf
2321,Dato Sri Pek Kok Sam,Named in cornerstone filing context,9,https://www1.hkexnews.hk/listedco/listconews/sehk/2022/0818/10390154/2022081800020.pdf
2321,Huihuang Resources Limited,Named in cornerstone filing context,9,https://www1.hkexnews.hk/listedco/listconews/sehk/2022/0818/10390154/2022081800020.pdf
2321,Mr. Tee Kian Heng,Named in cornerstone filing context,9,https://www1.hkexnews.hk/listedco/listconews/sehk/2022/0818/10390154/2022081800020.pdf
2152,Chiyu International Capital Limited,Named in cornerstone filing context,10,https://www1.hkexnews.hk/listedco/listconews/sehk/2022/0823/10395645/2022082300020.pdf
2152,Suzhou Guanglin Construction Company Limited,Named in cornerstone filing context,10,https://www1.hkexnews.hk/listedco/listconews/sehk/2022/0823/10395645/2022082300020.pdf
2152,Suzhou Qianmo Village Development Construction Tourism Company Limited,Named in cornerstone filing context,10,https://www1.hkexnews.hk/listedco/listconews/sehk/2022/0823/10395645/2022082300020.pdf
1880,AMOREPACIFIC Group,Named in cornerstone filing context,9,https://www1.hkexnews.hk/listedco/listconews/sehk/2022/0824/10396891/2022082400026.pdf
1880,"China State-Owned Enterprise Mixed Ownership Reform Fund Co., Ltd",Named in cornerstone filing context,9,https://www1.hkexnews.hk/listedco/listconews/sehk/2022/0824/10396891/2022082400026.pdf
1880,China Structural Reform Fund Corporation Limited,Named in cornerstone filing context,9,https://www1.hkexnews.hk/listedco/listconews/sehk/2022/0824/10396891/2022082400026.pdf
1880,"COSCO Shipping (Hong Kong) Co., Limited",Named in cornerstone filing context,9,https://www1.hkexnews.hk/listedco/listconews/sehk/2022/0824/10396891/2022082400026.pdf
1880,"Hainan Free Trade Port Construction Investment Fund Co., Ltd",Named in cornerstone filing context,9,https://www1.hkexnews.hk/listedco/listconews/sehk/2022/0824/10396891/2022082400026.pdf
1880,"Luzhou Laojiao Co., Ltd",Named in cornerstone filing context,9,https://www1.hkexnews.hk/listedco/listconews/sehk/2022/0824/10396891/2022082400026.pdf
1880,Rongshi International Holding Company Limited,Named in cornerstone filing context,9,https://www1.hkexnews.hk/listedco/listconews/sehk/2022/0824/10396891/2022082400026.pdf
1880,Shanghai Airport Investment Corporation Limited,Named in cornerstone filing context,9,https://www1.hkexnews.hk/listedco/listconews/sehk/2022/0824/10396891/2022082400026.pdf
1880,The Oaktree Funds,Named in cornerstone filing context,2,https://www1.hkexnews.hk/listedco/listconews/sehk/2022/0824/10396891/2022082400026.pdf
2315,Beijing Xingxing Equity Investment Partnership (Limited Partnership),Named in cornerstone filing context,12,https://www1.hkexnews.hk/listedco/listconews/sehk/2022/0831/10408639/2022083100062.pdf
2315,QuantumPharm Limited,Legal name / investor-group alias needs manual confirmation,,
2315,"RemeGen Co., Ltd",Legal name / investor-group alias needs manual confirmation,,
2315,"Sanjin International CO., LTD",Named in cornerstone filing context,12,https://www1.hkexnews.hk/listedco/listconews/sehk/2022/0831/10408639/2022083100062.pdf
2315,"VEKEN (HONGKONG) ECONOMIC AND TRADE CO., LIMITED",Named in cornerstone filing context,2,https://www1.hkexnews.hk/listedco/listconews/sehk/2022/0831/10408639/2022083100062.pdf
9886,Harvest International Premium Value (Secondary Market) Fund SPC,Named in cornerstone filing context,352,https://www1.hkexnews.hk/listedco/listconews/sehk/2022/0901/2022090100013.pdf
9886,"Jumpcan International Co., Ltd",Named in cornerstone filing context,352,https://www1.hkexnews.hk/listedco/listconews/sehk/2022/0901/2022090100013.pdf
9886,Sunshine Life Insurance Corporation Limited,Legal name / investor-group alias needs manual confirmation,,
2350,ATNT Group Management Limited,Named in cornerstone filing context,8,https://www1.hkexnews.hk/listedco/listconews/sehk/2022/0923/10440975/2022092300214.pdf
2350,EC InfoTech Limited,Named in cornerstone filing context,8,https://www1.hkexnews.hk/listedco/listconews/sehk/2022/0923/10440975/2022092300214.pdf
2350,Mr. Cheng Wan Wai,Named in cornerstone filing context,8,https://www1.hkexnews.hk/listedco/listconews/sehk/2022/0923/10440975/2022092300214.pdf
2350,Mr. Hung Kwong Yee,Named in cornerstone filing context,8,https://www1.hkexnews.hk/listedco/listconews/sehk/2022/0923/10440975/2022092300214.pdf
2350,"Wong Cheuk Tim, Timothy",Named in cornerstone filing context,8,https://www1.hkexnews.hk/listedco/listconews/sehk/2022/0923/10440975/2022092300214.pdf
9863,"GF Fund Management Co., Ltd",Named in cornerstone filing context,348,https://www1.hkexnews.hk/listedco/listconews/sehk/2022/0920/2022092000023.pdf
9863,"Jinhua Industrial Fund Co., Ltd",Named in cornerstone filing context,346,https://www1.hkexnews.hk/listedco/listconews/sehk/2022/0920/2022092000023.pdf
9863,Jinhua Jinkai Industrial Leading Investment Partnership (Limited Partnership),Named in cornerstone filing context,347,https://www1.hkexnews.hk/listedco/listconews/sehk/2022/0920/2022092000023.pdf
9863,Kwok Tai East International Group Limited,Named in cornerstone filing context,348,https://www1.hkexnews.hk/listedco/listconews/sehk/2022/0920/2022092000023.pdf
9863,Zhejiang Industrial Fund,Named in cornerstone filing context,3,https://www1.hkexnews.hk/listedco/listconews/sehk/2022/0928/10445565/2022092800022.pdf
2602,Athos Asia Event Driven Master Fund,Named in cornerstone filing context,10,https://www1.hkexnews.hk/listedco/listconews/sehk/2022/0928/10445577/2022092800044.pdf
2602,Cephei QFII China Total Return Fund Ltd,Named in cornerstone filing context,10,https://www1.hkexnews.hk/listedco/listconews/sehk/2022/0928/10445577/2022092800044.pdf
2602,China Chengtong Investment Company Limited,Named in cornerstone filing context,10,https://www1.hkexnews.hk/listedco/listconews/sehk/2022/0928/10445577/2022092800044.pdf
2602,"HHLR Fund, L.P.",Named in cornerstone filing context,10,https://www1.hkexnews.hk/listedco/listconews/sehk/2022/0928/10445577/2022092800044.pdf
2602,"YHG Investment, L.P",Named in cornerstone filing context,10,https://www1.hkexnews.hk/listedco/listconews/sehk/2022/0928/10445577/2022092800044.pdf
2602,"The China State-owned Enterprise Mixed Ownership Reform Fund Co., Ltd",Named in cornerstone filing context,10,https://www1.hkexnews.hk/listedco/listconews/sehk/2022/0928/10445577/2022092800044.pdf
2602,UBS Asset Management (Singapore) Ltd,Named in cornerstone filing context,10,https://www1.hkexnews.hk/listedco/listconews/sehk/2022/0928/10445577/2022092800044.pdf
3931,"Changzhou Jingce New Energy Tech Co., Ltd",Named in cornerstone filing context,10,https://www1.hkexnews.hk/listedco/listconews/sehk/2022/1005/10457761/2022100500030.pdf
3931,"CNGR Hong Kong Material Science & Technology Co., Limited",Named in cornerstone filing context,9,https://www1.hkexnews.hk/listedco/listconews/sehk/2022/1005/10457761/2022100500030.pdf
3931,"Hans Laser Technology Co., Limited",Named in cornerstone filing context,2,https://www1.hkexnews.hk/listedco/listconews/sehk/2022/1005/10457761/2022100500030.pdf
3931,Hefei Beicheng Construction Investment (Group) Company Limited,Named in cornerstone filing context,431,https://www1.hkexnews.hk/listedco/listconews/sehk/2022/0923/2022092300035.pdf
3931,Jiangmen New Energy,Named in cornerstone filing context,2,https://www1.hkexnews.hk/listedco/listconews/sehk/2022/1005/10457761/2022100500030.pdf
3931,"Jiangsu Pure Precision Technology Co., Ltd",Named in cornerstone filing context,10,https://www1.hkexnews.hk/listedco/listconews/sehk/2022/1005/10457761/2022100500030.pdf
3931,Lv Lizhi,Legal name / investor-group alias needs manual confirmation,,
3931,"Tianqi Lithium HK Co., Limited",Named in cornerstone filing context,9,https://www1.hkexnews.hk/listedco/listconews/sehk/2022/1005/10457761/2022100500030.pdf
3931,"Tibet Nord Technology Co., Ltd",Named in cornerstone filing context,10,https://www1.hkexnews.hk/listedco/listconews/sehk/2022/1005/10457761/2022100500030.pdf
3931,TMA International PTE. LTD,Named in cornerstone filing context,10,https://www1.hkexnews.hk/listedco/listconews/sehk/2022/1005/10457761/2022100500030.pdf
3931,Wang Sing International Resources Limited,Named in cornerstone filing context,9,https://www1.hkexnews.hk/listedco/listconews/sehk/2022/1005/10457761/2022100500030.pdf
3931,XING FA (HONG KONG) IMP.&EXP. LIMITED,Named in cornerstone filing context,10,https://www1.hkexnews.hk/listedco/listconews/sehk/2022/1005/10457761/2022100500030.pdf
3931,XPeng Inc,Legal name / investor-group alias needs manual confirmation,,
3931,"Zhenshi Group (HK) Heshi Composite Materials Co., Limited",Named in cornerstone filing context,10,https://www1.hkexnews.hk/listedco/listconews/sehk/2022/1005/10457761/2022100500030.pdf
9877,LifeTech Scientific Corporation,Named in cornerstone filing context,13,https://www1.hkexnews.hk/listedco/listconews/sehk/2022/1007/10461466/2022100700015.pdf
1489,Chu Kin Lan,Named in cornerstone filing context,3,https://www1.hkexnews.hk/listedco/listconews/sehk/2022/1007/10461506/2022100700044.pdf
1489,Infinitus Wealth Limited,Named in cornerstone filing context,3,https://www1.hkexnews.hk/listedco/listconews/sehk/2022/1007/10461506/2022100700044.pdf
2422,Fighton Asia Master Fund Limited,Named in cornerstone filing context,472,https://www1.hkexnews.hk/listedco/listconews/sehk/2022/0930/2022093000075.pdf
6610,"Anji Guorong Construction Co., Ltd",Named in cornerstone filing context,13,https://www1.hkexnews.hk/listedco/listconews/sehk/2022/1017/10470187/2022101700014.pdf
6610,"Anji Qicai Lingfeng Rural Tourism Investment Co., Ltd",Named in cornerstone filing context,13,https://www1.hkexnews.hk/listedco/listconews/sehk/2022/1017/10470187/2022101700014.pdf
6610,SensePower Management Limited,Named in cornerstone filing context,13,https://www1.hkexnews.hk/listedco/listconews/sehk/2022/1017/10470187/2022101700014.pdf
6610,TradeGo FinTech Limited,Named in cornerstone filing context,13,https://www1.hkexnews.hk/listedco/listconews/sehk/2022/1017/10470187/2022101700014.pdf
6610,"Zhejiang Tianzihu Industry Investment Co., Ltd",Named in cornerstone filing context,13,https://www1.hkexnews.hk/listedco/listconews/sehk/2022/1017/10470187/2022101700014.pdf
2291,Harvest International Premium Value (Secondary Market) Fund SPC,Named in cornerstone filing context,407,https://www1.hkexnews.hk/listedco/listconews/sehk/2022/1027/2022102700013.pdf
2291,Jointown International Group Company Limited,Named in cornerstone filing context,408,https://www1.hkexnews.hk/listedco/listconews/sehk/2022/1027/2022102700013.pdf
2291,"Shanghai Lingang Economic Development Group Investment Management Co., Ltd.*",Named in cornerstone filing context,407,https://www1.hkexnews.hk/listedco/listconews/sehk/2022/1027/2022102700013.pdf
6696,Lai Shixian,Named in cornerstone filing context,16,https://www1.hkexnews.hk/listedco/listconews/sehk/2022/1108/10498314/2022110800014.pdf
2420,De Well Group Singapore Pte. Ltd,Named in cornerstone filing context,379,https://www1.hkexnews.hk/listedco/listconews/sehk/2022/1031/2022103100013.pdf
2420,"GF Fund Management Co., Ltd",Named in cornerstone filing context,379,https://www1.hkexnews.hk/listedco/listconews/sehk/2022/1031/2022103100013.pdf
2420,"Zhejiang Eifini Industrial Co., Ltd",Named in cornerstone filing context,379,https://www1.hkexnews.hk/listedco/listconews/sehk/2022/1031/2022103100013.pdf
2245,"China State-Owned Enterprise Mixed Ownership Reform Fund Co., Ltd",Named in cornerstone filing context,12,https://www1.hkexnews.hk/listedco/listconews/sehk/2022/1130/10522180/2022113000306.pdf
2245,"GEM Hong Kong International Co., Limited",Named in cornerstone filing context,12,https://www1.hkexnews.hk/listedco/listconews/sehk/2022/1130/10522180/2022113000306.pdf
2245,"Hongkong Brunp and Catl Co., Limited",Named in cornerstone filing context,12,https://www1.hkexnews.hk/listedco/listconews/sehk/2022/1130/10522180/2022113000306.pdf
2245,Hubei Ronbay Battery Triangle No. 1 Equity Investment Fund Partnership,Named in cornerstone filing context,12,https://www1.hkexnews.hk/listedco/listconews/sehk/2022/1130/10522180/2022113000306.pdf
2245,"Ningbo Yinzhou District Financial Holding Co., Ltd",Named in cornerstone filing context,12,https://www1.hkexnews.hk/listedco/listconews/sehk/2022/1130/10522180/2022113000306.pdf
2407,CL Kiwi Holding Ltd,Named in cornerstone filing context,338,https://www1.hkexnews.hk/listedco/listconews/sehk/2022/1130/2022113000167.pdf
2407,Jiangsu Sino-German Services Trade Industry Investment Fund L.P,Named in cornerstone filing context,338,https://www1.hkexnews.hk/listedco/listconews/sehk/2022/1130/2022113000167.pdf
2407,Wuxi Gaoshi Venture Capital L.P,Named in cornerstone filing context,338,https://www1.hkexnews.hk/listedco/listconews/sehk/2022/1130/2022113000167.pdf
2407,Wuxi Shigao Equity Investment L.P,Named in cornerstone filing context,338,https://www1.hkexnews.hk/listedco/listconews/sehk/2022/1130/2022113000167.pdf
2440,Anji Jize LLP,Named in cornerstone filing context,10,https://www1.hkexnews.hk/listedco/listconews/sehk/2022/1209/10537393/2022120900150.pdf
2440,Anji Kaize LLP,Named in cornerstone filing context,10,https://www1.hkexnews.hk/listedco/listconews/sehk/2022/1209/10537393/2022120900150.pdf
1244,Harvest International Premium Value (Secondary Market) Fund SPC,Named in cornerstone filing context,11,https://www1.hkexnews.hk/listedco/listconews/sehk/2022/1214/10541461/2022121400038.pdf
1244,Mobilewise Limited,Named in cornerstone filing context,11,https://www1.hkexnews.hk/listedco/listconews/sehk/2022/1214/10541461/2022121400038.pdf
1244,TradArt Investment SP,Named in cornerstone filing context,575,https://www1.hkexnews.hk/listedco/listconews/sehk/2022/1129/2022112900013.pdf
1244,"Xuzhou Economic Technology Development Zone (HK) Investment Co., Limited",Named in cornerstone filing context,3,https://www1.hkexnews.hk/listedco/listconews/sehk/2022/1214/10541461/2022121400038.pdf
9985,Media Global Management Limited,Named in cornerstone filing context,3,https://www1.hkexnews.hk/listedco/listconews/sehk/2022/1214/10541497/2022121400096.pdf
9985,Prospect Bridge Value L.P,Named in cornerstone filing context,245,https://www1.hkexnews.hk/listedco/listconews/sehk/2022/1205/2022120500015.pdf
9985,Sunshine Life Insurance Corporation Limited,Legal name / investor-group alias needs manual confirmation,,
2457,"Arda (HK) Investment Co., Limited",Named in cornerstone filing context,13,https://www1.hkexnews.hk/listedco/listconews/sehk/2022/1214/10541499/2022121400108.pdf
6929,"Hangzhou Fuyang Industrial Fund Investment Management Co., Ltd",Named in cornerstone filing context,453,https://www1.hkexnews.hk/listedco/listconews/sehk/2022/1213/2022121300009.pdf
2427,Carsonlin Investment Ltd,Named in cornerstone filing context,366,https://www1.hkexnews.hk/listedco/listconews/sehk/2022/1215/2022121500017.pdf
2427,Mu Min,Legal name / investor-group alias needs manual confirmation,,
2427,Yang Xinyun,Named in cornerstone filing context,366,https://www1.hkexnews.hk/listedco/listconews/sehk/2022/1215/2022121500017.pdf
6698,TradArt Investment SP,Named in cornerstone filing context,12,https://www1.hkexnews.hk/listedco/listconews/sehk/2022/1228/10552457/2022122800024.pdf
2425,Proterra Asia Food Fund 3 VCC,Named in cornerstone filing context,11,https://www1.hkexnews.hk/listedco/listconews/sehk/2022/1229/10554320/2022122900096.pdf
2425,Well Alliance Investment Holdings Limited,Named in cornerstone filing context,312,https://www1.hkexnews.hk/listedco/listconews/sehk/2022/1216/2022121600017.pdf
6955,Fu Heliang,Named in cornerstone filing context,542,https://www1.hkexnews.hk/listedco/listconews/sehk/2022/1219/2022121900009.pdf
6955,Harvest Great Bay Investment SP,Named in cornerstone filing context,542,https://www1.hkexnews.hk/listedco/listconews/sehk/2022/1219/2022121900009.pdf
6955,Sino Biopharmaceutical Limited,Named in cornerstone filing context,543,https://www1.hkexnews.hk/listedco/listconews/sehk/2022/1219/2022121900009.pdf
2402,Astonish Investment Pte. Ltd,Named in cornerstone filing context,306,https://www1.hkexnews.hk/listedco/listconews/sehk/2022/1229/2022122900013.pdf
2402,Harvest International Premium Value (Secondary Market) Fund SPC,Named in cornerstone filing context,307,https://www1.hkexnews.hk/listedco/listconews/sehk/2022/1229/2022122900013.pdf
2411,HONG KONG BAIJIADA NEW MATERIAL LIMITED,Named in cornerstone filing context,3,https://www1.hkexnews.hk/listedco/listconews/sehk/2022/1229/10554362/2022122900180.pdf
2411,"Nantong Douson Drilling and Production Equipment Co., Ltd",Named in cornerstone filing context,3,https://www1.hkexnews.hk/listedco/listconews/sehk/2022/1229/10554362/2022122900180.pdf
2411,Yip Wing Kui,Named in cornerstone filing context,4,https://www1.hkexnews.hk/listedco/listconews/sehk/2022/1229/10554362/2022122900180.pdf
2373,Harvest International Premium Value (Secondary Market) Fund SPC,Named in cornerstone filing context,370,https://www1.hkexnews.hk/listedco/listconews/sehk/2022/1230/2022123000067.pdf
2373,"Juzi Holding Co., Ltd",Named in cornerstone filing context,370,https://www1.hkexnews.hk/listedco/listconews/sehk/2022/1230/2022123000067.pdf
2373,"Kunming Botanee Bio-technology Sales Co., Ltd",Named in cornerstone filing context,369,https://www1.hkexnews.hk/listedco/listconews/sehk/2022/1230/2022123000067.pdf
2373,TruMed Healthcare Master Fund and TruMed Health Innovation Fund LP,Named in cornerstone filing context,368,https://www1.hkexnews.hk/listedco/listconews/sehk/2022/1230/2022123000067.pdf
2455,"Jinan Huaiyin Urban Construction Investment Group Co., Ltd",Named in cornerstone filing context,13,https://www1.hkexnews.hk/listedco/listconews/sehk/2023/0116/10577027/2023011600026.pdf
2306,Ding Shijia,Named in cornerstone filing context,11,https://www1.hkexnews.hk/listedco/listconews/sehk/2023/0118/10579262/2023011800044.pdf
2306,Maoyan Entertainment (HK) Limited,Named in cornerstone filing context,283,https://www1.hkexnews.hk/listedco/listconews/sehk/2022/1230/2022123000047.pdf
2306,Sun Mass Energy Development Limited,Named in cornerstone filing context,283,https://www1.hkexnews.hk/listedco/listconews/sehk/2022/1230/2022123000047.pdf
2306,"TradArt Asset Management Co., Limited",Named in cornerstone filing context,284,https://www1.hkexnews.hk/listedco/listconews/sehk/2022/1230/2022123000047.pdf
2482,"Hefei Gaoxin Development & Investment Group Co., Ltd",Named in cornerstone filing context,10,https://www1.hkexnews.hk/listedco/listconews/sehk/2023/0308/10624749/2023030800010.pdf
2482,XINGTAI HOLDING COMPANY (HONG KONG) LIMITED,Named in cornerstone filing context,10,https://www1.hkexnews.hk/listedco/listconews/sehk/2023/0308/10624749/2023030800010.pdf
9636,Duke King Holdings Limited,Named in cornerstone filing context,3,https://www1.hkexnews.hk/listedco/listconews/sehk/2023/0309/10625859/2023030900010.pdf
9636,Garland Glory Holdings Limited,Named in cornerstone filing context,3,https://www1.hkexnews.hk/listedco/listconews/sehk/2023/0309/10625859/2023030900010.pdf
9636,New China Asset Management (Hong Kong) Limited,Named in cornerstone filing context,3,https://www1.hkexnews.hk/listedco/listconews/sehk/2023/0309/10625859/2023030900010.pdf
9636,"Orchid Asia V Co-Investment, Limited",Named in cornerstone filing context,3,https://www1.hkexnews.hk/listedco/listconews/sehk/2023/0309/10625859/2023030900010.pdf
9636,"Sichuan Hebang Investment Group Co., Ltd",Named in cornerstone filing context,3,https://www1.hkexnews.hk/listedco/listconews/sehk/2023/0309/10625859/2023030900010.pdf
2409,Danube Bridge Shipping Limited,Named in cornerstone filing context,411,https://www1.hkexnews.hk/listedco/listconews/sehk/2023/0314/2023031400009.pdf
2409,Guodian Shipping (Hong Kong) Company Limited,Named in cornerstone filing context,410,https://www1.hkexnews.hk/listedco/listconews/sehk/2023/0314/2023031400009.pdf
2409,"Huzhou Wuxing Tourism Development Co., Ltd",Named in cornerstone filing context,410,https://www1.hkexnews.hk/listedco/listconews/sehk/2023/0314/2023031400009.pdf
2439,ZhongBaoNew materials. Ltd,Named in cornerstone filing context,1,https://www1.hkexnews.hk/listedco/listconews/sehk/2023/0321/10638301/2023032100074.pdf
2415,"Anji Guorong Construction Co., Ltd",Named in cornerstone filing context,13,https://www1.hkexnews.hk/listedco/listconews/sehk/2023/0426/10705025/2023042600048.pdf
2415,"Anji Guorong Venture Capital Co., Ltd",Named in cornerstone filing context,13,https://www1.hkexnews.hk/listedco/listconews/sehk/2023/0426/10705025/2023042600048.pdf
2415,"Anji Jiaotou Industrial Development Co., Ltd",Named in cornerstone filing context,13,https://www1.hkexnews.hk/listedco/listconews/sehk/2023/0426/10705025/2023042600048.pdf
2415,"Anji Qicai Lingfeng Rural Tourism Investment Co., Ltd",Named in cornerstone filing context,13,https://www1.hkexnews.hk/listedco/listconews/sehk/2023/0426/10705025/2023042600048.pdf
2415,GF Global Capital Limited,Named in cornerstone filing context,13,https://www1.hkexnews.hk/listedco/listconews/sehk/2023/0426/10705025/2023042600048.pdf
2415,Harvest International Premium Value (Secondary Market) Fund SPC,Named in cornerstone filing context,13,https://www1.hkexnews.hk/listedco/listconews/sehk/2023/0426/10705025/2023042600048.pdf
2480,Harvest International Premium Value (Secondary Market) Fund SPC,Named in cornerstone filing context,13,https://www1.hkexnews.hk/listedco/listconews/sehk/2023/0505/10727095/2023050500010.pdf
9930,HK Dongbin Joint Victory Development Co. Limited,Named in cornerstone filing context,422,https://www1.hkexnews.hk/listedco/listconews/sehk/2023/0512/2023051200007.pdf
9930,LGMG International Limited,Named in cornerstone filing context,3,https://www1.hkexnews.hk/listedco/listconews/sehk/2023/0524/10746038/2023052400048.pdf
9930,"Shanghai Gold Ring Enterprise Group Co., Ltd",Named in cornerstone filing context,422,https://www1.hkexnews.hk/listedco/listconews/sehk/2023/0512/2023051200007.pdf
9930,"Shanghai Putuo Science and Technology Investment Co., Ltd",Named in cornerstone filing context,422,https://www1.hkexnews.hk/listedco/listconews/sehk/2023/0512/2023051200007.pdf
9930,Xinheng Holding Limited,Named in cornerstone filing context,422,https://www1.hkexnews.hk/listedco/listconews/sehk/2023/0512/2023051200007.pdf
9930,"Zhejiang Dingli Machinery Co., Ltd",Named in cornerstone filing context,3,https://www1.hkexnews.hk/listedco/listconews/sehk/2023/0524/10746038/2023052400048.pdf
9930,"Zoomlion International Trading (H.K.) Co., Limited",Named in cornerstone filing context,3,https://www1.hkexnews.hk/listedco/listconews/sehk/2023/0524/10746038/2023052400048.pdf
2416,Chengdu High-tech Orinno Youchan Equity Investment Fund Partnership (LP),Legal name / investor-group alias needs manual confirmation,,
2487,Harvest Great Bay Investment SP,Named in cornerstone filing context,2,https://www1.hkexnews.hk/listedco/listconews/sehk/2023/0609/10768739/2023060900018.pdf
2487,So-Young Hong Kong Limited,Named in cornerstone filing context,11,https://www1.hkexnews.hk/listedco/listconews/sehk/2023/0609/10768739/2023060900018.pdf
2487,Wuxi Xinhongdi Venture Capital Partnership (Limited Partnership),Named in cornerstone filing context,11,https://www1.hkexnews.hk/listedco/listconews/sehk/2023/0609/10768739/2023060900018.pdf
9885,ZGC International Limited,Named in cornerstone filing context,12,https://www1.hkexnews.hk/listedco/listconews/sehk/2023/0627/10785563/2023062700056.pdf
2105,Future Industry Investment Fund II,Named in cornerstone filing context,2,https://www1.hkexnews.hk/listedco/listconews/sehk/2023/0628/10787145/2023062800054.pdf
2105,Ningbo Yaoshang Yanchuang Chenkai Venture Capital Partnership,Named in cornerstone filing context,2,https://www1.hkexnews.hk/listedco/listconews/sehk/2023/0628/10787145/2023062800054.pdf
2105,"OrbiMed Asia Partners III, L.P",Named in cornerstone filing context,2,https://www1.hkexnews.hk/listedco/listconews/sehk/2023/0628/10787145/2023062800054.pdf
2105,"Yuyao Yangming Equity Investment Fund Co., Ltd",Named in cornerstone filing context,10,https://www1.hkexnews.hk/listedco/listconews/sehk/2023/0628/10787145/2023062800054.pdf
9860,Corelink Group Limited,Named in cornerstone filing context,4,https://www1.hkexnews.hk/listedco/listconews/sehk/2023/0629/10789237/2023062900126.pdf
9860,"Fosun Diagnostics (Shanghai) Co., Ltd",Named in cornerstone filing context,267,https://www1.hkexnews.hk/listedco/listconews/sehk/2023/0619/2023061900005.pdf
9860,MR Global (HK) Limited,Named in cornerstone filing context,266,https://www1.hkexnews.hk/listedco/listconews/sehk/2023/0619/2023061900005.pdf
9860,Snibe Diagnostic (Hong Kong) Company Limited,Named in cornerstone filing context,266,https://www1.hkexnews.hk/listedco/listconews/sehk/2023/0619/2023061900005.pdf
9860,Timestar Elite Limited,Named in cornerstone filing context,267,https://www1.hkexnews.hk/listedco/listconews/sehk/2023/0619/2023061900005.pdf
2481,Jiang Gang International Investment Company Limited,Named in cornerstone filing context,11,https://www1.hkexnews.hk/listedco/listconews/sehk/2023/0707/10809436/2023070700064.pdf
6990,"China Universal Asset Management Co., Ltd",Named in cornerstone filing context,495,https://www1.hkexnews.hk/listedco/listconews/sehk/2023/0629/2023062900043.pdf
6990,"Kelun International Development Co., Limited",Legal name / investor-group alias needs manual confirmation,,
6990,Laurion Capital Master Fund Ltd,Named in cornerstone filing context,494,https://www1.hkexnews.hk/listedco/listconews/sehk/2023/0629/2023062900043.pdf
6990,"RTW Master Fund, Ltd",Named in cornerstone filing context,493,https://www1.hkexnews.hk/listedco/listconews/sehk/2023/0629/2023062900043.pdf
6990,TruMed Healthcare Master Fund and TruMed Health Innovation Fund LP,Named in cornerstone filing context,494,https://www1.hkexnews.hk/listedco/listconews/sehk/2023/0629/2023062900043.pdf
3650,"Fuqing Shengde Calorie Investment Co., Ltd",Named in cornerstone filing context,2,https://www1.hkexnews.hk/listedco/listconews/sehk/2023/0630/10791492/2023063000253.pdf
3650,"Shenzhen Fenda Technology Co., Ltd",Named in cornerstone filing context,1,https://www1.hkexnews.hk/listedco/listconews/sehk/2023/0630/10791492/2023063000253.pdf
3650,"Xiamen Evere Sports Goods Co., Ltd",Named in cornerstone filing context,2,https://www1.hkexnews.hk/listedco/listconews/sehk/2023/0630/10791492/2023063000253.pdf
6683,Blink Field Limited,Named in cornerstone filing context,510,https://www1.hkexnews.hk/listedco/listconews/sehk/2023/0630/2023063000037.pdf
6683,NETDRAGON WEBSOFT INC,Named in cornerstone filing context,510,https://www1.hkexnews.hk/listedco/listconews/sehk/2023/0630/2023063000037.pdf
2271,Heyuan Trading (Hong Kong) Limited,Named in cornerstone filing context,18,https://www1.hkexnews.hk/listedco/listconews/sehk/2023/0717/10816647/2023071700008.pdf
2271,Wu Mingwu,Legal name / investor-group alias needs manual confirmation,,
1541,ClinChoice Medical Development Limited,Named in cornerstone filing context,350,https://www1.hkexnews.hk/listedco/listconews/sehk/2023/0824/2023082400037.pdf
1541,Harvest International Premium Value (Secondary Market) Fund SPC,Named in cornerstone filing context,349,https://www1.hkexnews.hk/listedco/listconews/sehk/2023/0824/2023082400037.pdf
1541,RemeGen Hong Kong Limited,Named in cornerstone filing context,349,https://www1.hkexnews.hk/listedco/listconews/sehk/2023/0824/2023082400037.pdf
1541,WuXi Biologics HealthCare Venture,Named in cornerstone filing context,349,https://www1.hkexnews.hk/listedco/listconews/sehk/2023/0824/2023082400037.pdf
2496,"Chengdu Puhua Kaizhi Biotechnology Co., Ltd",Named in cornerstone filing context,3,https://www1.hkexnews.hk/listedco/listconews/sehk/2023/0922/10905695/2023092200026.pdf
2496,Wuhan Chuxing Yourui General Health Industry Investment Fund Partnership (Limite,Named in cornerstone filing context,591,https://www1.hkexnews.hk/listedco/listconews/sehk/2023/0913/2023091300013.pdf
2496,Wuhan Optics Valley Health Industry Investment Ltd,Named in cornerstone filing context,3,https://www1.hkexnews.hk/listedco/listconews/sehk/2023/0922/10905695/2023092200026.pdf
9690,Castrol Holdings International Limited,Named in cornerstone filing context,14,https://www1.hkexnews.hk/listedco/listconews/sehk/2023/0925/10907481/2023092500014.pdf
9690,Image Frame Investment (HK) Limited,Named in cornerstone filing context,3,https://www1.hkexnews.hk/listedco/listconews/sehk/2023/0925/10907481/2023092500014.pdf
9690,"Shanghai Zizhu High-tech Zone (Group) Co., Ltd",Named in cornerstone filing context,14,https://www1.hkexnews.hk/listedco/listconews/sehk/2023/0925/10907481/2023092500014.pdf
9690,"Zhejiang Leapmotor Technology Co., Ltd",Named in cornerstone filing context,14,https://www1.hkexnews.hk/listedco/listconews/sehk/2023/0925/10907481/2023092500014.pdf
9686,INFO EXPERT SERVICES LIMITED,Named in cornerstone filing context,386,https://www1.hkexnews.hk/listedco/listconews/sehk/2023/0918/2023091800017.pdf
9686,"Ningbo Haishu Industrial Investment Co., Ltd",Named in cornerstone filing context,386,https://www1.hkexnews.hk/listedco/listconews/sehk/2023/0918/2023091800017.pdf
9686,"Ningbo Industrial Development Fund Co., Ltd",Named in cornerstone filing context,386,https://www1.hkexnews.hk/listedco/listconews/sehk/2023/0918/2023091800017.pdf
9890,4399 Net Limited,Named in cornerstone filing context,12,https://www1.hkexnews.hk/listedco/listconews/sehk/2023/0927/10910719/2023092700048.pdf
9890,Aofei Data International Company Limited,Named in cornerstone filing context,12,https://www1.hkexnews.hk/listedco/listconews/sehk/2023/0927/10910719/2023092700048.pdf
9890,"Hong Kong Longsin Co., Limited",Named in cornerstone filing context,12,https://www1.hkexnews.hk/listedco/listconews/sehk/2023/0927/10910719/2023092700048.pdf
9890,Shangrao High-speed Industrial Investment,Named in cornerstone filing context,17,https://www1.hkexnews.hk/listedco/listconews/sehk/2023/0927/10910719/2023092700048.pdf
6682,Beijing Zhongguancun Science City Science and Technology Growth Investment Partn,Named in cornerstone filing context,307,https://www1.hkexnews.hk/listedco/listconews/sehk/2023/0918/2023091800009.pdf
6682,Montage Technology Holdings Company Limited,Named in cornerstone filing context,308,https://www1.hkexnews.hk/listedco/listconews/sehk/2023/0918/2023091800009.pdf
6682,New China Capital Management Limited,Named in cornerstone filing context,307,https://www1.hkexnews.hk/listedco/listconews/sehk/2023/0918/2023091800009.pdf
1973,"Qingdao Haiming, Qingdao Hainuo and Qingdao Financial",Named in cornerstone filing context,11,https://www1.hkexnews.hk/listedco/listconews/sehk/2023/1005/10924572/2023100500008.pdf
1973,"Shenzhen Futian Guiding Fund Investment Co., Ltd",Named in cornerstone filing context,377,https://www1.hkexnews.hk/listedco/listconews/sehk/2023/0925/2023092500007.pdf
9676,Xinmin Tianshi Agricultural Industry Development Company Limited,Named in cornerstone filing context,283,https://www1.hkexnews.hk/listedco/listconews/sehk/2023/0928/2023092800446.pdf
2451,"Chongqing Dazuhuaiyuan Construction Investment Co., L",Named in cornerstone filing context,10,https://www1.hkexnews.hk/listedco/listconews/sehk/2023/1011/10930000/2023101100036.pdf
2451,"Hainan Dongfang Runze Private Equity Fund Management Co., Ltd",Named in cornerstone filing context,10,https://www1.hkexnews.hk/listedco/listconews/sehk/2023/1011/10930000/2023101100036.pdf
2451,"Jinhua Industrial Fund Co., Ltd",Named in cornerstone filing context,11,https://www1.hkexnews.hk/listedco/listconews/sehk/2023/1011/10930000/2023101100036.pdf
2451,"Jinhua Jinkai State Owned Capital Investments Co., Ltd",Named in cornerstone filing context,10,https://www1.hkexnews.hk/listedco/listconews/sehk/2023/1011/10930000/2023101100036.pdf
2451,"Phylion Battery Co., Ltd",Named in cornerstone filing context,11,https://www1.hkexnews.hk/listedco/listconews/sehk/2023/1011/10930000/2023101100036.pdf
1519,Aspex Master Fund,Named in cornerstone filing context,11,https://www1.hkexnews.hk/listedco/listconews/sehk/2023/1026/10942025/2023102600030.pdf
1519,CELESTIAL OCEAN INVESTMENTS LIMITED,Named in cornerstone filing context,11,https://www1.hkexnews.hk/listedco/listconews/sehk/2023/1026/10942025/2023102600030.pdf
1519,D1 SPV Jupiter (Hong Kong) Limited,Named in cornerstone filing context,11,https://www1.hkexnews.hk/listedco/listconews/sehk/2023/1026/10942025/2023102600030.pdf
1519,D1 SPV Master Holdco I (Hong Kong) Limited,Named in cornerstone filing context,11,https://www1.hkexnews.hk/listedco/listconews/sehk/2023/1026/10942025/2023102600030.pdf
1519,Dahlia Investments Pte. Ltd,Named in cornerstone filing context,2,https://www1.hkexnews.hk/listedco/listconews/sehk/2023/1026/10942025/2023102600030.pdf
1519,Eternal Earn Holding Limited,Named in cornerstone filing context,12,https://www1.hkexnews.hk/listedco/listconews/sehk/2023/1026/10942025/2023102600030.pdf
1519,Hidden Hill SPV VIII,Named in cornerstone filing context,11,https://www1.hkexnews.hk/listedco/listconews/sehk/2023/1026/10942025/2023102600030.pdf
1519,Huang River Investment Limited,Named in cornerstone filing context,12,https://www1.hkexnews.hk/listedco/listconews/sehk/2023/1026/10942025/2023102600030.pdf
1519,Jallion Global Limited,Named in cornerstone filing context,11,https://www1.hkexnews.hk/listedco/listconews/sehk/2023/1026/10942025/2023102600030.pdf
1519,JNRY III HOLDINGS LIMITED,Named in cornerstone filing context,12,https://www1.hkexnews.hk/listedco/listconews/sehk/2023/1026/10942025/2023102600030.pdf
1519,Joyous Tempinis Limited,Named in cornerstone filing context,11,https://www1.hkexnews.hk/listedco/listconews/sehk/2023/1026/10942025/2023102600030.pdf
1519,Parallel Cluster Investment Limited,Named in cornerstone filing context,12,https://www1.hkexnews.hk/listedco/listconews/sehk/2023/1026/10942025/2023102600030.pdf
1519,"SC GGF III Holdco, Ltd",Named in cornerstone filing context,11,https://www1.hkexnews.hk/listedco/listconews/sehk/2023/1026/10942025/2023102600030.pdf
2517,COFCO Capital Special Opportunity Fund 2 SP,Named in cornerstone filing context,284,https://www1.hkexnews.hk/listedco/listconews/sehk/2023/1020/2023102000007.pdf
2517,"Jiangsu Hengshun Vinegar Industry Co., Ltd",Named in cornerstone filing context,284,https://www1.hkexnews.hk/listedco/listconews/sehk/2023/1020/2023102000007.pdf
2517,"Jinding Capital Management (Shenzhen) Co., Ltd",Named in cornerstone filing context,284,https://www1.hkexnews.hk/listedco/listconews/sehk/2023/1020/2023102000007.pdf
2517,Profit Joy (Hong Kong) Limited,Named in cornerstone filing context,284,https://www1.hkexnews.hk/listedco/listconews/sehk/2023/1020/2023102000007.pdf
2429,Nayuki Holdings Limited,Named in cornerstone filing context,9,https://www1.hkexnews.hk/listedco/listconews/sehk/2023/1102/10953297/2023110200034.pdf
2429,SensePower Management Limited,Named in cornerstone filing context,9,https://www1.hkexnews.hk/listedco/listconews/sehk/2023/1102/10953297/2023110200034.pdf
2429,"Shenzhen Maliujia Network Technology Co., Ltd",Named in cornerstone filing context,9,https://www1.hkexnews.hk/listedco/listconews/sehk/2023/1102/10953297/2023110200034.pdf
2429,Wei Jinbing,Named in cornerstone filing context,380,https://www1.hkexnews.hk/listedco/listconews/sehk/2023/1024/2023102400007.pdf
2499,"Liugong Machinery Hongkong Co., Limited",Named in cornerstone filing context,10,https://www1.hkexnews.hk/listedco/listconews/sehk/2023/1109/10962681/2023110900054.pdf
2268,Al-Rayyan Holding LLC,Named in cornerstone filing context,13,https://www1.hkexnews.hk/listedco/listconews/sehk/2023/1116/10970095/2023111600010.pdf
2268,General Atlantic Singapore SPV 64 Pte. Ltd,Named in cornerstone filing context,13,https://www1.hkexnews.hk/listedco/listconews/sehk/2023/1116/10970095/2023111600010.pdf
2268,"HSG Growth VII Holdco, Ltd",Named in cornerstone filing context,14,https://www1.hkexnews.hk/listedco/listconews/sehk/2023/1116/10970095/2023111600010.pdf
2268,"Invesco Advisers, Inc",Named in cornerstone filing context,13,https://www1.hkexnews.hk/listedco/listconews/sehk/2023/1116/10970095/2023111600010.pdf
2268,Lake Bleu Prime Healthcare Master Fund Limited,Named in cornerstone filing context,14,https://www1.hkexnews.hk/listedco/listconews/sehk/2023/1116/10970095/2023111600010.pdf
2268,Novo Holdings A / S,Named in cornerstone filing context,13,https://www1.hkexnews.hk/listedco/listconews/sehk/2023/1116/10970095/2023111600010.pdf
2268,UBS Asset Management (Singapore) Ltd,Named in cornerstone filing context,13,https://www1.hkexnews.hk/listedco/listconews/sehk/2023/1116/10970095/2023111600010.pdf
2520,"Mingyang Smart Energy Group Co., Ltd",Named in cornerstone filing context,458,https://www1.hkexnews.hk/listedco/listconews/sehk/2023/1110/2023111000017.pdf
2419,"Xiushan County Xinzhiyuan Market Management Co., Ltd",Named in cornerstone filing context,7,https://www1.hkexnews.hk/listedco/listconews/sehk/2023/1205/2023120502409.pdf
2419,"Guiyang Agricultural Investment Development Co., Ltd",Named in cornerstone filing context,7,https://www1.hkexnews.hk/listedco/listconews/sehk/2023/1205/2023120502409.pdf
2419,"Quxian Huixing Industrial Investment Co., Ltd",Named in cornerstone filing context,7,https://www1.hkexnews.hk/listedco/listconews/sehk/2023/1205/2023120502409.pdf
1497,PT. Anugerah Citra Walet Indonesia,Named in cornerstone filing context,6,https://www1.hkexnews.hk/listedco/listconews/sehk/2023/1211/2023121101204.pdf
1497,PT Esta Indonesia,Named in cornerstone filing context,6,https://www1.hkexnews.hk/listedco/listconews/sehk/2023/1211/2023121101204.pdf
1497,PT Niaga Cakrawala Sukses,Named in cornerstone filing context,6,https://www1.hkexnews.hk/listedco/listconews/sehk/2023/1211/2023121101204.pdf
1497,WU Chen,Legal name / investor-group alias needs manual confirmation,,
1497,Value Partners Hong Kong Limited,Named in cornerstone filing context,6,https://www1.hkexnews.hk/listedco/listconews/sehk/2023/1211/2023121101204.pdf
1497,WONG Sing Kwong Cyrus,Named in cornerstone filing context,6,https://www1.hkexnews.hk/listedco/listconews/sehk/2023/1211/2023121101204.pdf
2502,Zhongsheng Holdings Company Limited,Named in cornerstone filing context,6,https://www1.hkexnews.hk/listedco/listconews/sehk/2023/1219/2023121901110.pdf
2502,"Genesis M Co., Limited",Named in cornerstone filing context,6,https://www1.hkexnews.hk/listedco/listconews/sehk/2023/1219/2023121901110.pdf
2502,Prosperity Steel United Singapore Pte. Ltd,Named in cornerstone filing context,6,https://www1.hkexnews.hk/listedco/listconews/sehk/2023/1219/2023121901110.pdf
2502,Max Success Group Holdings Limited,Named in cornerstone filing context,6,https://www1.hkexnews.hk/listedco/listconews/sehk/2023/1219/2023121901110.pdf
1274,"Zhejiang Qixin Zhixing Information Technology Co., Ltd",Named in cornerstone filing context,9,https://www1.hkexnews.hk/listedco/listconews/sehk/2023/1219/2023121901176.pdf
2516,Liu Liyun,Legal name / investor-group alias needs manual confirmation,,
2516,Guo Shaojun,Named in cornerstone filing context,4,https://www1.hkexnews.hk/listedco/listconews/sehk/2023/1221/2023122101228.pdf
2516,Yang Yingwu,Named in cornerstone filing context,4,https://www1.hkexnews.hk/listedco/listconews/sehk/2023/1221/2023122101228.pdf
2489,Dongfang Gold Industry (Hong Kong) Limited,Named in cornerstone filing context,3,https://www1.hkexnews.hk/listedco/listconews/sehk/2023/1221/2023122101236.pdf
2511,"Cangzhou Chuangrong Equity Investment Fund Co., Ltd",Named in cornerstone filing context,5,https://www1.hkexnews.hk/listedco/listconews/sehk/2023/1221/2023122101298.pdf
6911,Harvest,Legal name / investor-group alias needs manual confirmation,,
6911,ROSY DAY INVESTMENTS LIMITED,Named in cornerstone filing context,3,https://www1.hkexnews.hk/listedco/listconews/sehk/2023/1221/2023122101314.pdf
6911,Wang Chunyu,Named in cornerstone filing context,3,https://www1.hkexnews.hk/listedco/listconews/sehk/2023/1221/2023122101314.pdf
6911,"Lancang Green Resource Investment Co., Ltd",Named in cornerstone filing context,3,https://www1.hkexnews.hk/listedco/listconews/sehk/2023/1221/2023122101314.pdf
6911,China Ocean View Group Limited,Named in cornerstone filing context,3,https://www1.hkexnews.hk/listedco/listconews/sehk/2023/1221/2023122101314.pdf
9880,"E-Town International Holding (Hong Kong) Co., Limited",Named in cornerstone filing context,5,https://www1.hkexnews.hk/listedco/listconews/sehk/2023/1228/2023122801642.pdf
2498,"Shenzhen Nanshan Strategic Emerging Industries Investment Co., Ltd",Named in cornerstone filing context,5,https://www1.hkexnews.hk/listedco/listconews/sehk/2024/0104/2024010401780.pdf
2509,Huadong Medicine Investment Holding (Hong Kong) Limited,Named in cornerstone filing context,10,https://www1.hkexnews.hk/listedco/listconews/sehk/2024/0319/2024031901351.pdf
2509,Beevest Capital Limited,Named in cornerstone filing context,10,https://www1.hkexnews.hk/listedco/listconews/sehk/2024/0319/2024031901351.pdf
2509,JianXin Medical Technology Limited,Named in cornerstone filing context,10,https://www1.hkexnews.hk/listedco/listconews/sehk/2024/0319/2024031901351.pdf
9879,MEGA DYNAMIC GROUP LIMITED,Named in cornerstone filing context,4,https://www1.hkexnews.hk/listedco/listconews/sehk/2024/0320/2024032001597.pdf
9879,Harvest Global Capital Investments Limited,Named in cornerstone filing context,4,https://www1.hkexnews.hk/listedco/listconews/sehk/2024/0320/2024032001597.pdf
9879,"Changsheng Fund Management Co., Ltd. - CHINA GF BANK- CHANGSHENG FUND -QDII1",Named in cornerstone filing context,5,https://www1.hkexnews.hk/listedco/listconews/sehk/2024/0320/2024032001597.pdf
2536,"XIANG SHANG GAMES CO., LTD",Named in cornerstone filing context,3,https://www1.hkexnews.hk/listedco/listconews/sehk/2024/0325/2024032501621.pdf
2598,Hangzhou Urban Investment Industrial Development Investment Partnership (LP),Named in cornerstone filing context,5,https://www1.hkexnews.hk/listedco/listconews/sehk/2024/0327/2024032703063.pdf
2438,NANJING JINGKAI JUZHI INVESTMENT L.P,Named in cornerstone filing context,8,https://www1.hkexnews.hk/listedco/listconews/sehk/2024/0423/2024042301690.pdf
2438,ZGC International Limited,Named in cornerstone filing context,8,https://www1.hkexnews.hk/listedco/listconews/sehk/2024/0423/2024042301690.pdf
2556,VH Nanchang Donghu Asset,Named in cornerstone filing context,4,https://www1.hkexnews.hk/listedco/listconews/sehk/2024/0514/2024051401235.pdf
2556,Capital LPF,Named in cornerstone filing context,8,https://www1.hkexnews.hk/listedco/listconews/sehk/2024/0514/2024051401235.pdf
2529,"Lens Technology (HK) Co., Limited",Named in cornerstone filing context,5,https://www1.hkexnews.hk/listedco/listconews/sehk/2024/0516/2024051601339.pdf
2529,"CO., LIMITED LEYARD (HONGKONG) CO., LIMITED",Legal name / investor-group alias needs manual confirmation,,
2529,"SANAN INTERNATION AL HOLDING CO., LIMITED",Named in cornerstone filing context,5,https://www1.hkexnews.hk/listedco/listconews/sehk/2024/0516/2024051601339.pdf
2529,HONGKONG JIAGANG TRADING LIMITED,Named in cornerstone filing context,5,https://www1.hkexnews.hk/listedco/listconews/sehk/2024/0516/2024051601339.pdf
2529,XIANGZHENG CAPITAL LIMITED,Named in cornerstone filing context,5,https://www1.hkexnews.hk/listedco/listconews/sehk/2024/0516/2024051601339.pdf
2898,Nanjing Jingkai Weilai Technology Industrial Investment Partnership (Limited Partnership),Named in cornerstone filing context,4,https://www1.hkexnews.hk/listedco/listconews/sehk/2024/0523/2024052301621.pdf
0917,Golden Future LPF,Named in cornerstone filing context,4,https://www1.hkexnews.hk/listedco/listconews/sehk/2024/0524/2024052401848.pdf
2505,CPIC Investment Management (H.K.) Company Limited,Named in cornerstone filing context,5,https://www1.hkexnews.hk/listedco/listconews/sehk/2024/0527/2024052701491.pdf
2505,The Reynold Lemkins Group (Asia) Limited,Named in cornerstone filing context,5,https://www1.hkexnews.hk/listedco/listconews/sehk/2024/0527/2024052701491.pdf
2522,"Excellent Investment Enterprise Management (Hong Kong) Co., Limited",Named in cornerstone filing context,397,https://www1.hkexnews.hk/listedco/listconews/sehk/2024/0530/2024053000044.pdf
2522,China New Rich Medicine Holding Co. Limited,Named in cornerstone filing context,397,https://www1.hkexnews.hk/listedco/listconews/sehk/2024/0530/2024053000044.pdf
2522,United Imaging Healthcare Hong Kong Limited,Named in cornerstone filing context,397,https://www1.hkexnews.hk/listedco/listconews/sehk/2024/0530/2024053000044.pdf
2228,Successful Lotus Limited,Named in cornerstone filing context,5,https://www1.hkexnews.hk/listedco/listconews/sehk/2024/0612/2024061201745.pdf
2228,IntelliMed One Investment Limited,Named in cornerstone filing context,5,https://www1.hkexnews.hk/listedco/listconews/sehk/2024/0612/2024061201745.pdf
2228,Mammoth Medical Solutions,Named in cornerstone filing context,5,https://www1.hkexnews.hk/listedco/listconews/sehk/2024/0612/2024061201745.pdf
2228,Begonia No. 1 LPF,Named in cornerstone filing context,5,https://www1.hkexnews.hk/listedco/listconews/sehk/2024/0612/2024061201745.pdf
2228,Prof. Bradley Lether Pentelute,Named in cornerstone filing context,5,https://www1.hkexnews.hk/listedco/listconews/sehk/2024/0612/2024061201745.pdf
2228,Ginkgo Capital Global Fund SPC— Ginkgo Capital Global Fund I SP,Named in cornerstone filing context,5,https://www1.hkexnews.hk/listedco/listconews/sehk/2024/0612/2024061201745.pdf
2228,"Biocytogen Pharmaceuticals (Beijing) Co., Ltd. 醫藥科技股份有 限公司",Legal name / investor-group alias needs manual confirmation,,
2228,FaaS Capital Longevity Limited,Named in cornerstone filing context,5,https://www1.hkexnews.hk/listedco/listconews/sehk/2024/0612/2024061201745.pdf
2479,"Suzhou Harvest International Co., Limited",Named in cornerstone filing context,5,https://www1.hkexnews.hk/listedco/listconews/sehk/2024/0627/2024062702312.pdf
2479,Gold Wings Holdings Limited,Named in cornerstone filing context,5,https://www1.hkexnews.hk/listedco/listconews/sehk/2024/0627/2024062702312.pdf
2479,"Xuzhou Economic and Technology Development Zone (HK) Investment Co., Limited",Named in cornerstone filing context,5,https://www1.hkexnews.hk/listedco/listconews/sehk/2024/0627/2024062702312.pdf
2479,The Reynold Lemkins Group (Asia) Limited,Named in cornerstone filing context,5,https://www1.hkexnews.hk/listedco/listconews/sehk/2024/0627/2024062702312.pdf
6181,Huang River Investment Limited,Named in cornerstone filing context,5,https://www1.hkexnews.hk/listedco/listconews/sehk/2024/0627/2024062702334.pdf
6181,China,Legal name / investor-group alias needs manual confirmation,,
6181,"Southern Asset Management Co., Ltd. CPE Greater China Enterprises Growth Fund",Legal name / investor-group alias needs manual confirmation,,
1354,The Reynold Lemkins Group (Asia) Limited,Named in cornerstone filing context,5,https://www1.hkexnews.hk/listedco/listconews/sehk/2024/0702/2024070203671.pdf
1354,"Xian Dingzhun Education and Technology Co., Ltd",Named in cornerstone filing context,5,https://www1.hkexnews.hk/listedco/listconews/sehk/2024/0702/2024070203671.pdf
1354,"Xian Tianbo Diagnostics Co., Ltd",Named in cornerstone filing context,5,https://www1.hkexnews.hk/listedco/listconews/sehk/2024/0702/2024070203671.pdf
6657,"Jiangsu Yuanli Industrial Investment Co., Ltd",Named in cornerstone filing context,2,https://www1.hkexnews.hk/listedco/listconews/sehk/2024/0708/2024070801055.pdf
1334,"Huangshan City Investment Private Equity Fund Management Co., Ltd",Named in cornerstone filing context,5,https://www1.hkexnews.hk/listedco/listconews/sehk/2024/0709/2024070901007.pdf
1334,Huangshan Chenghe Xinye Equity Investment Partnership (Limited Partnership),Named in cornerstone filing context,5,https://www1.hkexnews.hk/listedco/listconews/sehk/2024/0709/2024070901007.pdf
1334,Emsdom Limited,Named in cornerstone filing context,5,https://www1.hkexnews.hk/listedco/listconews/sehk/2024/0709/2024070901007.pdf
2495,"Jiangsu Jiangkong Investment Co., Ltd",Named in cornerstone filing context,5,https://www1.hkexnews.hk/listedco/listconews/sehk/2024/0709/2024070901049.pdf
2495,Wuhan Guangtong Gongying Enterprise Management Partnership (Limited Partnership),Named in cornerstone filing context,5,https://www1.hkexnews.hk/listedco/listconews/sehk/2024/0709/2024070901049.pdf
9680,GAIG,Legal name / investor-group alias needs manual confirmation,,
9680,An existing Shareholder Hongkong Pony AI Limited,Named in cornerstone filing context,4,https://www1.hkexnews.hk/listedco/listconews/sehk/2024/0709/2024070901101.pdf
9680,An existing Shareholder Voyager Global Inc,Named in cornerstone filing context,4,https://www1.hkexnews.hk/listedco/listconews/sehk/2024/0709/2024070901101.pdf
9680,Close associate of an existing Shareholder WeRide Inc,Named in cornerstone filing context,4,https://www1.hkexnews.hk/listedco/listconews/sehk/2024/0709/2024070901101.pdf
2507,"Changshu Southeast Industrial Investment Co., Ltd.*",Named in cornerstone filing context,5,https://www1.hkexnews.hk/listedco/listconews/sehk/2024/0711/2024071101139.pdf
2507,"Taicang High Tech Science and Innovation Development Co., Ltd.*",Named in cornerstone filing context,5,https://www1.hkexnews.hk/listedco/listconews/sehk/2024/0711/2024071101139.pdf
2507,Wuxi Jianfa Xintou Aerospace Investment Partnership Enterprise (Limited Partnership)*,Named in cornerstone filing context,5,https://www1.hkexnews.hk/listedco/listconews/sehk/2024/0711/2024071101139.pdf
2507,China Structural Reform Fund II Corporation Limited*,Named in cornerstone filing context,5,https://www1.hkexnews.hk/listedco/listconews/sehk/2024/0711/2024071101139.pdf
2507,Wuxi Jintou Lianying Industrial Investment Partnership (Limited Partnership)*,Named in cornerstone filing context,5,https://www1.hkexnews.hk/listedco/listconews/sehk/2024/0711/2024071101139.pdf
2531,Huizhou Guohuilian Equity Investment Fund Partnership Enterprise (Limited Partnership),Named in cornerstone filing context,4,https://www1.hkexnews.hk/listedco/listconews/sehk/2024/0712/2024071201219.pdf
1471,The Reynold Lemkins Group (Asia) Limited,Named in cornerstone filing context,6,https://www1.hkexnews.hk/listedco/listconews/sehk/2024/0805/2024080502241.pdf
1471,Hong Tai International III LPF,Named in cornerstone filing context,6,https://www1.hkexnews.hk/listedco/listconews/sehk/2024/0805/2024080502241.pdf
2533,Gardex Development Limited,Named in cornerstone filing context,4,https://www1.hkexnews.hk/listedco/listconews/sehk/2024/0807/2024080700994.pdf
2533,Joyson Electronic USA LLC,Named in cornerstone filing context,4,https://www1.hkexnews.hk/listedco/listconews/sehk/2024/0807/2024080700994.pdf
2410,Changxing Xingchang Industrial Investment Partnership (Limited Partnership),Named in cornerstone filing context,3,https://www1.hkexnews.hk/listedco/listconews/sehk/2024/0819/2024081901642.pdf
0300,COSCO SHIPPING Holdings (Hong Kong) Limited,Named in cornerstone filing context,6,https://www1.hkexnews.hk/listedco/listconews/sehk/2024/0916/2024091600951.pdf
0300,UBS Asset Management (Singapore) Ltd,Named in cornerstone filing context,6,https://www1.hkexnews.hk/listedco/listconews/sehk/2024/0916/2024091600951.pdf
0300,China Structural Reform Fund II Corporation Limited*,Named in cornerstone filing context,6,https://www1.hkexnews.hk/listedco/listconews/sehk/2024/0916/2024091600951.pdf
0300,Golden Link Worldwide Limited,Named in cornerstone filing context,6,https://www1.hkexnews.hk/listedco/listconews/sehk/2024/0916/2024091600951.pdf
0300,Splendor Achieve Limited,Named in cornerstone filing context,6,https://www1.hkexnews.hk/listedco/listconews/sehk/2024/0916/2024091600951.pdf
0300,Supercluster Universe Limited,Named in cornerstone filing context,6,https://www1.hkexnews.hk/listedco/listconews/sehk/2024/0916/2024091600951.pdf
0300,HCEP Master Fund,Named in cornerstone filing context,6,https://www1.hkexnews.hk/listedco/listconews/sehk/2024/0916/2024091600951.pdf
0300,Foresight Global Superior Choice SPC — Global Superior Choice Series Fund 1 SP and Foresight Global Superior Choice SPC — Vision Fund 1 SP,Named in cornerstone filing context,6,https://www1.hkexnews.hk/listedco/listconews/sehk/2024/0916/2024091600951.pdf
0300,CPE Investment XVI Limited,Named in cornerstone filing context,6,https://www1.hkexnews.hk/listedco/listconews/sehk/2024/0916/2024091600951.pdf
0300,"Dajia Life Insurance Co., Ltd",Named in cornerstone filing context,6,https://www1.hkexnews.hk/listedco/listconews/sehk/2024/0916/2024091600951.pdf
0300,Metazone Link (HK) Limited,Named in cornerstone filing context,6,https://www1.hkexnews.hk/listedco/listconews/sehk/2024/0916/2024091600951.pdf
0300,Enreal Asset Management Limited,Named in cornerstone filing context,6,https://www1.hkexnews.hk/listedco/listconews/sehk/2024/0916/2024091600951.pdf
0300,Vanguard Focus Limited,Named in cornerstone filing context,6,https://www1.hkexnews.hk/listedco/listconews/sehk/2024/0916/2024091600951.pdf
0300,"PSBC Wealth Management Co., Ltd",Legal name / investor-group alias needs manual confirmation,,
0300,Jump Trading Pacific Pte. Ltd,Named in cornerstone filing context,7,https://www1.hkexnews.hk/listedco/listconews/sehk/2024/0916/2024091600951.pdf
0300,"MY Asian Opportunities Master Fund, L.P",Named in cornerstone filing context,7,https://www1.hkexnews.hk/listedco/listconews/sehk/2024/0916/2024091600951.pdf
0300,Athos Capital Limited,Named in cornerstone filing context,7,https://www1.hkexnews.hk/listedco/listconews/sehk/2024/0916/2024091600951.pdf
0300,Pamalican Fund Ltd,Named in cornerstone filing context,7,https://www1.hkexnews.hk/listedco/listconews/sehk/2024/0916/2024091600951.pdf
2549,MPC VII Pte. Ltd,Named in cornerstone filing context,6,https://www1.hkexnews.hk/listedco/listconews/sehk/2024/0930/2024093002464.pdf
2549,YSC Go (BVI) Limited,Named in cornerstone filing context,6,https://www1.hkexnews.hk/listedco/listconews/sehk/2024/0930/2024093002464.pdf
9639,Sany Hongkong Group Limited 三一 香港集團有限公司,Named in cornerstone filing context,5,https://www1.hkexnews.hk/listedco/listconews/sehk/2024/1008/2024100801016.pdf
9639,Accel Group Holdings Limited 高 陞集團控股有限公司,Named in cornerstone filing context,5,https://www1.hkexnews.hk/listedco/listconews/sehk/2024/1008/2024100801016.pdf
9639,The Triplex Holdings Limited 三鋒控股管 理有限公司,Named in cornerstone filing context,5,https://www1.hkexnews.hk/listedco/listconews/sehk/2024/1008/2024100801016.pdf
2567,Woseon Limited Partnership,Named in cornerstone filing context,6,https://www1.hkexnews.hk/listedco/listconews/sehk/2024/1015/2024101500998.pdf
2460,UBS Asset Management (Singapore) Ltd,Named in cornerstone filing context,5,https://www1.hkexnews.hk/listedco/listconews/sehk/2024/1022/2024102201053.pdf
2460,China Travel Service (Holdings) Hong Kong Limited,Named in cornerstone filing context,5,https://www1.hkexnews.hk/listedco/listconews/sehk/2024/1022/2024102201053.pdf
2460,Wildlife Willow Limited,Named in cornerstone filing context,5,https://www1.hkexnews.hk/listedco/listconews/sehk/2024/1022/2024102201053.pdf
2460,China Post Life Insurance Company Limited,Named in cornerstone filing context,5,https://www1.hkexnews.hk/listedco/listconews/sehk/2024/1022/2024102201053.pdf
2460,Athos Capital Limited,Named in cornerstone filing context,5,https://www1.hkexnews.hk/listedco/listconews/sehk/2024/1022/2024102201053.pdf
2460,Ghisallo Master Fund LP,Named in cornerstone filing context,5,https://www1.hkexnews.hk/listedco/listconews/sehk/2024/1022/2024102201053.pdf
2460,Pamalican Fund Ltd,Named in cornerstone filing context,5,https://www1.hkexnews.hk/listedco/listconews/sehk/2024/1022/2024102201053.pdf
9660,Alisoft China Holding Limited,Named in cornerstone filing context,5,https://www1.hkexnews.hk/listedco/listconews/sehk/2024/1023/2024102300943.pdf
9660,Baidu (Hong Kong) Limited,Named in cornerstone filing context,5,https://www1.hkexnews.hk/listedco/listconews/sehk/2024/1023/2024102300943.pdf
9660,PARTICIPATIONS 1,Named in cornerstone filing context,5,https://www1.hkexnews.hk/listedco/listconews/sehk/2024/1023/2024102300943.pdf
9660,JSC International Investment Fund SPC (acting for and on behalf of Ning Bo Yong Ning Gao Xin SP),Named in cornerstone filing context,5,https://www1.hkexnews.hk/listedco/listconews/sehk/2024/1023/2024102300943.pdf
2465,Harvest Oriental SP,Named in cornerstone filing context,6,https://www1.hkexnews.hk/listedco/listconews/sehk/2024/1029/2024102901308.pdf
2563,Wealth Strategy Holding Limited,Named in cornerstone filing context,5,https://www1.hkexnews.hk/listedco/listconews/sehk/2024/1030/2024103002007.pdf
2563,NOVOTECH SG HOLDINGS PTE. LTD,Named in cornerstone filing context,5,https://www1.hkexnews.hk/listedco/listconews/sehk/2024/1030/2024103002007.pdf
2563,Baheal Wellness Industry International Trading Limited,Named in cornerstone filing context,5,https://www1.hkexnews.hk/listedco/listconews/sehk/2024/1030/2024103002007.pdf
2563,Silkywater Absolute Return LPF,Named in cornerstone filing context,5,https://www1.hkexnews.hk/listedco/listconews/sehk/2024/1030/2024103002007.pdf
2510,Indigo Rainbow Limited,Named in cornerstone filing context,5,https://www1.hkexnews.hk/listedco/listconews/sehk/2024/1031/2024103101844.pdf
2510,Hung Chi-Li,Named in cornerstone filing context,5,https://www1.hkexnews.hk/listedco/listconews/sehk/2024/1031/2024103101844.pdf
2510,Worldwide Logistics Holding HK Limited,Named in cornerstone filing context,5,https://www1.hkexnews.hk/listedco/listconews/sehk/2024/1031/2024103101844.pdf
2510,Metro Shine Group Limited,Named in cornerstone filing context,5,https://www1.hkexnews.hk/listedco/listconews/sehk/2024/1031/2024103101844.pdf
2510,Wang Yi-Fen,Named in cornerstone filing context,5,https://www1.hkexnews.hk/listedco/listconews/sehk/2024/1031/2024103101844.pdf
2510,Crane Movement Investment Limited,Named in cornerstone filing context,5,https://www1.hkexnews.hk/listedco/listconews/sehk/2024/1031/2024103101844.pdf
2519,Hongkong Valsun Technology Limited,Named in cornerstone filing context,5,https://www1.hkexnews.hk/listedco/listconews/sehk/2024/1107/2024110701104.pdf
2519,"LC Logistics, Inc",Named in cornerstone filing context,5,https://www1.hkexnews.hk/listedco/listconews/sehk/2024/1107/2024110701104.pdf
2519,"Ms. Wong, Ka Wai Vivian",Named in cornerstone filing context,5,https://www1.hkexnews.hk/listedco/listconews/sehk/2024/1107/2024110701104.pdf
2582,Hongkong Frontier Tanzhonghe,Named in cornerstone filing context,5,https://www1.hkexnews.hk/listedco/listconews/sehk/2024/1114/2024111400951.pdf
2582,Zhixin Qingzhuang,Named in cornerstone filing context,5,https://www1.hkexnews.hk/listedco/listconews/sehk/2024/1114/2024111400951.pdf
6936,"Oaktree Capital Management, L.P",Named in cornerstone filing context,5,https://www1.hkexnews.hk/listedco/listconews/sehk/2024/1126/2024112601132.pdf
6936,Wise Honest Limited,Named in cornerstone filing context,5,https://www1.hkexnews.hk/listedco/listconews/sehk/2024/1126/2024112601132.pdf
6936,WT Asset Management Limited,Named in cornerstone filing context,5,https://www1.hkexnews.hk/listedco/listconews/sehk/2024/1126/2024112601132.pdf
6936,"China Pacific Insurance (Group) Co., Ltd",Named in cornerstone filing context,5,https://www1.hkexnews.hk/listedco/listconews/sehk/2024/1126/2024112601132.pdf
6936,Green Better Limited,Named in cornerstone filing context,5,https://www1.hkexnews.hk/listedco/listconews/sehk/2024/1126/2024112601132.pdf
6936,Infini Global Master Fund,Named in cornerstone filing context,5,https://www1.hkexnews.hk/listedco/listconews/sehk/2024/1126/2024112601132.pdf
6936,Wind Sabre Fund SPC on behalf of Wind Sabre Opportunities Fund SP,Named in cornerstone filing context,5,https://www1.hkexnews.hk/listedco/listconews/sehk/2024/1126/2024112601132.pdf
6936,Morgan Stanley & Co. International plc,Named in cornerstone filing context,5,https://www1.hkexnews.hk/listedco/listconews/sehk/2024/1126/2024112601132.pdf
6936,Ghisallo Fund Master Ltd,Named in cornerstone filing context,5,https://www1.hkexnews.hk/listedco/listconews/sehk/2024/1126/2024112601132.pdf
6936,"Wisdomshire Asset Management Co., Ltd",Named in cornerstone filing context,5,https://www1.hkexnews.hk/listedco/listconews/sehk/2024/1126/2024112601132.pdf
2566,Alibaba Health (Hong Kong) Technology Company Limited,Named in cornerstone filing context,3,https://www1.hkexnews.hk/listedco/listconews/sehk/2024/1127/2024112701177.pdf
2566,"Fosun Industrial Co., Limited",Named in cornerstone filing context,3,https://www1.hkexnews.hk/listedco/listconews/sehk/2024/1127/2024112701177.pdf
2566,Jointown International Group Company Limited,Named in cornerstone filing context,3,https://www1.hkexnews.hk/listedco/listconews/sehk/2024/1127/2024112701177.pdf
2566,Heda HK,Legal name / investor-group alias needs manual confirmation,,
2566,Mr. Wu,Legal name / investor-group alias needs manual confirmation,,
2566,Delta Capital Hong Kong Limited,Named in cornerstone filing context,3,https://www1.hkexnews.hk/listedco/listconews/sehk/2024/1127/2024112701177.pdf
2566,Hong Kong King-Friend Industrial Company Limited,Named in cornerstone filing context,3,https://www1.hkexnews.hk/listedco/listconews/sehk/2024/1127/2024112701177.pdf
2585,Tianjin Haitai Capital,Named in cornerstone filing context,3,https://www1.hkexnews.hk/listedco/listconews/sehk/2024/1128/2024112801779.pdf
2585,Matrix Capital (on behalf of Matrix Income SP),Named in cornerstone filing context,3,https://www1.hkexnews.hk/listedco/listconews/sehk/2024/1128/2024112801779.pdf
2585,Solid Elegance,Named in cornerstone filing context,3,https://www1.hkexnews.hk/listedco/listconews/sehk/2024/1128/2024112801779.pdf
2585,Bright Ambition,Named in cornerstone filing context,3,https://www1.hkexnews.hk/listedco/listconews/sehk/2024/1128/2024112801779.pdf
2585,Swift Grace,Named in cornerstone filing context,3,https://www1.hkexnews.hk/listedco/listconews/sehk/2024/1128/2024112801779.pdf
2586,DFI Development Holdings Limited,Named in cornerstone filing context,5,https://www1.hkexnews.hk/listedco/listconews/sehk/2024/1205/2024120501922.pdf
2570,DINGCHUANG HONGKONG INVESTMENT LIMITED,Named in cornerstone filing context,5,https://www1.hkexnews.hk/listedco/listconews/sehk/2024/1205/2024120501926.pdf
1318,CPE Investment XVI Limited,Legal name / investor-group alias needs manual confirmation,,
1318,Loyal Valley Capital,Named in cornerstone filing context,5,https://www1.hkexnews.hk/listedco/listconews/sehk/2024/1209/2024120901607.pdf
1318,Seraphim Advantage Inc,Named in cornerstone filing context,5,https://www1.hkexnews.hk/listedco/listconews/sehk/2024/1209/2024120901607.pdf
1318,IvyRock Asset Management (HK) Limited,Named in cornerstone filing context,5,https://www1.hkexnews.hk/listedco/listconews/sehk/2024/1209/2024120901607.pdf
1318,Brilliant Partners Fund LP and China Core Fund,Named in cornerstone filing context,5,https://www1.hkexnews.hk/listedco/listconews/sehk/2024/1209/2024120901607.pdf
1318,4 Mega Prime Development Limited,Legal name / investor-group alias needs manual confirmation,,
2593,Water Live Wealth Limited,Named in cornerstone filing context,3,https://www1.hkexnews.hk/listedco/listconews/sehk/2024/1218/2024121801165.pdf
2593,Vital Message Medical Health Care Centre Limited,Named in cornerstone filing context,3,https://www1.hkexnews.hk/listedco/listconews/sehk/2024/1218/2024121801165.pdf
2593,Mr. Yuen Tsz Ho Ronald,Named in cornerstone filing context,3,https://www1.hkexnews.hk/listedco/listconews/sehk/2024/1218/2024121801165.pdf
2431,KCH International Investment Limited,Named in cornerstone filing context,5,https://www1.hkexnews.hk/listedco/listconews/sehk/2024/1224/2024122401190.pdf
2431,Horizon Together Holding Ltd,Named in cornerstone filing context,5,https://www1.hkexnews.hk/listedco/listconews/sehk/2024/1224/2024122401190.pdf
2587,Hengqin Guangdong Macao Deep Cooperation Zone Industrial Investment Fund (Limited Partnership),Named in cornerstone filing context,5,https://www1.hkexnews.hk/listedco/listconews/sehk/2024/1227/2024122701758.pdf
2577,STMicroelectro nics Limited,Named in cornerstone filing context,3,https://www1.hkexnews.hk/listedco/listconews/sehk/2024/1227/2024122701822.pdf
2577,Jiangsu Govtor Inno Technology Innovation Limited Notes 2 and 4,Legal name / investor-group alias needs manual confirmation,,
2577,HK InnoSC Limited Notes 2 and 4,Named in cornerstone filing context,3,https://www1.hkexnews.hk/listedco/listconews/sehk/2024/1227/2024122701822.pdf
2577,Inno CL. Limited Notes 3 and 4,Named in cornerstone filing context,3,https://www1.hkexnews.hk/listedco/listconews/sehk/2024/1227/2024122701822.pdf
2506,Guangdong- Macao In-Depth Cooperation Zone in Hengqin,Named in cornerstone filing context,4,https://www1.hkexnews.hk/listedco/listconews/sehk/2024/1227/2024122701834.pdf
2506,Industrial Investment Fund (Limited Partnership) Star Group Limited,Named in cornerstone filing context,5,https://www1.hkexnews.hk/listedco/listconews/sehk/2024/1227/2024122701834.pdf
2506,Costone China Growth Capital I L.P,Named in cornerstone filing context,5,https://www1.hkexnews.hk/listedco/listconews/sehk/2024/1227/2024122701834.pdf
2506,Xunyi Limited,Named in cornerstone filing context,5,https://www1.hkexnews.hk/listedco/listconews/sehk/2024/1227/2024122701834.pdf
2506,Honour Goal Investments Limited,Named in cornerstone filing context,5,https://www1.hkexnews.hk/listedco/listconews/sehk/2024/1227/2024122701834.pdf
6681,Tasly (Hong Kong) Pharmaceutical Investment Limited,Named in cornerstone filing context,5,https://www1.hkexnews.hk/listedco/listconews/sehk/2025/0107/2025010701660.pdf
6681,Tasly (International) Healthcare Investment & Development Company Limited 醫 療健康投資發展有限公 司,Legal name / investor-group alias needs manual confirmation,,
6681,Suzhou Ceyuan Fuhai Enterprise Management Partnership (Limited Partnership),Named in cornerstone filing context,5,https://www1.hkexnews.hk/listedco/listconews/sehk/2025/0107/2025010701660.pdf
6681,Huang Guangwei,Named in cornerstone filing context,4,https://www1.hkexnews.hk/listedco/listconews/sehk/2025/0107/2025010701660.pdf
2560,GOTION HIGH-TECH (HK) LIMITED,Legal name / investor-group alias needs manual confirmation,,
2560,"Anhui Shengchang Chemical Co., Ltd.*",Named in cornerstone filing context,5,https://www1.hkexnews.hk/listedco/listconews/sehk/2025/0108/2025010801080.pdf
2560,"Wuhu Artec Biotechnology Co., Ltd.*",Named in cornerstone filing context,5,https://www1.hkexnews.hk/listedco/listconews/sehk/2025/0108/2025010801080.pdf
2560,SCGC Capital Holding Company Limited,Named in cornerstone filing context,5,https://www1.hkexnews.hk/listedco/listconews/sehk/2025/0108/2025010801080.pdf
2560,"Guangdong Zongxing Technology Co., Ltd*",Named in cornerstone filing context,5,https://www1.hkexnews.hk/listedco/listconews/sehk/2025/0108/2025010801080.pdf
2560,"Shenzhen Gaodeng Computer Technology Co., Ltd.*",Named in cornerstone filing context,5,https://www1.hkexnews.hk/listedco/listconews/sehk/2025/0108/2025010801080.pdf
2613,Harvest International Premium Value (Secondary Market) Fund SPC on behalf of Harvest Oriental SP,Named in cornerstone filing context,5,https://www1.hkexnews.hk/listedco/listconews/sehk/2025/0108/2025010801098.pdf
0325,Greenwoods Asset Management Hong Kong Limited,Named in cornerstone filing context,6,https://www1.hkexnews.hk/listedco/listconews/sehk/2025/0109/2025010900829.pdf
0325,UBS Asset Management (Singapore) Ltd,Named in cornerstone filing context,6,https://www1.hkexnews.hk/listedco/listconews/sehk/2025/0109/2025010900829.pdf
0325,"Fullgoal Fund Management Co., Ltd",Named in cornerstone filing context,6,https://www1.hkexnews.hk/listedco/listconews/sehk/2025/0109/2025010900829.pdf
0325,Fullgoal Asset Management (HK) Limited,Named in cornerstone filing context,6,https://www1.hkexnews.hk/listedco/listconews/sehk/2025/0109/2025010900829.pdf
2571,China Mobile International Holdings Limited,Named in cornerstone filing context,5,https://www1.hkexnews.hk/listedco/listconews/sehk/2025/0114/2025011400898.pdf
1364,Huang River Investment Limited,Named in cornerstone filing context,6,https://www1.hkexnews.hk/listedco/listconews/sehk/2025/0211/2025021100944.pdf
1364,GM Charm Yield (BVI) Limited,Named in cornerstone filing context,6,https://www1.hkexnews.hk/listedco/listconews/sehk/2025/0211/2025021100944.pdf
1364,Golden Valley Global Limited,Named in cornerstone filing context,6,https://www1.hkexnews.hk/listedco/listconews/sehk/2025/0211/2025021100944.pdf
1364,Golden Valley Value Select Master Fund,Named in cornerstone filing context,6,https://www1.hkexnews.hk/listedco/listconews/sehk/2025/0211/2025021100944.pdf
1364,"Long-Z Fund I, LP",Named in cornerstone filing context,6,https://www1.hkexnews.hk/listedco/listconews/sehk/2025/0211/2025021100944.pdf
1364,"Duckling Fund, L.P",Named in cornerstone filing context,6,https://www1.hkexnews.hk/listedco/listconews/sehk/2025/0211/2025021100944.pdf
2097,M&G Investments,Named in cornerstone filing context,5,https://www1.hkexnews.hk/listedco/listconews/sehk/2025/0228/2025022801727.pdf
2097,"HSG Growth VI Holdco F, Ltd",Named in cornerstone filing context,5,https://www1.hkexnews.hk/listedco/listconews/sehk/2025/0228/2025022801727.pdf
2097,Persistence Growth Limited,Named in cornerstone filing context,5,https://www1.hkexnews.hk/listedco/listconews/sehk/2025/0228/2025022801727.pdf
2097,"HHLR Fund, L.P.",Named in cornerstone filing context,5,https://www1.hkexnews.hk/listedco/listconews/sehk/2025/0228/2025022801727.pdf
2097,"Long-Z Fund I, LP",Named in cornerstone filing context,5,https://www1.hkexnews.hk/listedco/listconews/sehk/2025/0228/2025022801727.pdf
6693,Gold Mountains (H.K.) International Mining Company Limited,Named in cornerstone filing context,8,https://www1.hkexnews.hk/listedco/listconews/sehk/2025/0307/2025030701501.pdf
6693,Sparky International Company Limited,Named in cornerstone filing context,8,https://www1.hkexnews.hk/listedco/listconews/sehk/2025/0307/2025030701501.pdf
2561,"AnkeBio (Hong Kong) Co., Limited",Named in cornerstone filing context,5,https://www1.hkexnews.hk/listedco/listconews/sehk/2025/0320/2025032001490.pdf
2561,"Suzhou Harvest International Co., Limited",Named in cornerstone filing context,5,https://www1.hkexnews.hk/listedco/listconews/sehk/2025/0320/2025032001490.pdf
2561,Vivo Plenilune IX Limited,Named in cornerstone filing context,5,https://www1.hkexnews.hk/listedco/listconews/sehk/2025/0320/2025032001490.pdf
2561,WuXi Biologics HealthCare Venture,Named in cornerstone filing context,5,https://www1.hkexnews.hk/listedco/listconews/sehk/2025/0320/2025032001490.pdf
2561,Reynold Lemkins Group (Asia) Limited,Named in cornerstone filing context,5,https://www1.hkexnews.hk/listedco/listconews/sehk/2025/0320/2025032001490.pdf
2610,Glencore International AG,Named in cornerstone filing context,6,https://www1.hkexnews.hk/listedco/listconews/sehk/2025/0324/2025032401216.pdf
2610,"Hongkong Topway Trading Co., Limited",Named in cornerstone filing context,6,https://www1.hkexnews.hk/listedco/listconews/sehk/2025/0324/2025032401216.pdf
2610,Reijong International Industrial Equipment (HK) Limited,Named in cornerstone filing context,6,https://www1.hkexnews.hk/listedco/listconews/sehk/2025/0324/2025032401216.pdf
2610,PT Indika Energy Tbk,Named in cornerstone filing context,6,https://www1.hkexnews.hk/listedco/listconews/sehk/2025/0324/2025032401216.pdf
2625,Xu Shihe (許世和),Named in cornerstone filing context,6,https://www1.hkexnews.hk/listedco/listconews/sehk/2025/0328/2025032802386.pdf
2625,Yin Qin (印勤),Legal name / investor-group alias needs manual confirmation,,
2625,Hu Qinghua (胡慶華),Named in cornerstone filing context,6,https://www1.hkexnews.hk/listedco/listconews/sehk/2025/0328/2025032802386.pdf
2625,Zhu Zheng (朱政),Named in cornerstone filing context,6,https://www1.hkexnews.hk/listedco/listconews/sehk/2025/0328/2025032802386.pdf
2625,Zhan Mingyu (詹明玉),Legal name / investor-group alias needs manual confirmation,,
2625,Jiang Xianyue (江顯月),Legal name / investor-group alias needs manual confirmation,,
2625,Yao Xinhua (姚新華),Legal name / investor-group alias needs manual confirmation,,
2625,Guo Xia (郭霞),Legal name / investor-group alias needs manual confirmation,,
2625,Lu Shouping (陸壽萍),Legal name / investor-group alias needs manual confirmation,,
2625,Kan Chuanling (闞傳玲),Legal name / investor-group alias needs manual confirmation,,
2625,Huang Haiyan (黃海燕),Legal name / investor-group alias needs manual confirmation,,
2625,Zhen Yizuo (殷義左),Legal name / investor-group alias needs manual confirmation,,
2625,Shen Zhigen (沈志艮),Legal name / investor-group alias needs manual confirmation,,
2625,Xia Zhonglin (夏忠林),Legal name / investor-group alias needs manual confirmation,,
3677,Jiangsu Mixed Ownership Reform Fund,Named in cornerstone filing context,4,https://www1.hkexnews.hk/listedco/listconews/sehk/2025/0411/2025041101645.pdf
3677,Suzhou High-end Equipment Fund,Named in cornerstone filing context,4,https://www1.hkexnews.hk/listedco/listconews/sehk/2025/0411/2025041101645.pdf
3677,Southeast Investment Holding,Named in cornerstone filing context,4,https://www1.hkexnews.hk/listedco/listconews/sehk/2025/0411/2025041101645.pdf
9606,BioNTech SE,Named in cornerstone filing context,5,https://www1.hkexnews.hk/listedco/listconews/sehk/2025/0414/2025041401384.pdf
9606,LAV Star Opportunities Limited,Named in cornerstone filing context,5,https://www1.hkexnews.hk/listedco/listconews/sehk/2025/0414/2025041401384.pdf
9606,Lake Bleu Prime Healthcare Master Fund Limited,Named in cornerstone filing context,5,https://www1.hkexnews.hk/listedco/listconews/sehk/2025/0414/2025041401384.pdf
9606,Lake Bleu Innovation Healthcare Master Fund Limited,Named in cornerstone filing context,5,https://www1.hkexnews.hk/listedco/listconews/sehk/2025/0414/2025041401384.pdf
9606,"TruMed Healthcare Master Fund, ABS Direct Equity Fund LLC Asia Series 11 and TruMed Health Innovation Fund LP (together TruMed)",Named in cornerstone filing context,522,https://www1.hkexnews.hk/listedco/listconews/sehk/2025/0407/2025040700009.pdf
9606,"Fullgoal Fund Management Co., Ltd",Named in cornerstone filing context,10,https://www1.hkexnews.hk/listedco/listconews/sehk/2025/0414/2025041401384.pdf
9606,Fullgoal Asset Management (HK) Limited,Named in cornerstone filing context,10,https://www1.hkexnews.hk/listedco/listconews/sehk/2025/0414/2025041401384.pdf
9606,"E Fund Management (Hong Kong) Co., Ltd",Named in cornerstone filing context,523,https://www1.hkexnews.hk/listedco/listconews/sehk/2025/0407/2025040700009.pdf
9606,"China Universal Asset Management Co., Ltd",Named in cornerstone filing context,10,https://www1.hkexnews.hk/listedco/listconews/sehk/2025/0414/2025041401384.pdf
9606,Panjing Harbourview Investment Fund,Named in cornerstone filing context,10,https://www1.hkexnews.hk/listedco/listconews/sehk/2025/0414/2025041401384.pdf
9606,"MY Asian Opportunities Master Fund, L.P",Named in cornerstone filing context,10,https://www1.hkexnews.hk/listedco/listconews/sehk/2025/0414/2025041401384.pdf
9606,Emerging Markets Healthcare Partners LLC,Named in cornerstone filing context,10,https://www1.hkexnews.hk/listedco/listconews/sehk/2025/0414/2025041401384.pdf
9606,Worldwide Healthcare Partners LLC,Named in cornerstone filing context,10,https://www1.hkexnews.hk/listedco/listconews/sehk/2025/0414/2025041401384.pdf
9606,Suzhou Suchuang Biomedical Health Venture Capital Fund Partnership (Limited Partnership),Named in cornerstone filing context,7,https://www1.hkexnews.hk/listedco/listconews/sehk/2025/0414/2025041401384.pdf
1333,"Hong Kong Xinwei Electronic Co., Limited",Named in cornerstone filing context,5,https://www1.hkexnews.hk/listedco/listconews/sehk/2025/0506/2025050602875.pdf
1333,Changfeng Growth Equity Fund OFC,Named in cornerstone filing context,5,https://www1.hkexnews.hk/listedco/listconews/sehk/2025/0506/2025050602875.pdf
2865,"Modern Direct Investment New Energy Technology Co., Limited",Named in cornerstone filing context,4,https://www1.hkexnews.hk/listedco/listconews/sehk/2025/0507/2025050702202.pdf
2865,"Zhuhai Gokin New Energy Investment Co., Ltd",Named in cornerstone filing context,4,https://www1.hkexnews.hk/listedco/listconews/sehk/2025/0507/2025050702202.pdf
2589,Infore Holding,Named in cornerstone filing context,7,https://www1.hkexnews.hk/listedco/listconews/sehk/2025/0507/2025050702204.pdf
6831,"Wuxi Zixian Food Co., Ltd",Named in cornerstone filing context,5,https://www1.hkexnews.hk/listedco/listconews/sehk/2025/0515/2025051501489.pdf
6831,Anji Liangshan Rural Revitalization Equity Investment Partnership (Limited Partnership),Named in cornerstone filing context,5,https://www1.hkexnews.hk/listedco/listconews/sehk/2025/0515/2025051501489.pdf
6831,Action Chain International Limited,Named in cornerstone filing context,5,https://www1.hkexnews.hk/listedco/listconews/sehk/2025/0515/2025051501489.pdf
6831,Chia Tai Food Investment Company Limited,Named in cornerstone filing context,5,https://www1.hkexnews.hk/listedco/listconews/sehk/2025/0515/2025051501489.pdf
6831,"Wuxi Hexiang Food Co., Ltd",Named in cornerstone filing context,5,https://www1.hkexnews.hk/listedco/listconews/sehk/2025/0515/2025051501489.pdf
6831,"Wuxi Lvlian Food Co., Ltd",Named in cornerstone filing context,5,https://www1.hkexnews.hk/listedco/listconews/sehk/2025/0515/2025051501489.pdf
6831,"Wuxi Qinyu Food Co., Ltd",Named in cornerstone filing context,6,https://www1.hkexnews.hk/listedco/listconews/sehk/2025/0515/2025051501489.pdf
3750,Sinopec HK,Named in cornerstone filing context,15,https://www1.hkexnews.hk/listedco/listconews/sehk/2025/0519/2025051901257.pdf
3750,16 2025 KIA,Legal name / investor-group alias needs manual confirmation,,
3750,"November 19, 2025 HHLR CF, L.P",Legal name / investor-group alias needs manual confirmation,,
3750,"November 19, 2025 Shanghai Gaoyi and CICC FT (in connection with Gaoyi OTC Swaps)",Legal name / investor-group alias needs manual confirmation,,
3750,"November 19, 2025 Perseverance Asset Management",Legal name / investor-group alias needs manual confirmation,,
3750,"November 19, 2025 Zenith Hop",Legal name / investor-group alias needs manual confirmation,,
3750,"November 19, 2025 Abstract Enigma Limited",Legal name / investor-group alias needs manual confirmation,,
3750,"November 19, 2025 Shanghai Greenwoods and CICC FT (in connection with Greenwoods OTC Swaps)",Legal name / investor-group alias needs manual confirmation,,
3750,"November 19, 2025 HK Greenwoods",Legal name / investor-group alias needs manual confirmation,,
3750,"November 19, 2025 Pinpoint",Legal name / investor-group alias needs manual confirmation,,
3750,"November 19, 2025 UBS AM Singapore",Legal name / investor-group alias needs manual confirmation,,
3750,"November 19, 2025 WT",Legal name / investor-group alias needs manual confirmation,,
3750,"November 19, 2025 CPE Investment",Legal name / investor-group alias needs manual confirmation,,
3750,"November 19, 2025 Oaktree",Legal name / investor-group alias needs manual confirmation,,
3750,"November 19, 2025 MX Bright",Legal name / investor-group alias needs manual confirmation,,
3750,"November 19, 2025 Mirae Investors",Legal name / investor-group alias needs manual confirmation,,
3750,"November 19, 2025 RBC Global",Legal name / investor-group alias needs manual confirmation,,
3750,17 Asset Management (Asia) Limited 2025 CPIC Investors,Named in cornerstone filing context,17,https://www1.hkexnews.hk/listedco/listconews/sehk/2025/0519/2025051901257.pdf
2629,Beijing Xunrui Enterprise Management Partnership (Limited Partnership),Named in cornerstone filing context,5,https://www1.hkexnews.hk/listedco/listconews/sehk/2025/0522/2025052201535.pdf
2629,Evergreen Gate Limited,Named in cornerstone filing context,5,https://www1.hkexnews.hk/listedco/listconews/sehk/2025/0522/2025052201535.pdf
1276,GIC Private Limited,Named in cornerstone filing context,6,https://www1.hkexnews.hk/listedco/listconews/sehk/2025/0522/2025052201651.pdf
1276,"Invesco Advisers, Inc",Named in cornerstone filing context,6,https://www1.hkexnews.hk/listedco/listconews/sehk/2025/0522/2025052201651.pdf
1276,UBS Asset Management (Singapore) Ltd,Named in cornerstone filing context,6,https://www1.hkexnews.hk/listedco/listconews/sehk/2025/0522/2025052201651.pdf
1276,Cordial Solar Limited,Named in cornerstone filing context,6,https://www1.hkexnews.hk/listedco/listconews/sehk/2025/0522/2025052201651.pdf
1276,"HHLR CF, L.P",Legal name / investor-group alias needs manual confirmation,,
1276,Integrated Core Strategies (Asia) Pte. Ltd,Named in cornerstone filing context,6,https://www1.hkexnews.hk/listedco/listconews/sehk/2025/0522/2025052201651.pdf
1276,"Oaktree Capital Management, L.P",Named in cornerstone filing context,6,https://www1.hkexnews.hk/listedco/listconews/sehk/2025/0522/2025052201651.pdf
2565,Yizekangrui Medical (HK) Limited ʮ̡,Named in cornerstone filing context,5,https://www1.hkexnews.hk/listedco/listconews/sehk/2025/0526/2025052601319.pdf
2603,Timber Kangaroo Capital Limited,Named in cornerstone filing context,5,https://www1.hkexnews.hk/listedco/listconews/sehk/2025/0526/2025052601653.pdf
2603,Yulong International Capital Limited,Named in cornerstone filing context,5,https://www1.hkexnews.hk/listedco/listconews/sehk/2025/0526/2025052601653.pdf
2603,Ms. Shen Zhenyu,Named in cornerstone filing context,5,https://www1.hkexnews.hk/listedco/listconews/sehk/2025/0526/2025052601653.pdf
2621,HiTai (Hong Kong) Limited ʮ̡,Named in cornerstone filing context,5,https://www1.hkexnews.hk/listedco/listconews/sehk/2025/0529/2025052902298.pdf
2621,"Taller industrial Co., Limited",Named in cornerstone filing context,5,https://www1.hkexnews.hk/listedco/listconews/sehk/2025/0529/2025052902298.pdf
9881,"Hongkong Linktech Technology Co., Limited",Named in cornerstone filing context,5,https://www1.hkexnews.hk/listedco/listconews/sehk/2025/0609/2025060900996.pdf
9881,Cao Ke,Legal name / investor-group alias needs manual confirmation,,
9881,Lin Xiaojian,Named in cornerstone filing context,5,https://www1.hkexnews.hk/listedco/listconews/sehk/2025/0609/2025060900996.pdf
9881,Sinos Group Limited,Named in cornerstone filing context,5,https://www1.hkexnews.hk/listedco/listconews/sehk/2025/0609/2025060900996.pdf
9881,Li Shuhan,Legal name / investor-group alias needs manual confirmation,,
9881,Main Achieve Holdings Limited,Named in cornerstone filing context,5,https://www1.hkexnews.hk/listedco/listconews/sehk/2025/0609/2025060900996.pdf
9881,Ng Chi Fat,Legal name / investor-group alias needs manual confirmation,,
2573,"He Win Hong Kong Holdings Co., Limited",Named in cornerstone filing context,5,https://www1.hkexnews.hk/listedco/listconews/sehk/2025/0609/2025060901156.pdf
2573,The Reynold Lemkins Group (Asia) Limited,Named in cornerstone filing context,5,https://www1.hkexnews.hk/listedco/listconews/sehk/2025/0609/2025060901156.pdf
3288,"HHLR Advisors, Ltd",Named in cornerstone filing context,5,https://www1.hkexnews.hk/listedco/listconews/sehk/2025/0618/2025061801931.pdf
3288,GIC Private Limited,Named in cornerstone filing context,5,https://www1.hkexnews.hk/listedco/listconews/sehk/2025/0618/2025061801931.pdf
3288,4 RBC Global Asset Management (Asia) Limited,Named in cornerstone filing context,6,https://www1.hkexnews.hk/listedco/listconews/sehk/2025/0618/2025061801931.pdf
3288,China Pinnacle Equity Management Limited,Named in cornerstone filing context,6,https://www1.hkexnews.hk/listedco/listconews/sehk/2025/0618/2025061801931.pdf
3288,UBS Asset Management (Singapore) Ltd,Named in cornerstone filing context,6,https://www1.hkexnews.hk/listedco/listconews/sehk/2025/0618/2025061801931.pdf
3288,Supercluster Universe Limited,Named in cornerstone filing context,6,https://www1.hkexnews.hk/listedco/listconews/sehk/2025/0618/2025061801931.pdf
3288,"HSG Growth VII Holdco, Ltd",Named in cornerstone filing context,6,https://www1.hkexnews.hk/listedco/listconews/sehk/2025/0618/2025061801931.pdf
3288,"Foshan Development Co., Ltd",Named in cornerstone filing context,6,https://www1.hkexnews.hk/listedco/listconews/sehk/2025/0618/2025061801931.pdf
2609,Harvest Oriental SP,Named in cornerstone filing context,5,https://www1.hkexnews.hk/listedco/listconews/sehk/2025/0620/2025062001890.pdf
2050,"Schroder Investment Management Limited, Schroder Investment Management (Singapore) Ltd",Named in cornerstone filing context,6,https://www1.hkexnews.hk/listedco/listconews/sehk/2025/0620/2025062002236.pdf
2050,Schroder Investment Management (Hong Kong) Limited,Named in cornerstone filing context,6,https://www1.hkexnews.hk/listedco/listconews/sehk/2025/0620/2025062002236.pdf
2050,GIC Private Limited,Named in cornerstone filing context,6,https://www1.hkexnews.hk/listedco/listconews/sehk/2025/0620/2025062002236.pdf
2050,Greenwoods Asset Management Hong Kong Limited,Named in cornerstone filing context,6,https://www1.hkexnews.hk/listedco/listconews/sehk/2025/0620/2025062002236.pdf
2050,"Shanghai Greenwoods Asset Management Co., Ltd (上海 景林資產管理",Named in cornerstone filing context,6,https://www1.hkexnews.hk/listedco/listconews/sehk/2025/0620/2025062002236.pdf
2050,Verition Multi- Strategy Master Fund Ltd,Named in cornerstone filing context,10,https://www1.hkexnews.hk/listedco/listconews/sehk/2025/0620/2025062002236.pdf
2050,Eastern Bell Capital VIII Investment Limited,Named in cornerstone filing context,376,https://www1.hkexnews.hk/listedco/listconews/sehk/2025/0613/2025061300017.pdf
2050,"Mirae Asset Securities Co., Ltd",Named in cornerstone filing context,10,https://www1.hkexnews.hk/listedco/listconews/sehk/2025/0620/2025062002236.pdf
2050,"ICBC Wealth Management Co., Ltd",Named in cornerstone filing context,377,https://www1.hkexnews.hk/listedco/listconews/sehk/2025/0613/2025061300017.pdf
2050,"PSBC Wealth Management Co., Ltd",Named in cornerstone filing context,377,https://www1.hkexnews.hk/listedco/listconews/sehk/2025/0613/2025061300017.pdf
2050,"6 (through GF SecuritiesA sset Manageme nt (Guangdong) Co., Ltd as the qualified domestic institutional investor) Taikang Life Insurance Co., Ltd",Legal name / investor-group alias needs manual confirmation,,
2050,Mega Prime Development Limited,Named in cornerstone filing context,378,https://www1.hkexnews.hk/listedco/listconews/sehk/2025/0613/2025061300017.pdf
2050,Wind Sabre Fund SPC on behalf of Wind Sabre Opportunities Fund SP,Named in cornerstone filing context,379,https://www1.hkexnews.hk/listedco/listconews/sehk/2025/0613/2025061300017.pdf
2050,"Martis Fund, L.P",Named in cornerstone filing context,10,https://www1.hkexnews.hk/listedco/listconews/sehk/2025/0620/2025062002236.pdf
2050,Morgan Stanley & Co. International plc,Named in cornerstone filing context,10,https://www1.hkexnews.hk/listedco/listconews/sehk/2025/0620/2025062002236.pdf
2050,Jane Street Asia Trading Limited,Named in cornerstone filing context,379,https://www1.hkexnews.hk/listedco/listconews/sehk/2025/0613/2025061300017.pdf
2050,3W Fund Management Limited,Named in cornerstone filing context,11,https://www1.hkexnews.hk/listedco/listconews/sehk/2025/0620/2025062002236.pdf
2617,Jiangbei Pharmaceutical Technology (Hong Kong) Limited,Named in cornerstone filing context,4,https://www1.hkexnews.hk/listedco/listconews/sehk/2025/0620/2025062002274.pdf
2617,Sinohsc Honest Limited,Named in cornerstone filing context,5,https://www1.hkexnews.hk/listedco/listconews/sehk/2025/0620/2025062002274.pdf
2617,Pharmablock Horizon Capital Limited,Named in cornerstone filing context,5,https://www1.hkexnews.hk/listedco/listconews/sehk/2025/0620/2025062002274.pdf
2617,"Kelingan (Hong Kong) Technology Co., Limited",Named in cornerstone filing context,5,https://www1.hkexnews.hk/listedco/listconews/sehk/2025/0620/2025062002274.pdf
2617,"AKESO,INC",Legal name / investor-group alias needs manual confirmation,,
2619,"Hubei Shunjie Investment (Hong Kong) Co., Limited",Named in cornerstone filing context,5,https://www1.hkexnews.hk/listedco/listconews/sehk/2025/0624/2025062401168.pdf
2619,Hong Kong Xinghuang Holdings Limited,Named in cornerstone filing context,5,https://www1.hkexnews.hk/listedco/listconews/sehk/2025/0624/2025062401168.pdf
2619,"Hong Kong Yunxing Technology Trade Management Co., Limited",Named in cornerstone filing context,5,https://www1.hkexnews.hk/listedco/listconews/sehk/2025/0624/2025062401168.pdf
2643,Mercedes-Benz Mobility Services,Named in cornerstone filing context,7,https://www1.hkexnews.hk/listedco/listconews/sehk/2025/0624/2025062401322.pdf
2643,"Mirae Asset Securities Co., Ltd",Named in cornerstone filing context,431,https://www1.hkexnews.hk/listedco/listconews/sehk/2025/0617/2025061700008.pdf
2643,Infini Global Master Fund,Named in cornerstone filing context,7,https://www1.hkexnews.hk/listedco/listconews/sehk/2025/0624/2025062401322.pdf
2643,GOTION HIGH-TECH (HK) LIMITED,Named in cornerstone filing context,7,https://www1.hkexnews.hk/listedco/listconews/sehk/2025/0624/2025062401322.pdf
2643,EVE Asia,Legal name / investor-group alias needs manual confirmation,,
2643,RoboSense Hong Kong,Named in cornerstone filing context,7,https://www1.hkexnews.hk/listedco/listconews/sehk/2025/0624/2025062401322.pdf
6168,Yongcheng No. 2 Hong Kong Limited,Named in cornerstone filing context,5,https://www1.hkexnews.hk/listedco/listconews/sehk/2025/0625/2025062502268.pdf
6168,Jump Trading Pacific Pte. Ltd,Named in cornerstone filing context,5,https://www1.hkexnews.hk/listedco/listconews/sehk/2025/0625/2025062502268.pdf
6168,"Shenzhen Luohu Investment Holding Co., Ltd",Named in cornerstone filing context,5,https://www1.hkexnews.hk/listedco/listconews/sehk/2025/0625/2025062502268.pdf
6168,Pimlico Family Office Limited,Named in cornerstone filing context,5,https://www1.hkexnews.hk/listedco/listconews/sehk/2025/0625/2025062502268.pdf
6168,Seraphim Advantage Inc,Named in cornerstone filing context,5,https://www1.hkexnews.hk/listedco/listconews/sehk/2025/0625/2025062502268.pdf
6168,CICC Financial Trading Limited (in connection with Dreamee Yongxin OTC Swaps),Named in cornerstone filing context,5,https://www1.hkexnews.hk/listedco/listconews/sehk/2025/0625/2025062502268.pdf
6168,Lingbao Gold International Company Limited,Named in cornerstone filing context,5,https://www1.hkexnews.hk/listedco/listconews/sehk/2025/0625/2025062502268.pdf
6168,"GF Fund Management Co., Ltd",Named in cornerstone filing context,5,https://www1.hkexnews.hk/listedco/listconews/sehk/2025/0625/2025062502268.pdf
2508,GIMM Holding Limited,Named in cornerstone filing context,8,https://www1.hkexnews.hk/listedco/listconews/sehk/2025/0625/2025062502266.pdf
2508,China Asset Management (Hong Kong) Limited,Named in cornerstone filing context,8,https://www1.hkexnews.hk/listedco/listconews/sehk/2025/0625/2025062502266.pdf
2508,JKKB Limited,Named in cornerstone filing context,8,https://www1.hkexnews.hk/listedco/listconews/sehk/2025/0625/2025062502266.pdf
2508,Carl Wu,Legal name / investor-group alias needs manual confirmation,,
2508,SS Morgan Capital Limited,Named in cornerstone filing context,8,https://www1.hkexnews.hk/listedco/listconews/sehk/2025/0625/2025062502266.pdf
2508,Minwise Business Consulting Limited,Named in cornerstone filing context,8,https://www1.hkexnews.hk/listedco/listconews/sehk/2025/0625/2025062502266.pdf
2508,Wang Qianqing,Named in cornerstone filing context,8,https://www1.hkexnews.hk/listedco/listconews/sehk/2025/0625/2025062502266.pdf
9678,SensePower,Named in cornerstone filing context,5,https://www1.hkexnews.hk/listedco/listconews/sehk/2025/0627/2025062702974.pdf
9678,Nebula,Legal name / investor-group alias needs manual confirmation,,
9678,Runjian International,Named in cornerstone filing context,5,https://www1.hkexnews.hk/listedco/listconews/sehk/2025/0627/2025062702974.pdf
3880,Dragon Merit Holdings Limited,Named in cornerstone filing context,5,https://www1.hkexnews.hk/listedco/listconews/sehk/2025/0627/2025062703092.pdf
3880,Welight Capital L.P,Named in cornerstone filing context,5,https://www1.hkexnews.hk/listedco/listconews/sehk/2025/0627/2025062703092.pdf
6603,UBS Asset Management (Singapore) Ltd,Named in cornerstone filing context,5,https://www1.hkexnews.hk/listedco/listconews/sehk/2025/0627/2025062703890.pdf
6603,Black Dragon AP SPV1,Named in cornerstone filing context,5,https://www1.hkexnews.hk/listedco/listconews/sehk/2025/0627/2025062703890.pdf
6603,Enreal China Master Fund and Forreal China Value Fund,Named in cornerstone filing context,5,https://www1.hkexnews.hk/listedco/listconews/sehk/2025/0627/2025062703890.pdf
6603,HCEP Master Fund and HCEP Long Only Master Fund,Named in cornerstone filing context,5,https://www1.hkexnews.hk/listedco/listconews/sehk/2025/0627/2025062703890.pdf
6603,"China Southern Asset Management Co., Ltd",Named in cornerstone filing context,5,https://www1.hkexnews.hk/listedco/listconews/sehk/2025/0627/2025062703890.pdf
6603,GF International Investment Management Limited,Named in cornerstone filing context,6,https://www1.hkexnews.hk/listedco/listconews/sehk/2025/0627/2025062703890.pdf
6603,Harvest Oriental SP,Named in cornerstone filing context,6,https://www1.hkexnews.hk/listedco/listconews/sehk/2025/0627/2025062703890.pdf
6603,"ICBC Wealth Management Co., Ltd",Named in cornerstone filing context,6,https://www1.hkexnews.hk/listedco/listconews/sehk/2025/0627/2025062703890.pdf
6603,Jain Global Master Fund Ltd,Named in cornerstone filing context,6,https://www1.hkexnews.hk/listedco/listconews/sehk/2025/0627/2025062703890.pdf
6603,Jane Street Asia Trading Limited,Named in cornerstone filing context,6,https://www1.hkexnews.hk/listedco/listconews/sehk/2025/0627/2025062703890.pdf
6603,Mega Prime Development Limited,Named in cornerstone filing context,6,https://www1.hkexnews.hk/listedco/listconews/sehk/2025/0627/2025062703890.pdf
2592,Wealth Strategy Holding Limited,Named in cornerstone filing context,5,https://www1.hkexnews.hk/listedco/listconews/sehk/2025/0702/2025070203783.pdf
2592,The Reynold Lemkins Group (Asia) Limited,Named in cornerstone filing context,5,https://www1.hkexnews.hk/listedco/listconews/sehk/2025/0702/2025070203783.pdf
2648,"Shanghai Greenwoods Asset Management Co., Ltd. and Huatai Capital Investment Limited (in connection with the Greenwoods OTC Swaps (as defined in the Prospectus))",Legal name / investor-group alias needs manual confirmation,,
2648,Greenwoods Asset Management Hong Kong Limited,Named in cornerstone filing context,5,https://www1.hkexnews.hk/listedco/listconews/sehk/2025/0703/2025070302241.pdf
2648,HT Investment Limited,Named in cornerstone filing context,5,https://www1.hkexnews.hk/listedco/listconews/sehk/2025/0703/2025070302241.pdf
2648,"4 FCP Domains Co., Ltd",Named in cornerstone filing context,6,https://www1.hkexnews.hk/listedco/listconews/sehk/2025/0703/2025070302241.pdf
2648,NonaVerse (Hong Kong) Limited,Named in cornerstone filing context,6,https://www1.hkexnews.hk/listedco/listconews/sehk/2025/0703/2025070302241.pdf
1828,MC Management 10 RSC Ltd,Named in cornerstone filing context,5,https://www1.hkexnews.hk/listedco/listconews/sehk/2025/0704/2025070402160.pdf
1828,"T&D United Capital Co., Ltd",Named in cornerstone filing context,5,https://www1.hkexnews.hk/listedco/listconews/sehk/2025/0704/2025070402160.pdf
2590,Xiongan Intelligent Robot Limited,Named in cornerstone filing context,6,https://www1.hkexnews.hk/listedco/listconews/sehk/2025/0708/2025070801126.pdf
2590,Arc Avenue Asset Management Pte. Ltd,Named in cornerstone filing context,6,https://www1.hkexnews.hk/listedco/listconews/sehk/2025/0708/2025070801126.pdf
2590,Eastspring Investments (Singapore) Limited,Named in cornerstone filing context,6,https://www1.hkexnews.hk/listedco/listconews/sehk/2025/0708/2025070801126.pdf
2590,Etarget Limited,Named in cornerstone filing context,6,https://www1.hkexnews.hk/listedco/listconews/sehk/2025/0708/2025070801126.pdf
2597,Tongzhou International Development Limited,Named in cornerstone filing context,6,https://www1.hkexnews.hk/listedco/listconews/sehk/2025/0708/2025070801152.pdf
1304,Taikang Life,Named in cornerstone filing context,6,https://www1.hkexnews.hk/listedco/listconews/sehk/2025/0708/2025070801154.pdf
1304,Pinpoint,Legal name / investor-group alias needs manual confirmation,,
1304,3W Fund,Legal name / investor-group alias needs manual confirmation,,
1304,Wind Sabre,Named in cornerstone filing context,6,https://www1.hkexnews.hk/listedco/listconews/sehk/2025/0708/2025070801154.pdf
1304,ChinaAMC (HK),Named in cornerstone filing context,6,https://www1.hkexnews.hk/listedco/listconews/sehk/2025/0708/2025070801154.pdf
1304,Mega Prime,Named in cornerstone filing context,6,https://www1.hkexnews.hk/listedco/listconews/sehk/2025/0708/2025070801154.pdf
1304,Sanhua International Singapore,Named in cornerstone filing context,6,https://www1.hkexnews.hk/listedco/listconews/sehk/2025/0708/2025070801154.pdf
1304,Fourier Capital,Named in cornerstone filing context,6,https://www1.hkexnews.hk/listedco/listconews/sehk/2025/0708/2025070801154.pdf
1304,Torus,Legal name / investor-group alias needs manual confirmation,,
1304,Intac,Legal name / investor-group alias needs manual confirmation,,
6613,Green Better Limited,Named in cornerstone filing context,5,https://www1.hkexnews.hk/listedco/listconews/sehk/2025/0708/2025070801180.pdf
6613,Olympic Country Company Limited,Named in cornerstone filing context,5,https://www1.hkexnews.hk/listedco/listconews/sehk/2025/0708/2025070801180.pdf
6613,UBS Asset Management (Singapore) Ltd,Named in cornerstone filing context,5,https://www1.hkexnews.hk/listedco/listconews/sehk/2025/0708/2025070801180.pdf
6613,"Oaktree Capital Management, L.P",Named in cornerstone filing context,5,https://www1.hkexnews.hk/listedco/listconews/sehk/2025/0708/2025070801180.pdf
6613,LMR Multi-Strategy Master Fund Limited,Named in cornerstone filing context,6,https://www1.hkexnews.hk/listedco/listconews/sehk/2025/0708/2025070801180.pdf
6613,Redwood Elite Limited,Named in cornerstone filing context,6,https://www1.hkexnews.hk/listedco/listconews/sehk/2025/0708/2025070801180.pdf
6613,QRT Master Fund SPC,Named in cornerstone filing context,6,https://www1.hkexnews.hk/listedco/listconews/sehk/2025/0708/2025070801180.pdf
6613,Poly Platinum Enterprises Limited,Named in cornerstone filing context,284,https://www1.hkexnews.hk/listedco/listconews/sehk/2025/0630/2025063000031.pdf
6613,Infini Global Master Fund,Named in cornerstone filing context,6,https://www1.hkexnews.hk/listedco/listconews/sehk/2025/0708/2025070801180.pdf
6613,Verition Multi- Strategy Master Fund Ltd,Named in cornerstone filing context,6,https://www1.hkexnews.hk/listedco/listconews/sehk/2025/0708/2025070801180.pdf
9887,Loyal Valley Capital Advantage Fund III LP,Named in cornerstone filing context,6,https://www1.hkexnews.hk/listedco/listconews/sehk/2025/0724/2025072401812.pdf
9887,Golden Valley Global Limited,Named in cornerstone filing context,6,https://www1.hkexnews.hk/listedco/listconews/sehk/2025/0724/2025072401812.pdf
9887,"Golden Valley Value Select Master Fund (together with Loyal Valley Fund III and Golden Valley Global Limited, the LVC Entities )",Named in cornerstone filing context,6,https://www1.hkexnews.hk/listedco/listconews/sehk/2025/0724/2025072401812.pdf
9887,Shanghai Gaoyi Asset Management Partnership (Limited Partnership) and Huatai Capital Investment Limited (in connection with Huatai Back-to-back TRS and Huatai Client TRS),Legal name / investor-group alias needs manual confirmation,,
9887,Perseverance Asset Management International (Singapore) Pte. Ltd,Named in cornerstone filing context,6,https://www1.hkexnews.hk/listedco/listconews/sehk/2025/0724/2025072401812.pdf
9887,TruMed Healthcare Master Fund,Named in cornerstone filing context,6,https://www1.hkexnews.hk/listedco/listconews/sehk/2025/0724/2025072401812.pdf
9887,TruMed Health Innovation Fund LP,Named in cornerstone filing context,6,https://www1.hkexnews.hk/listedco/listconews/sehk/2025/0724/2025072401812.pdf
9887,"OrbiMed Genesis Master Fund, L.P",Named in cornerstone filing context,6,https://www1.hkexnews.hk/listedco/listconews/sehk/2025/0724/2025072401812.pdf
9887,The Biotech Growth Trust PLC,Named in cornerstone filing context,6,https://www1.hkexnews.hk/listedco/listconews/sehk/2025/0724/2025072401812.pdf
9887,Huang River Investment Limited,Named in cornerstone filing context,7,https://www1.hkexnews.hk/listedco/listconews/sehk/2025/0724/2025072401812.pdf
9887,"E Fund Management (Hong Kong) Co., Ltd",Named in cornerstone filing context,7,https://www1.hkexnews.hk/listedco/listconews/sehk/2025/0724/2025072401812.pdf
9887,FORESIGHT GLOBAL SUPERIOR CHOICE SPC – GLOBAL SUPERIOR CHOICE FUND 1 SP and Foresight Global Superior Choice SPC – Vision Fund 1 SP,Legal name / investor-group alias needs manual confirmation,,
9887,Sage Partners Master Fund,Named in cornerstone filing context,7,https://www1.hkexnews.hk/listedco/listconews/sehk/2025/0724/2025072401812.pdf
9887,"Hankang Biotech Fund III, L.P",Named in cornerstone filing context,7,https://www1.hkexnews.hk/listedco/listconews/sehk/2025/0724/2025072401812.pdf
9887,Splendid Biotech Fund L.P,Named in cornerstone filing context,7,https://www1.hkexnews.hk/listedco/listconews/sehk/2025/0724/2025072401812.pdf
2627,"Jiaxing Xinyang Private Equity Asset Management Co., Ltd. and Huatai Capital Investment Limited (in connection with Huatai Back-to-back TRS and Huatai Client TRS)",Legal name / investor-group alias needs manual confirmation,,
2591,June Star Global Limited,Named in cornerstone filing context,5,https://www1.hkexnews.hk/listedco/listconews/sehk/2025/0814/2025081401622.pdf
2591,Ginkgo Capital Global Fund SPC-XtalPi AI Fund SP,Named in cornerstone filing context,5,https://www1.hkexnews.hk/listedco/listconews/sehk/2025/0814/2025081401622.pdf
2591,Marketingforce Management Ltd,Named in cornerstone filing context,5,https://www1.hkexnews.hk/listedco/listconews/sehk/2025/0814/2025081401622.pdf
2591,DENG Haifeng (ࢤ,Named in cornerstone filing context,5,https://www1.hkexnews.hk/listedco/listconews/sehk/2025/0814/2025081401622.pdf
2591,LI Huifeng,Named in cornerstone filing context,5,https://www1.hkexnews.hk/listedco/listconews/sehk/2025/0814/2025081401622.pdf
2631,"H&T Intelligent Control International Co., Limited",Named in cornerstone filing context,5,https://www1.hkexnews.hk/listedco/listconews/sehk/2025/0819/2025081901728.pdf
2631,Mr. Lan Kun ( ᚆտ),Legal name / investor-group alias needs manual confirmation,,
6960,"Sanshui Venture Capital Co., Limited",Named in cornerstone filing context,5,https://www1.hkexnews.hk/listedco/listconews/sehk/2025/0825/2025082502151.pdf
3858,"CHINA CINDA (HK) ASSET MANAGEMENT CO., LIMITED ʮ̡",Named in cornerstone filing context,5,https://www1.hkexnews.hk/listedco/listconews/sehk/2025/0827/2025082702293.pdf
3858,LUYIN TRADING PTE. LTD,Named in cornerstone filing context,5,https://www1.hkexnews.hk/listedco/listconews/sehk/2025/0827/2025082702293.pdf
3858,"GF Fund Management Co., Ltd",Named in cornerstone filing context,5,https://www1.hkexnews.hk/listedco/listconews/sehk/2025/0827/2025082702293.pdf
3858,GF International Investment Management Limited,Named in cornerstone filing context,5,https://www1.hkexnews.hk/listedco/listconews/sehk/2025/0827/2025082702293.pdf
3858,Fullgoal Asset Management (HK) Limited,Named in cornerstone filing context,5,https://www1.hkexnews.hk/listedco/listconews/sehk/2025/0827/2025082702293.pdf
3858,"Fullgoal Fund Management Co., Ltd",Named in cornerstone filing context,5,https://www1.hkexnews.hk/listedco/listconews/sehk/2025/0827/2025082702293.pdf
3858,Zhengxin Group Investment Limited,Named in cornerstone filing context,5,https://www1.hkexnews.hk/listedco/listconews/sehk/2025/0827/2025082702293.pdf
2580,China Post Life Insurance Company Limited,Named in cornerstone filing context,5,https://www1.hkexnews.hk/listedco/listconews/sehk/2025/0901/2025090103683.pdf
2580,"PSBC Wealth Management Co., Ltd",Named in cornerstone filing context,5,https://www1.hkexnews.hk/listedco/listconews/sehk/2025/0901/2025090103683.pdf
2580,China Post Insurance and PBOC WM,Named in cornerstone filing context,5,https://www1.hkexnews.hk/listedco/listconews/sehk/2025/0901/2025090103683.pdf
2580,"Valin Group Hongkong International Trade Co., Limited",Named in cornerstone filing context,5,https://www1.hkexnews.hk/listedco/listconews/sehk/2025/0901/2025090103683.pdf
2580,"Tibet Longrising Asset Management Co., Ltd. and CICC Financial Trading Limited (in connection with Tibet Longrising OTC Swaps)",Legal name / investor-group alias needs manual confirmation,,
2580,Shenzhen Yongxin Industrial Investment Partnership Enterprise (Limited Partnership) and Guotai Junan Investments (Hong Kong) Limited (in,Legal name / investor-group alias needs manual confirmation,,
2543,Allianz Global Investors Asia Pacific Limited,Named in cornerstone filing context,5,https://www1.hkexnews.hk/listedco/listconews/sehk/2025/0908/2025090801334.pdf
2543,Greater Bay Area Development Fund Management Limited for and on behalf of the M a n a g e dA c c o u n to fM e g a Prime Development Limited,Named in cornerstone filing context,5,https://www1.hkexnews.hk/listedco/listconews/sehk/2025/0908/2025090801334.pdf
2543,Harvest International Premium Value (Secondary Market) Fund SPC acting on behalf of and for the account of Harvest Oriental SP,Named in cornerstone filing context,5,https://www1.hkexnews.hk/listedco/listconews/sehk/2025/0908/2025090801334.pdf
2543,"VEKEN (HONGKONG) ECONOMIC AND TRADE CO., LIMITED",Named in cornerstone filing context,5,https://www1.hkexnews.hk/listedco/listconews/sehk/2025/0908/2025090801334.pdf
2525,"HHLR Advisors, Ltd",Named in cornerstone filing context,5,https://www1.hkexnews.hk/listedco/listconews/sehk/2025/0915/2025091501458.pdf
2525,"Taikang Life Insurance Co., Ltd",Named in cornerstone filing context,5,https://www1.hkexnews.hk/listedco/listconews/sehk/2025/0915/2025091501458.pdf
2525,WT Asset Management Limited,Named in cornerstone filing context,5,https://www1.hkexnews.hk/listedco/listconews/sehk/2025/0915/2025091501458.pdf
2525,Grab Inc,Legal name / investor-group alias needs manual confirmation,,
2525,"Hongda Group (Hong Kong) Co., Limited",Named in cornerstone filing context,5,https://www1.hkexnews.hk/listedco/listconews/sehk/2025/0915/2025091501458.pdf
2525,Commando Global Fund,Named in cornerstone filing context,6,https://www1.hkexnews.hk/listedco/listconews/sehk/2025/0915/2025091501458.pdf
2595,"RTW Master Fund, Ltd",Named in cornerstone filing context,7,https://www1.hkexnews.hk/listedco/listconews/sehk/2025/0918/2025091801757.pdf
2595,"RTW Innovation Master Fund, Ltd",Named in cornerstone filing context,7,https://www1.hkexnews.hk/listedco/listconews/sehk/2025/0918/2025091801757.pdf
2595,RTW Biotech Opportunities Operating Ltd,Named in cornerstone filing context,7,https://www1.hkexnews.hk/listedco/listconews/sehk/2025/0918/2025091801757.pdf
2595,TruMed Health Innovation Fund LP,Named in cornerstone filing context,7,https://www1.hkexnews.hk/listedco/listconews/sehk/2025/0918/2025091801757.pdf
2595,TruMed Healthcare Master Fund,Named in cornerstone filing context,7,https://www1.hkexnews.hk/listedco/listconews/sehk/2025/0918/2025091801757.pdf
2595,"OrbiMed Genesis Master Fund, L.P",Named in cornerstone filing context,7,https://www1.hkexnews.hk/listedco/listconews/sehk/2025/0918/2025091801757.pdf
2595,OrbiMed Partners Master Fund Limited,Named in cornerstone filing context,7,https://www1.hkexnews.hk/listedco/listconews/sehk/2025/0918/2025091801757.pdf
2595,The Biotech Growth Trust PLC,Named in cornerstone filing context,7,https://www1.hkexnews.hk/listedco/listconews/sehk/2025/0918/2025091801757.pdf
2595,UBS Asset Management (Singapore) Ltd,Named in cornerstone filing context,7,https://www1.hkexnews.hk/listedco/listconews/sehk/2025/0918/2025091801757.pdf
2595,"Vivo Opportunity Fund Holdings, L.P",Named in cornerstone filing context,7,https://www1.hkexnews.hk/listedco/listconews/sehk/2025/0918/2025091801757.pdf
2595,"Vivo Opportunity Caymen Fund, L.P",Named in cornerstone filing context,7,https://www1.hkexnews.hk/listedco/listconews/sehk/2025/0918/2025091801757.pdf
2595,China Universal Asset Management (Hong Kong) Company Limited,Named in cornerstone filing context,7,https://www1.hkexnews.hk/listedco/listconews/sehk/2025/0918/2025091801757.pdf
2595,"Fullgoal Fund Management Co., Ltd",Named in cornerstone filing context,7,https://www1.hkexnews.hk/listedco/listconews/sehk/2025/0918/2025091801757.pdf
2595,Fullgoal Asset Management (HK) Limited,Named in cornerstone filing context,7,https://www1.hkexnews.hk/listedco/listconews/sehk/2025/0918/2025091801757.pdf
2595,CITIC Securities International Capital Management Limited (in connection with Tibet Longrising OTC Swaps),Named in cornerstone filing context,8,https://www1.hkexnews.hk/listedco/listconews/sehk/2025/0918/2025091801757.pdf
2595,LBC HK Opportunity Fund Limited,Named in cornerstone filing context,35,https://www1.hkexnews.hk/listedco/listconews/sehk/2025/0918/2025091801757.pdf
2595,Lake Bleu Prime Healthcare Fund,Named in cornerstone filing context,8,https://www1.hkexnews.hk/listedco/listconews/sehk/2025/0918/2025091801757.pdf
2595,Lake Bleu Innovation Fund,Named in cornerstone filing context,8,https://www1.hkexnews.hk/listedco/listconews/sehk/2025/0918/2025091801757.pdf
6090,Multi-Strategy SPC - Bosideng Industry Investment Fund SP,Named in cornerstone filing context,6,https://www1.hkexnews.hk/listedco/listconews/sehk/2025/0922/2025092201984.pdf
6090,"Shanghai Tongyi Investment Management Co., Ltd. and Huatai Capital Investment Limited (in connection with a back-to-back total return swap)",Legal name / investor-group alias needs manual confirmation,,
6090,Great Praise Investment SPC - Selected AI Fund SP,Named in cornerstone filing context,6,https://www1.hkexnews.hk/listedco/listconews/sehk/2025/0922/2025092201984.pdf
9973,JSC International Investment Fund SPC (acting for and on behalf of ShanRui SP),Named in cornerstone filing context,5,https://www1.hkexnews.hk/listedco/listconews/sehk/2025/0924/2025092401262.pdf
9973,"HHLR Advisors, Ltd",Named in cornerstone filing context,5,https://www1.hkexnews.hk/listedco/listconews/sehk/2025/0924/2025092401262.pdf
9973,"Shanghai Greenwoods Asset Management Co., Ltd and CICC Financial Trading Limited (in connection with Greenwoods OTC Swaps)",Legal name / investor-group alias needs manual confirmation,,
9973,Greenwoods Asset Management Hong Kong Limited,Named in cornerstone filing context,6,https://www1.hkexnews.hk/listedco/listconews/sehk/2025/0924/2025092401262.pdf
9973,Huangshan Construction Investment (Hong Kong) International Limited,Named in cornerstone filing context,6,https://www1.hkexnews.hk/listedco/listconews/sehk/2025/0924/2025092401262.pdf
9973,Jinghui Ruiying (Hong Kong) Limited,Named in cornerstone filing context,6,https://www1.hkexnews.hk/listedco/listconews/sehk/2025/0924/2025092401262.pdf
9973,Horizon Together Holding Ltd,Named in cornerstone filing context,6,https://www1.hkexnews.hk/listedco/listconews/sehk/2025/0924/2025092401262.pdf
9973,"Dajia Life Insurance Co., Ltd",Named in cornerstone filing context,6,https://www1.hkexnews.hk/listedco/listconews/sehk/2025/0924/2025092401262.pdf
9973,"Martis Fund, L.P",Named in cornerstone filing context,6,https://www1.hkexnews.hk/listedco/listconews/sehk/2025/0924/2025092401262.pdf
9973,GOTION HIGH-TECH (HK) LIMITED,Named in cornerstone filing context,6,https://www1.hkexnews.hk/listedco/listconews/sehk/2025/0924/2025092401262.pdf
9973,Hefei Jianhui Zhanxin Cornerstone Investment Company Limited,Named in cornerstone filing context,6,https://www1.hkexnews.hk/listedco/listconews/sehk/2025/0924/2025092401262.pdf
9973,"PSBC Wealth Management Co., Ltd. (through GF Securities Asset Management (Guangdong) Co., Ltd as the qualified domestic institutional investor)",Legal name / investor-group alias needs manual confirmation,,
9973,Xingyu Automotive Lighting (Hong Kong) Company Limited,Named in cornerstone filing context,6,https://www1.hkexnews.hk/listedco/listconews/sehk/2025/0924/2025092401262.pdf
2889,Horizon Together Holding Ltd,Named in cornerstone filing context,6,https://www1.hkexnews.hk/listedco/listconews/sehk/2025/0929/2025092903622.pdf
2889,JSC International Investment Fund SPC (acting for and on behalf of Huangshan SP),Named in cornerstone filing context,6,https://www1.hkexnews.hk/listedco/listconews/sehk/2025/0929/2025092903622.pdf
2889,Smart Ventures Limited,Named in cornerstone filing context,6,https://www1.hkexnews.hk/listedco/listconews/sehk/2025/0929/2025092903622.pdf
2259,GIC Private Limited,Named in cornerstone filing context,6,https://www1.hkexnews.hk/listedco/listconews/sehk/2025/0929/2025092903788.pdf
2259,"HHLR Advisors, Ltd",Named in cornerstone filing context,6,https://www1.hkexnews.hk/listedco/listconews/sehk/2025/0929/2025092903788.pdf
2259,BlackRock Funds,Named in cornerstone filing context,6,https://www1.hkexnews.hk/listedco/listconews/sehk/2025/0929/2025092903788.pdf
2259,"Schroder Investment Management Limited, Schroder Investment Management (Singapore) Ltd",Named in cornerstone filing context,6,https://www1.hkexnews.hk/listedco/listconews/sehk/2025/0929/2025092903788.pdf
2259,Schroder Investment Management (Hong Kong) Limited,Named in cornerstone filing context,6,https://www1.hkexnews.hk/listedco/listconews/sehk/2025/0929/2025092903788.pdf
2259,Perseverance Asset Management International (Singapore) Pte. Ltd,Named in cornerstone filing context,6,https://www1.hkexnews.hk/listedco/listconews/sehk/2025/0929/2025092903788.pdf
2259,Shanghai Gaoyi Asset Management Partnership (Limited Partnership) and CITIC Securities International,Legal name / investor-group alias needs manual confirmation,,
2259,Capital Management Limited (in connection with CITICS Back-to- back TRS and CITICS Client TRS) FIL Investment Management (Hong Kong) Limited,Legal name / investor-group alias needs manual confirmation,,
2259,"Shanghai Greenwoods Asset Management Co., Ltd and CSICM (in connection with CITICS Back-to- back TRS and CITICS Client TRS)",Legal name / investor-group alias needs manual confirmation,,
2259,Greenwoods Asset Management Hong Kong Limited,Named in cornerstone filing context,529,https://www1.hkexnews.hk/listedco/listconews/sehk/2025/0919/2025091900073.pdf
2259,Baillie Gifford Overseas Limited and Baillie Gifford & Co (together Baillie Gifford),Named in cornerstone filing context,529,https://www1.hkexnews.hk/listedco/listconews/sehk/2025/0919/2025091900073.pdf
2259,"Pacific Asset Management Co., Limited and CPIC Investment Management (H.K.)",Legal name / investor-group alias needs manual confirmation,,
2259,"Taikang Life Insurance Co., Ltd",Named in cornerstone filing context,521,https://www1.hkexnews.hk/listedco/listconews/sehk/2025/0919/2025091900073.pdf
2259,"China Universal Asset Management Company Limited and China Universal Asset Management (Hong Kong) Company Limited , together with CUAM, China Universal Investors",Legal name / investor-group alias needs manual confirmation,,
2259,UBS Asset Management (Singapore) Ltd,Named in cornerstone filing context,532,https://www1.hkexnews.hk/listedco/listconews/sehk/2025/0919/2025091900073.pdf
2259,GF International Investment Management Limited,Named in cornerstone filing context,533,https://www1.hkexnews.hk/listedco/listconews/sehk/2025/0919/2025091900073.pdf
2259,Dao Yi Capital Limited,Named in cornerstone filing context,533,https://www1.hkexnews.hk/listedco/listconews/sehk/2025/0919/2025091900073.pdf
2259,New Golden Future Limited,Named in cornerstone filing context,19,https://www1.hkexnews.hk/listedco/listconews/sehk/2025/0929/2025092903788.pdf
2259,RBC Global Asset Management (Asia) Limited,Named in cornerstone filing context,11,https://www1.hkexnews.hk/listedco/listconews/sehk/2025/0929/2025092903788.pdf
2259,Invesco Hong Kong Limited,Named in cornerstone filing context,535,https://www1.hkexnews.hk/listedco/listconews/sehk/2025/0919/2025091900073.pdf
2259,CPE River Investment Limited,Named in cornerstone filing context,535,https://www1.hkexnews.hk/listedco/listconews/sehk/2025/0919/2025091900073.pdf
2259,"Oaktree Capital Management, L.P",Named in cornerstone filing context,535,https://www1.hkexnews.hk/listedco/listconews/sehk/2025/0919/2025091900073.pdf
2259,"Mirae Asset Securities Co., Ltd. , Mirae Asset Global Investments Co., Ltd. , and Mirae Asset Securities (HK) Ltd. (together, the Mirae Asset Financial Group)",Legal name / investor-group alias needs manual confirmation,,
2259,Fullgoal Asset Management (HK) Limited,Named in cornerstone filing context,537,https://www1.hkexnews.hk/listedco/listconews/sehk/2025/0919/2025091900073.pdf
2259,"Fullgoal Fund Management Co., Ltd",Named in cornerstone filing context,521,https://www1.hkexnews.hk/listedco/listconews/sehk/2025/0919/2025091900073.pdf
2259,IDG Breyer Capital Fund L.P,Named in cornerstone filing context,538,https://www1.hkexnews.hk/listedco/listconews/sehk/2025/0919/2025091900073.pdf
2259,Arc Avenue Asset Management Pte. Ltd,Named in cornerstone filing context,10,https://www1.hkexnews.hk/listedco/listconews/sehk/2025/0929/2025092903788.pdf
2259,Greater Bay Area Homeland Investments Limited,Named in cornerstone filing context,10,https://www1.hkexnews.hk/listedco/listconews/sehk/2025/0929/2025092903788.pdf
2259,"Millennium Capital Management (Singapore) Pte. Ltd., and its affiliated entities",Named in cornerstone filing context,10,https://www1.hkexnews.hk/listedco/listconews/sehk/2025/0929/2025092903788.pdf
2259,Globe Asia Investments Limited,Named in cornerstone filing context,10,https://www1.hkexnews.hk/listedco/listconews/sehk/2025/0929/2025092903788.pdf
2259,Sparky International Company Limited,Named in cornerstone filing context,10,https://www1.hkexnews.hk/listedco/listconews/sehk/2025/0929/2025092903788.pdf
2575,Beijing Denov Ruilang Phase XV Equity Investment Fund Center (Limited Partnership),Named in cornerstone filing context,6,https://www1.hkexnews.hk/listedco/listconews/sehk/2025/1014/2025101401222.pdf
2637,Harvest International Premium Value (Secondary Market) Fund SPC acting on behalf of and for the account of Harvest Oriental SP,Named in cornerstone filing context,5,https://www1.hkexnews.hk/listedco/listconews/sehk/2025/1017/2025101701654.pdf
6687,"Blue Lake Capital Opportunity Fund I, L.P",Named in cornerstone filing context,5,https://www1.hkexnews.hk/listedco/listconews/sehk/2025/1020/2025102001624.pdf
6687,"China Universal Asset Management Co., Ltd and China Universal Asset Management (Hong Kong) Company Limited , together with CUAM, each a Cornerstone Investor and collectively the CUAM Entities",Legal name / investor-group alias needs manual confirmation,,
6687,Dymon Asia Multi-Strategy Investment Master Fund,Named in cornerstone filing context,5,https://www1.hkexnews.hk/listedco/listconews/sehk/2025/1020/2025102001624.pdf
6687,Fourier Capital Management Limited,Named in cornerstone filing context,5,https://www1.hkexnews.hk/listedco/listconews/sehk/2025/1020/2025102001624.pdf
6687,GRANITE ASIA VIII INVESTMENTS PTE. LTD,Named in cornerstone filing context,5,https://www1.hkexnews.hk/listedco/listconews/sehk/2025/1020/2025102001624.pdf
6687,Greenwoods Asset Management Hong Kong Limited,Named in cornerstone filing context,6,https://www1.hkexnews.hk/listedco/listconews/sehk/2025/1020/2025102001624.pdf
6687,GTCS Holdings Limited,Named in cornerstone filing context,6,https://www1.hkexnews.hk/listedco/listconews/sehk/2025/1020/2025102001624.pdf
6687,"HSG Growth VI Holdco F, Ltd",Named in cornerstone filing context,6,https://www1.hkexnews.hk/listedco/listconews/sehk/2025/1020/2025102001624.pdf
6687,Jain Global Master Fund Ltd,Named in cornerstone filing context,6,https://www1.hkexnews.hk/listedco/listconews/sehk/2025/1020/2025102001624.pdf
6687,Perseverance Asset Management International (Singapore) Pte. Ltd,Named in cornerstone filing context,6,https://www1.hkexnews.hk/listedco/listconews/sehk/2025/1020/2025102001624.pdf
6687,Stoneylake Global Alpha Fund,Named in cornerstone filing context,6,https://www1.hkexnews.hk/listedco/listconews/sehk/2025/1020/2025102001624.pdf
6687,WT Asset Management Limited,Named in cornerstone filing context,6,https://www1.hkexnews.hk/listedco/listconews/sehk/2025/1020/2025102001624.pdf
6687,3W Fund Management Limited,Named in cornerstone filing context,6,https://www1.hkexnews.hk/listedco/listconews/sehk/2025/1020/2025102001624.pdf
0638,"Pacific Asset Management Co., Limited",Named in cornerstone filing context,361,https://www1.hkexnews.hk/listedco/listconews/sehk/2025/1014/2025101400007.pdf
0638,CPIC (HK),Legal name / investor-group alias needs manual confirmation,,
0638,"GF Fund Management Co., Ltd",Named in cornerstone filing context,362,https://www1.hkexnews.hk/listedco/listconews/sehk/2025/1014/2025101400007.pdf
0638,GF International,Named in cornerstone filing context,6,https://www1.hkexnews.hk/listedco/listconews/sehk/2025/1021/2025102101036.pdf
0638,Ruihua Investment,Named in cornerstone filing context,6,https://www1.hkexnews.hk/listedco/listconews/sehk/2025/1021/2025102101036.pdf
6031,Infore Funds Series 2 Open-ended Fund Company – Infore Technology Fund 2,Named in cornerstone filing context,5,https://www1.hkexnews.hk/listedco/listconews/sehk/2025/1027/2025102701586.pdf
6031,UBS Asset Management (Singapore) Ltd,Named in cornerstone filing context,9,https://www1.hkexnews.hk/listedco/listconews/sehk/2025/1027/2025102701586.pdf
6031,LMR Multi-Strategy Master Fund Limited,Named in cornerstone filing context,475,https://www1.hkexnews.hk/listedco/listconews/sehk/2025/1020/2025102000017.pdf
6031,BlackRock Funds,Named in cornerstone filing context,7,https://www1.hkexnews.hk/listedco/listconews/sehk/2025/1027/2025102701586.pdf
6031,RBC Global Asset Management (Asia) Limited,Named in cornerstone filing context,476,https://www1.hkexnews.hk/listedco/listconews/sehk/2025/1020/2025102000017.pdf
6031,WT Asset Management Limited,Named in cornerstone filing context,476,https://www1.hkexnews.hk/listedco/listconews/sehk/2025/1020/2025102000017.pdf
6031,"Oaktree Capital Management, L.P",Named in cornerstone filing context,477,https://www1.hkexnews.hk/listedco/listconews/sehk/2025/1020/2025102000017.pdf
6031,Foresight Global Superior Choice SPC — Global Superior Choice Series Fund 1 SP and Foresight Global Superior Choice SPC — Vision Fund 1 SP,Legal name / investor-group alias needs manual confirmation,,
6031,Shanghai Gaoyi and CITIC Securities International Capital Management Limited (in connection with CITICS Back-to-back TRS and CITICS Client TRS),Named in cornerstone filing context,470,https://www1.hkexnews.hk/listedco/listconews/sehk/2025/1020/2025102000017.pdf
6031,Perseverance Asset Management International (Singapore) Pte. Ltd,Named in cornerstone filing context,479,https://www1.hkexnews.hk/listedco/listconews/sehk/2025/1020/2025102000017.pdf
6031,Greenwoods Asset Management Hong Kong Limited,Named in cornerstone filing context,480,https://www1.hkexnews.hk/listedco/listconews/sehk/2025/1020/2025102000017.pdf
6031,Pinpoint Asset Management Limited,Named in cornerstone filing context,480,https://www1.hkexnews.hk/listedco/listconews/sehk/2025/1020/2025102000017.pdf
6031,Shanghai Pinpoint and CICC Financial Trading Limited (in connection with Pinpoint OTC Swaps),Named in cornerstone filing context,470,https://www1.hkexnews.hk/listedco/listconews/sehk/2025/1020/2025102000017.pdf
6031,Jane Street Asia Trading Limited,Named in cornerstone filing context,7,https://www1.hkexnews.hk/listedco/listconews/sehk/2025/1027/2025102701586.pdf
6031,FengHe Asia Fund Ltd,Named in cornerstone filing context,7,https://www1.hkexnews.hk/listedco/listconews/sehk/2025/1027/2025102701586.pdf
6031,Qube Master Fund Ltd,Named in cornerstone filing context,7,https://www1.hkexnews.hk/listedco/listconews/sehk/2025/1027/2025102701586.pdf
6031,"Weichai Power Hong Kong International Development Co., Ltd",Named in cornerstone filing context,7,https://www1.hkexnews.hk/listedco/listconews/sehk/2025/1027/2025102701586.pdf
6031,"Dajia Life Insurance Co., Ltd",Named in cornerstone filing context,7,https://www1.hkexnews.hk/listedco/listconews/sehk/2025/1027/2025102701586.pdf
6031,"Shaanxi Fast Auto Drive Group Co., Ltd",Named in cornerstone filing context,7,https://www1.hkexnews.hk/listedco/listconews/sehk/2025/1027/2025102701586.pdf
6031,Value Partners Hong Kong Limited,Named in cornerstone filing context,7,https://www1.hkexnews.hk/listedco/listconews/sehk/2025/1027/2025102701586.pdf
6166,Baring Asset Management (Asia) Limited,Named in cornerstone filing context,5,https://www1.hkexnews.hk/listedco/listconews/sehk/2025/1027/2025102701698.pdf
6166,Morgan Stanley & Co. International plc,Named in cornerstone filing context,5,https://www1.hkexnews.hk/listedco/listconews/sehk/2025/1027/2025102701698.pdf
6166,HCEP Management Limited,Named in cornerstone filing context,5,https://www1.hkexnews.hk/listedco/listconews/sehk/2025/1027/2025102701698.pdf
6166,Arc Avenue Asset Management Pte. Ltd,Named in cornerstone filing context,5,https://www1.hkexnews.hk/listedco/listconews/sehk/2025/1027/2025102701698.pdf
6166,CloudAlpha Capital Management Limited,Named in cornerstone filing context,5,https://www1.hkexnews.hk/listedco/listconews/sehk/2025/1027/2025102701698.pdf
6166,Turing International Limited,Named in cornerstone filing context,5,https://www1.hkexnews.hk/listedco/listconews/sehk/2025/1027/2025102701698.pdf
6166,Cithara Global Multi-Strategy SPC — Bosideng Industry Investment Fund SP,Named in cornerstone filing context,6,https://www1.hkexnews.hk/listedco/listconews/sehk/2025/1027/2025102701698.pdf
6166,3W Fund Management Limited,Named in cornerstone filing context,6,https://www1.hkexnews.hk/listedco/listconews/sehk/2025/1027/2025102701698.pdf
6166,Schonfeld Strategic Advisors (Hong Kong) Limited,Named in cornerstone filing context,6,https://www1.hkexnews.hk/listedco/listconews/sehk/2025/1027/2025102701698.pdf
6166,Infini Global Master Fund,Named in cornerstone filing context,6,https://www1.hkexnews.hk/listedco/listconews/sehk/2025/1027/2025102701698.pdf
6166,Alpine Investment Management Limited,Named in cornerstone filing context,6,https://www1.hkexnews.hk/listedco/listconews/sehk/2025/1027/2025102701698.pdf
6166,Dymon Asia Multi-Strategy Investment Master Fund,Named in cornerstone filing context,6,https://www1.hkexnews.hk/listedco/listconews/sehk/2025/1027/2025102701698.pdf
6166,Aqua Ocean Limited,Named in cornerstone filing context,6,https://www1.hkexnews.hk/listedco/listconews/sehk/2025/1027/2025102701698.pdf
6166,"Martis Fund, L.P",Named in cornerstone filing context,6,https://www1.hkexnews.hk/listedco/listconews/sehk/2025/1027/2025102701698.pdf
6166,"Taikang Life Insurance Co., Ltd",Named in cornerstone filing context,6,https://www1.hkexnews.hk/listedco/listconews/sehk/2025/1027/2025102701698.pdf
6166,"ICBC Wealth Management Co., Ltd",Named in cornerstone filing context,6,https://www1.hkexnews.hk/listedco/listconews/sehk/2025/1027/2025102701698.pdf
2718,Huang River Investment Limited,Named in cornerstone filing context,6,https://www1.hkexnews.hk/listedco/listconews/sehk/2025/1031/2025103103042.pdf
2718,Ms. Minfang Guo (ٹ,Named in cornerstone filing context,6,https://www1.hkexnews.hk/listedco/listconews/sehk/2025/1031/2025103103042.pdf
2718,Treasure-stone Investment Group Limited,Named in cornerstone filing context,6,https://www1.hkexnews.hk/listedco/listconews/sehk/2025/1031/2025103103042.pdf
2718,Ms. Lina Bao (ࢆ,Named in cornerstone filing context,6,https://www1.hkexnews.hk/listedco/listconews/sehk/2025/1031/2025103103042.pdf
2718,Hundreds Capital,Named in cornerstone filing context,6,https://www1.hkexnews.hk/listedco/listconews/sehk/2025/1031/2025103103042.pdf
2718,GFH Financial Group B.S.C,Named in cornerstone filing context,6,https://www1.hkexnews.hk/listedco/listconews/sehk/2025/1031/2025103103042.pdf
2718,QuantumPharm Limited,Named in cornerstone filing context,6,https://www1.hkexnews.hk/listedco/listconews/sehk/2025/1031/2025103103042.pdf
9927,Chongqing Industrial Investment Parent Fund Enterprise Partnership (L.P.),Named in cornerstone filing context,7,https://www1.hkexnews.hk/listedco/listconews/sehk/2025/1104/2025110402282.pdf
9927,"Shenzhen Lin Yuan Investment Management Co., Ltd. and Huatai Capital Investment Limited (in connection with Huatai Back-to-back TRS and Linyuan TRS)",Legal name / investor-group alias needs manual confirmation,,
9927,"GF Fund Management Co., Ltd",Named in cornerstone filing context,7,https://www1.hkexnews.hk/listedco/listconews/sehk/2025/1104/2025110402282.pdf
9927,GF International Investment Management Limited,Named in cornerstone filing context,7,https://www1.hkexnews.hk/listedco/listconews/sehk/2025/1104/2025110402282.pdf
9927,New China Asset Management (Hong Kong) Limited,Named in cornerstone filing context,7,https://www1.hkexnews.hk/listedco/listconews/sehk/2025/1104/2025110402282.pdf
9927,BESS Broadway Limited,Named in cornerstone filing context,7,https://www1.hkexnews.hk/listedco/listconews/sehk/2025/1104/2025110402282.pdf
9927,Sanhua (Hong Kong) Co Limited,Named in cornerstone filing context,7,https://www1.hkexnews.hk/listedco/listconews/sehk/2025/1104/2025110402282.pdf
9927,Zhongsheng Holdings Company Limited,Named in cornerstone filing context,7,https://www1.hkexnews.hk/listedco/listconews/sehk/2025/1104/2025110402282.pdf
9927,Zhink International Pte. Ltd,Named in cornerstone filing context,7,https://www1.hkexnews.hk/listedco/listconews/sehk/2025/1104/2025110402282.pdf
9927,Gold Wings Holdings Limited,Named in cornerstone filing context,7,https://www1.hkexnews.hk/listedco/listconews/sehk/2025/1104/2025110402282.pdf
9927,Honour Goal Investments Limited,Named in cornerstone filing context,7,https://www1.hkexnews.hk/listedco/listconews/sehk/2025/1104/2025110402282.pdf
9927,Hichain Logistics (Hong Kong) Limited,Named in cornerstone filing context,7,https://www1.hkexnews.hk/listedco/listconews/sehk/2025/1104/2025110402282.pdf
9927,"Schroder Investment Management (Singapore) Ltd and Schroder Investment Management (Hong Kong) Limited (collectively, Schroder )",Named in cornerstone filing context,8,https://www1.hkexnews.hk/listedco/listconews/sehk/2025/1104/2025110402282.pdf
9927,"Mirae Asset Securities Co., Ltd",Named in cornerstone filing context,8,https://www1.hkexnews.hk/listedco/listconews/sehk/2025/1104/2025110402282.pdf
9927,New Alternative Limited,Named in cornerstone filing context,8,https://www1.hkexnews.hk/listedco/listconews/sehk/2025/1104/2025110402282.pdf
9927,"PSBC Wealth Management Co., Ltd",Named in cornerstone filing context,8,https://www1.hkexnews.hk/listedco/listconews/sehk/2025/1104/2025110402282.pdf
9927,"Skyler International Co., Ltd",Named in cornerstone filing context,8,https://www1.hkexnews.hk/listedco/listconews/sehk/2025/1104/2025110402282.pdf
9927,Xingyu Automotive Lighting (Hong Kong) Company Limited,Named in cornerstone filing context,8,https://www1.hkexnews.hk/listedco/listconews/sehk/2025/1104/2025110402282.pdf
9927,China MeiDong Auto Holdings Limited,Named in cornerstone filing context,8,https://www1.hkexnews.hk/listedco/listconews/sehk/2025/1104/2025110402282.pdf
9927,Ghisallo Fund Master Ltd,Named in cornerstone filing context,8,https://www1.hkexnews.hk/listedco/listconews/sehk/2025/1104/2025110402282.pdf
9927,Jump Trading Pacific Pte. Ltd,Named in cornerstone filing context,8,https://www1.hkexnews.hk/listedco/listconews/sehk/2025/1104/2025110402282.pdf
9927,Jain Global Master Fund Ltd,Named in cornerstone filing context,8,https://www1.hkexnews.hk/listedco/listconews/sehk/2025/1104/2025110402282.pdf
9927,China Alpha Fund Management (HK) Limited,Named in cornerstone filing context,8,https://www1.hkexnews.hk/listedco/listconews/sehk/2025/1104/2025110402282.pdf
2026,Eastspring Investments (Singapore) Limited,Named in cornerstone filing context,8,https://www1.hkexnews.hk/listedco/listconews/sehk/2025/1105/2025110502018.pdf
2026,Ghisallo Fund Master Ltd,Named in cornerstone filing context,8,https://www1.hkexnews.hk/listedco/listconews/sehk/2025/1105/2025110502018.pdf
2026,Athos Capital Limited,Named in cornerstone filing context,8,https://www1.hkexnews.hk/listedco/listconews/sehk/2025/1105/2025110502018.pdf
2026,Hel Ved Master Fund,Named in cornerstone filing context,8,https://www1.hkexnews.hk/listedco/listconews/sehk/2025/1105/2025110502018.pdf
2026,Ocean Arete Limited,Named in cornerstone filing context,8,https://www1.hkexnews.hk/listedco/listconews/sehk/2025/1105/2025110502018.pdf
0699,Jun Sheng SP,Named in cornerstone filing context,6,https://www1.hkexnews.hk/listedco/listconews/sehk/2025/1105/2025110502028.pdf
0699,"Ningbo Xinzhi Industrial Investment Co., Ltd",Named in cornerstone filing context,6,https://www1.hkexnews.hk/listedco/listconews/sehk/2025/1105/2025110502028.pdf
0699,Jump Trading Pacific Pte. Ltd,Named in cornerstone filing context,6,https://www1.hkexnews.hk/listedco/listconews/sehk/2025/1105/2025110502028.pdf
0699,Eastern Bell Capital VIII Investment Limited,Named in cornerstone filing context,6,https://www1.hkexnews.hk/listedco/listconews/sehk/2025/1105/2025110502028.pdf
0699,"PSBC Wealth Management Co., Ltd",Named in cornerstone filing context,6,https://www1.hkexnews.hk/listedco/listconews/sehk/2025/1105/2025110502028.pdf
0699,Vandi Investments Limited,Named in cornerstone filing context,6,https://www1.hkexnews.hk/listedco/listconews/sehk/2025/1105/2025110502028.pdf
0699,"Fidelidade – Companhia de Seguros, S.A",Named in cornerstone filing context,6,https://www1.hkexnews.hk/listedco/listconews/sehk/2025/1105/2025110502028.pdf
2698,Arc Avenue,Named in cornerstone filing context,7,https://www1.hkexnews.hk/listedco/listconews/sehk/2025/1107/2025110701708.pdf
2698,Beijing Shunao,Named in cornerstone filing context,7,https://www1.hkexnews.hk/listedco/listconews/sehk/2025/1107/2025110701708.pdf
2698,CDH Emerging Markets,Named in cornerstone filing context,7,https://www1.hkexnews.hk/listedco/listconews/sehk/2025/1107/2025110701708.pdf
2698,HCEP Funds,Named in cornerstone filing context,7,https://www1.hkexnews.hk/listedco/listconews/sehk/2025/1107/2025110701708.pdf
2698,NewTrails Capital,Named in cornerstone filing context,7,https://www1.hkexnews.hk/listedco/listconews/sehk/2025/1107/2025110701708.pdf
2698,NewTrails Forest,Named in cornerstone filing context,7,https://www1.hkexnews.hk/listedco/listconews/sehk/2025/1107/2025110701708.pdf
2698,China Southern,Named in cornerstone filing context,7,https://www1.hkexnews.hk/listedco/listconews/sehk/2025/1107/2025110701708.pdf
2698,Fullgoal Fund,Named in cornerstone filing context,7,https://www1.hkexnews.hk/listedco/listconews/sehk/2025/1107/2025110701708.pdf
2698,"E Fund Management Co., Ltd",Named in cornerstone filing context,415,https://www1.hkexnews.hk/listedco/listconews/sehk/2025/1031/2025103100021.pdf
2698,E Fund HK,Legal name / investor-group alias needs manual confirmation,,
2698,Charisma Mega,Named in cornerstone filing context,7,https://www1.hkexnews.hk/listedco/listconews/sehk/2025/1107/2025110701708.pdf
2698,TruMed Healthcare,Named in cornerstone filing context,7,https://www1.hkexnews.hk/listedco/listconews/sehk/2025/1107/2025110701708.pdf
2698,TruMed Innovation Fund,Named in cornerstone filing context,7,https://www1.hkexnews.hk/listedco/listconews/sehk/2025/1107/2025110701708.pdf
2698,Qihui Runjin,Named in cornerstone filing context,7,https://www1.hkexnews.hk/listedco/listconews/sehk/2025/1107/2025110701708.pdf
2698,ChinaAMC (HK),Named in cornerstone filing context,7,https://www1.hkexnews.hk/listedco/listconews/sehk/2025/1107/2025110701708.pdf
2579,Pointer Investment (Hong Kong) Limited,Named in cornerstone filing context,6,https://www1.hkexnews.hk/listedco/listconews/sehk/2025/1116/2025111600003.pdf
2579,"CALB Group Co., Ltd",Named in cornerstone filing context,6,https://www1.hkexnews.hk/listedco/listconews/sehk/2025/1116/2025111600003.pdf
2579,Dongsheng Pulead Technology and Guotai Junan Investments (Hong Kong) Limited (in connection with Dongsheng Pulead OTC Swaps),Named in cornerstone filing context,6,https://www1.hkexnews.hk/listedco/listconews/sehk/2025/1116/2025111600003.pdf
2579,Shanghai Gaoyi and Huatai Capital Investment Limited (in connection with Gaoyi OTC Swaps),Named in cornerstone filing context,6,https://www1.hkexnews.hk/listedco/listconews/sehk/2025/1116/2025111600003.pdf
2579,Hunan Xingxiang Emerging Industry Investment Fund Partnership (Limited Partnership),Named in cornerstone filing context,6,https://www1.hkexnews.hk/listedco/listconews/sehk/2025/1116/2025111600003.pdf
2579,Lens International (HK) Limited,Named in cornerstone filing context,7,https://www1.hkexnews.hk/listedco/listconews/sehk/2025/1116/2025111600003.pdf
2788,China Hongqiao Group Limited,Named in cornerstone filing context,9,https://www1.hkexnews.hk/listedco/listconews/sehk/2025/1121/2025112101421.pdf
2788,Taikang Life,Named in cornerstone filing context,9,https://www1.hkexnews.hk/listedco/listconews/sehk/2025/1121/2025112101421.pdf
2788,Glencore AG,Named in cornerstone filing context,9,https://www1.hkexnews.hk/listedco/listconews/sehk/2025/1121/2025112101421.pdf
2788,Mercuria Holdings (Singapore) Pte. Ltd,Named in cornerstone filing context,9,https://www1.hkexnews.hk/listedco/listconews/sehk/2025/1121/2025112101421.pdf
2788,HK Greenwoods,Named in cornerstone filing context,9,https://www1.hkexnews.hk/listedco/listconews/sehk/2025/1121/2025112101421.pdf
2788,Shanghai Greenwoods and CICC FT (in connection with Greenwoods OTC Swaps),Named in cornerstone filing context,9,https://www1.hkexnews.hk/listedco/listconews/sehk/2025/1121/2025112101421.pdf
2788,Turquoise Hime (ORIX),Legal name / investor-group alias needs manual confirmation,,
2788,Investcorp,Named in cornerstone filing context,6,https://www1.hkexnews.hk/listedco/listconews/sehk/2025/1121/2025112101421.pdf
2788,CPIC IMHK,Legal name / investor-group alias needs manual confirmation,,
2788,GF Fund,Legal name / investor-group alias needs manual confirmation,,
2788,Fullgoal HK and Fullgoal Fund,Named in cornerstone filing context,6,https://www1.hkexnews.hk/listedco/listconews/sehk/2025/1121/2025112101421.pdf
2788,Millennium ICSA,Named in cornerstone filing context,6,https://www1.hkexnews.hk/listedco/listconews/sehk/2025/1121/2025112101421.pdf
2788,Jane Street,Named in cornerstone filing context,6,https://www1.hkexnews.hk/listedco/listconews/sehk/2025/1121/2025112101421.pdf
2788,Polymer,Legal name / investor-group alias needs manual confirmation,,
2788,Pointer Investment,Named in cornerstone filing context,6,https://www1.hkexnews.hk/listedco/listconews/sehk/2025/1121/2025112101421.pdf
2788,Brilliant Partners Fund LP and China Core Fund,Named in cornerstone filing context,6,https://www1.hkexnews.hk/listedco/listconews/sehk/2025/1121/2025112101421.pdf
2788,Cephei Capital,Named in cornerstone filing context,6,https://www1.hkexnews.hk/listedco/listconews/sehk/2025/1121/2025112101421.pdf
9609,Horizon Splendor Limited,Named in cornerstone filing context,8,https://www1.hkexnews.hk/listedco/listconews/sehk/2025/1127/2025112701630.pdf
2693,Pingmei Shenma (Hong Kong) International Investment Limited,Named in cornerstone filing context,6,https://www1.hkexnews.hk/listedco/listconews/sehk/2025/1202/2025120202632.pdf
2693,Hong Kong Chuangli Yingtai Investment Limited,Named in cornerstone filing context,6,https://www1.hkexnews.hk/listedco/listconews/sehk/2025/1202/2025120202632.pdf
2693,Hong Kong Jinyuan Industry and Trade Limited,Named in cornerstone filing context,6,https://www1.hkexnews.hk/listedco/listconews/sehk/2025/1202/2025120202632.pdf
2693,Degao Mining Technology Limited,Named in cornerstone filing context,6,https://www1.hkexnews.hk/listedco/listconews/sehk/2025/1202/2025120202632.pdf
2408,"HHLR Advisors, Ltd",Named in cornerstone filing context,5,https://www1.hkexnews.hk/listedco/listconews/sehk/2025/1204/2025120402156.pdf
2408,Guotai Junan Investments (Hong Kong) Limited (in connection with the Dream ee OTC Swaps),Named in cornerstone filing context,5,https://www1.hkexnews.hk/listedco/listconews/sehk/2025/1204/2025120402156.pdf
2408,Dream ee (Hong Kong) Open-ended Fund Company,Named in cornerstone filing context,5,https://www1.hkexnews.hk/listedco/listconews/sehk/2025/1204/2025120402156.pdf
2408,Hong Kong Shengying Investment Limited,Named in cornerstone filing context,5,https://www1.hkexnews.hk/listedco/listconews/sehk/2025/1204/2025120402156.pdf
2408,Zeta Wisdom OFC,Named in cornerstone filing context,5,https://www1.hkexnews.hk/listedco/listconews/sehk/2025/1204/2025120402156.pdf
2408,Hai Di Lao Holdings Pte. Ltd,Named in cornerstone filing context,5,https://www1.hkexnews.hk/listedco/listconews/sehk/2025/1204/2025120402156.pdf
2658,"Guangdong Primitive Forest Fund Management Co., Ltd* and GF Global Capital Limited",Legal name / investor-group alias needs manual confirmation,,
2658,Glory Ocean Innovation Limited,Named in cornerstone filing context,5,https://www1.hkexnews.hk/listedco/listconews/sehk/2025/1204/2025120402598.pdf
2676,Oriza Naxin,Named in cornerstone filing context,7,https://www1.hkexnews.hk/listedco/listconews/sehk/2025/1205/2025120501747.pdf
2676,Golden Link,Named in cornerstone filing context,7,https://www1.hkexnews.hk/listedco/listconews/sehk/2025/1205/2025120501747.pdf
2676,Hield International,Named in cornerstone filing context,7,https://www1.hkexnews.hk/listedco/listconews/sehk/2025/1205/2025120501747.pdf
2676,Perseverance Asset Management,Named in cornerstone filing context,7,https://www1.hkexnews.hk/listedco/listconews/sehk/2025/1205/2025120501747.pdf
2676,3W Fund,Legal name / investor-group alias needs manual confirmation,,
2676,Green Better Limited,Named in cornerstone filing context,343,https://www1.hkexnews.hk/listedco/listconews/sehk/2025/1128/2025112800015.pdf
2676,Dream ee HK Fund,Named in cornerstone filing context,7,https://www1.hkexnews.hk/listedco/listconews/sehk/2025/1205/2025120501747.pdf
2659,"AnkeBio (Hong Kong) Co., Limited",Named in cornerstone filing context,5,https://www1.hkexnews.hk/listedco/listconews/sehk/2025/1209/2025120901444.pdf
2659,Derivatives China Alpha Fund SPC (acting for and on behalf of Derivatives China Fundamental Fund SP),Named in cornerstone filing context,5,https://www1.hkexnews.hk/listedco/listconews/sehk/2025/1209/2025120901444.pdf
2659,Guotai Junan Investments (Hong Kong) Limited (in connection with the Zhonghe OTC Swaps),Named in cornerstone filing context,5,https://www1.hkexnews.hk/listedco/listconews/sehk/2025/1209/2025120901444.pdf
7618,M&G Investors,Named in cornerstone filing context,6,https://www1.hkexnews.hk/listedco/listconews/sehk/2025/1210/2025121001474.pdf
7618,CPE Investment Wu Limited,Legal name / investor-group alias needs manual confirmation,,
7618,IvyRock,Legal name / investor-group alias needs manual confirmation,,
7618,CoreView,Legal name / investor-group alias needs manual confirmation,,
7618,Schonfeld,Named in cornerstone filing context,6,https://www1.hkexnews.hk/listedco/listconews/sehk/2025/1210/2025121001474.pdf
7618,Burkehill,Named in cornerstone filing context,6,https://www1.hkexnews.hk/listedco/listconews/sehk/2025/1210/2025121001474.pdf
2655,"Huikai Hong Kong Economic Development Co., Ltd",Named in cornerstone filing context,7,https://www1.hkexnews.hk/listedco/listconews/sehk/2025/1215/2025121501608.pdf
2655,Dream ee (Hong Kong) Open-ended Fund Company,Named in cornerstone filing context,7,https://www1.hkexnews.hk/listedco/listconews/sehk/2025/1215/2025121501608.pdf
2655,RIME Capital Limited,Named in cornerstone filing context,7,https://www1.hkexnews.hk/listedco/listconews/sehk/2025/1215/2025121501608.pdf
3887,UBS Asset Management (Singapore) Ltd,Named in cornerstone filing context,5,https://www1.hkexnews.hk/listedco/listconews/sehk/2025/1216/2025121601390.pdf
3887,FIL Investment Management (Hong Kong) Limited,Named in cornerstone filing context,5,https://www1.hkexnews.hk/listedco/listconews/sehk/2025/1216/2025121601390.pdf
3887,Infini Global Master Fund,Named in cornerstone filing context,5,https://www1.hkexnews.hk/listedco/listconews/sehk/2025/1216/2025121601390.pdf
3887,Deep Source Holdings Limited,Named in cornerstone filing context,5,https://www1.hkexnews.hk/listedco/listconews/sehk/2025/1216/2025121601390.pdf
3887,Profit Channel Development Limited,Named in cornerstone filing context,5,https://www1.hkexnews.hk/listedco/listconews/sehk/2025/1216/2025121601390.pdf
3887,Shining Light Grace Limited,Named in cornerstone filing context,5,https://www1.hkexnews.hk/listedco/listconews/sehk/2025/1216/2025121601390.pdf
2546,Sparky International Company Limited,Named in cornerstone filing context,5,https://www1.hkexnews.hk/listedco/listconews/sehk/2025/1218/2025121801566.pdf
2546,Greater Bay Area Homeland Investments Limited No - GIGA Industries Limited,Named in cornerstone filing context,5,https://www1.hkexnews.hk/listedco/listconews/sehk/2025/1218/2025121801566.pdf
2546,Poly Platinum Enterprises Limited,Named in cornerstone filing context,5,https://www1.hkexnews.hk/listedco/listconews/sehk/2025/1218/2025121801566.pdf
3881,Hunan Xiangjiang Zhicheng Industrial Investment Fund Partnership (Limited Partnership),Named in cornerstone filing context,5,https://www1.hkexnews.hk/listedco/listconews/sehk/2025/1218/2025121801904.pdf
3881,Nanning Zhijia No. 1 Ruiyue Equity Investment Partnership (Limited Partnership),Named in cornerstone filing context,5,https://www1.hkexnews.hk/listedco/listconews/sehk/2025/1218/2025121801904.pdf
3881,ICBC UBS Asset Management (International) Company Limited,Named in cornerstone filing context,5,https://www1.hkexnews.hk/listedco/listconews/sehk/2025/1218/2025121801904.pdf
3881,Qianhai Kaiyuan Qunwei QDII Single Asset Management Plan,Named in cornerstone filing context,5,https://www1.hkexnews.hk/listedco/listconews/sehk/2025/1218/2025121801904.pdf
2581,Heron Neutron Medical Corp,Named in cornerstone filing context,5,https://www1.hkexnews.hk/listedco/listconews/sehk/2025/1219/2025121901603.pdf
2581,Suzhou Zhanxingtou Industrial Fund Partnership (Limited Partnership),Named in cornerstone filing context,5,https://www1.hkexnews.hk/listedco/listconews/sehk/2025/1219/2025121901603.pdf
2661,Aoqin Heming,Named in cornerstone filing context,6,https://www1.hkexnews.hk/listedco/listconews/sehk/2025/1222/2025122201716.pdf
3378,Fund Resources Investment Holding Group Company Limited,Named in cornerstone filing context,5,https://www1.hkexnews.hk/listedco/listconews/sehk/2025/1222/2025122201726.pdf
3378,Sage Partners Master Fund,Named in cornerstone filing context,5,https://www1.hkexnews.hk/listedco/listconews/sehk/2025/1222/2025122201726.pdf
3378,Guotai Junan Investments (Hong Kong) Limited (in connection with the Kunyang OTC Swaps),Named in cornerstone filing context,15,https://www1.hkexnews.hk/listedco/listconews/sehk/2025/1222/2025122201726.pdf
3378,"TFI Investment Fund SPC (acting for and on behalf of its segregated portfolio, TFI Lakeside SP)",Named in cornerstone filing context,5,https://www1.hkexnews.hk/listedco/listconews/sehk/2025/1222/2025122201726.pdf
3378,Main Source Capital Limited,Named in cornerstone filing context,5,https://www1.hkexnews.hk/listedco/listconews/sehk/2025/1222/2025122201726.pdf
3378,YStem Holding Limited,Named in cornerstone filing context,5,https://www1.hkexnews.hk/listedco/listconews/sehk/2025/1222/2025122201726.pdf
3378,Awaken Thunder Capital Limited,Named in cornerstone filing context,5,https://www1.hkexnews.hk/listedco/listconews/sehk/2025/1222/2025122201726.pdf
3317,SinoMedia Holding Limited,Named in cornerstone filing context,6,https://www1.hkexnews.hk/listedco/listconews/sehk/2025/1229/2025122902057.pdf
3317,"York House Investment Limited (together with Alphahill Future Fund and Manifold Master Fund, Alphahill Funds )",Named in cornerstone filing context,346,https://www1.hkexnews.hk/listedco/listconews/sehk/2025/1218/2025121800027.pdf
3317,Wealth Strategy Holding Limited,Legal name / investor-group alias needs manual confirmation,,
3317,Infini Global Master Fund,Named in cornerstone filing context,347,https://www1.hkexnews.hk/listedco/listconews/sehk/2025/1218/2025121800027.pdf
3317,Vered Holdings (Hong Kong) Limited ʮ̡,Named in cornerstone filing context,347,https://www1.hkexnews.hk/listedco/listconews/sehk/2025/1218/2025121800027.pdf
3317,New Golden Future Limited,Named in cornerstone filing context,8,https://www1.hkexnews.hk/listedco/listconews/sehk/2025/1229/2025122902057.pdf
3317,Cithara Global Multi-Strategy SPC — Bosideng Industry Investment Fund SP,Named in cornerstone filing context,347,https://www1.hkexnews.hk/listedco/listconews/sehk/2025/1218/2025121800027.pdf
3317,Factorial Master Fund,Named in cornerstone filing context,8,https://www1.hkexnews.hk/listedco/listconews/sehk/2025/1229/2025122902057.pdf
3317,Joy Mobile Network Pte. Ltd,Named in cornerstone filing context,8,https://www1.hkexnews.hk/listedco/listconews/sehk/2025/1229/2025122902057.pdf
2657,FIL Investment Management (Hong Kong) Limited,Named in cornerstone filing context,5,https://www1.hkexnews.hk/listedco/listconews/sehk/2025/1229/2025122902127.pdf
2657,Mega Prime Development Limited,Named in cornerstone filing context,5,https://www1.hkexnews.hk/listedco/listconews/sehk/2025/1229/2025122902127.pdf
2657,Loyal Valley Capital,Named in cornerstone filing context,5,https://www1.hkexnews.hk/listedco/listconews/sehk/2025/1229/2025122902127.pdf
2657,"Duckling Fund, L.P",Named in cornerstone filing context,5,https://www1.hkexnews.hk/listedco/listconews/sehk/2025/1229/2025122902127.pdf
2657,SynerSuccess Capital Ltd,Named in cornerstone filing context,5,https://www1.hkexnews.hk/listedco/listconews/sehk/2025/1229/2025122902127.pdf
2657,"Dajia Life Insurance Co., Ltd",Named in cornerstone filing context,5,https://www1.hkexnews.hk/listedco/listconews/sehk/2025/1229/2025122902127.pdf
2657,Yield Royal Investment Holding (Singapore) PTE. LTD,Named in cornerstone filing context,5,https://www1.hkexnews.hk/listedco/listconews/sehk/2025/1229/2025122902127.pdf
2671,Colorful Cloud Holdings Limited,Named in cornerstone filing context,4,https://www1.hkexnews.hk/listedco/listconews/sehk/2025/1229/2025122902215.pdf
2671,"Tiny Jade Holdings (HK) Co., Limited",Named in cornerstone filing context,4,https://www1.hkexnews.hk/listedco/listconews/sehk/2025/1229/2025122902215.pdf
2671,Wu Xinghua,Named in cornerstone filing context,4,https://www1.hkexnews.hk/listedco/listconews/sehk/2025/1229/2025122902215.pdf
2671,Logic Selective Value Investment Funds SPC,Named in cornerstone filing context,4,https://www1.hkexnews.hk/listedco/listconews/sehk/2025/1229/2025122902215.pdf
3696,Lilly,Legal name / investor-group alias needs manual confirmation,,
3696,Tencent,Legal name / investor-group alias needs manual confirmation,,
3696,Oaktree,Legal name / investor-group alias needs manual confirmation,,
3696,Schroders,Named in cornerstone filing context,5,https://www1.hkexnews.hk/listedco/listconews/sehk/2025/1229/2025122902395.pdf
3696,Taibai Investments Pte. Ltd,Named in cornerstone filing context,6,https://www1.hkexnews.hk/listedco/listconews/sehk/2025/1229/2025122902395.pdf
3696,China AMC,Legal name / investor-group alias needs manual confirmation,,
3696,"Pacific Asset Management Co., Limited",Legal name / investor-group alias needs manual confirmation,,
3696,"E Fund Management Co., Ltd",Named in cornerstone filing context,374,https://www1.hkexnews.hk/listedco/listconews/sehk/2025/1218/2025121800031.pdf
3696,Fullgoal HK,Named in cornerstone filing context,6,https://www1.hkexnews.hk/listedco/listconews/sehk/2025/1229/2025122902395.pdf
3696,Fullgoal Fund,Named in cornerstone filing context,6,https://www1.hkexnews.hk/listedco/listconews/sehk/2025/1229/2025122902395.pdf
3696,Harvest,Legal name / investor-group alias needs manual confirmation,,
3696,Taikang Life,Named in cornerstone filing context,6,https://www1.hkexnews.hk/listedco/listconews/sehk/2025/1229/2025122902395.pdf
3696,Emerging Markets Healthcare Partners LLC,Named in cornerstone filing context,6,https://www1.hkexnews.hk/listedco/listconews/sehk/2025/1229/2025122902395.pdf
3696,Infini,Legal name / investor-group alias needs manual confirmation,,
6600,"HACF, L.P",Legal name / investor-group alias needs manual confirmation,,
6600,Cithara Global Multi-Strategy SPC — Bosideng Industry Investment Fund SP,Named in cornerstone filing context,5,https://www1.hkexnews.hk/listedco/listconews/sehk/2025/1229/2025122902399.pdf
6600,Infini Global Master Fund,Named in cornerstone filing context,5,https://www1.hkexnews.hk/listedco/listconews/sehk/2025/1229/2025122902399.pdf
6600,China Orient Enhanced Income Fund,Named in cornerstone filing context,10,https://www1.hkexnews.hk/listedco/listconews/sehk/2025/1229/2025122902399.pdf
6600,China Orient Multi-Strategy Master Fund,Named in cornerstone filing context,10,https://www1.hkexnews.hk/listedco/listconews/sehk/2025/1229/2025122902399.pdf
6600,Wind Sabre Fund SPC,Named in cornerstone filing context,5,https://www1.hkexnews.hk/listedco/listconews/sehk/2025/1229/2025122902399.pdf
6600,Yield Royal Investment Holding (Singapore) PTE. LTD,Named in cornerstone filing context,10,https://www1.hkexnews.hk/listedco/listconews/sehk/2025/1229/2025122902399.pdf
6600,Sage Partners Master Fund,Named in cornerstone filing context,5,https://www1.hkexnews.hk/listedco/listconews/sehk/2025/1229/2025122902399.pdf
6600,Sage Sunshine 1 Limited,Named in cornerstone filing context,10,https://www1.hkexnews.hk/listedco/listconews/sehk/2025/1229/2025122902399.pdf
6082,3W Fund Management Limited,Named in cornerstone filing context,5,https://www1.hkexnews.hk/listedco/listconews/sehk/2025/1231/2025123102783.pdf
6082,Qiming Venture Partners,Named in cornerstone filing context,5,https://www1.hkexnews.hk/listedco/listconews/sehk/2025/1231/2025123102783.pdf
6082,QM125 Limited,Named in cornerstone filing context,5,https://www1.hkexnews.hk/listedco/listconews/sehk/2025/1231/2025123102783.pdf
6082,QM120 Limited,Named in cornerstone filing context,5,https://www1.hkexnews.hk/listedco/listconews/sehk/2025/1231/2025123102783.pdf
6082,Aspex Master Fund,Named in cornerstone filing context,5,https://www1.hkexnews.hk/listedco/listconews/sehk/2025/1231/2025123102783.pdf
6082,WT Asset Management Limited,Named in cornerstone filing context,5,https://www1.hkexnews.hk/listedco/listconews/sehk/2025/1231/2025123102783.pdf
6082,Hao Great China Focus Fund,Named in cornerstone filing context,5,https://www1.hkexnews.hk/listedco/listconews/sehk/2025/1231/2025123102783.pdf
6082,"Ping An Life Insurance Company of China, Ltd",Named in cornerstone filing context,5,https://www1.hkexnews.hk/listedco/listconews/sehk/2025/1231/2025123102783.pdf
6082,Huadeng Technology Peak Fortitude Ventures Ltd,Named in cornerstone filing context,5,https://www1.hkexnews.hk/listedco/listconews/sehk/2025/1231/2025123102783.pdf
6082,Lion Global Investors Limited,Named in cornerstone filing context,5,https://www1.hkexnews.hk/listedco/listconews/sehk/2025/1231/2025123102783.pdf
6082,Shanghai Greenwoods and CICC Financial Trading Limited (in connection with Greenwoods OTC Swaps),Named in cornerstone filing context,346,https://www1.hkexnews.hk/listedco/listconews/sehk/2025/1222/2025122200019.pdf
6082,"MY Asian Opportunities Master Fund, L.P",Named in cornerstone filing context,5,https://www1.hkexnews.hk/listedco/listconews/sehk/2025/1231/2025123102783.pdf
6082,Eastspring Investments (Singapore) Limited,Named in cornerstone filing context,348,https://www1.hkexnews.hk/listedco/listconews/sehk/2025/1222/2025122200019.pdf
6082,UBS Asset Management (Singapore) Ltd,Named in cornerstone filing context,12,https://www1.hkexnews.hk/listedco/listconews/sehk/2025/1231/2025123102783.pdf
6082,"Taikang Life Insurance Co., Ltd",Named in cornerstone filing context,349,https://www1.hkexnews.hk/listedco/listconews/sehk/2025/1222/2025122200019.pdf
6082,Aspirational China Growth GP Limited,Named in cornerstone filing context,349,https://www1.hkexnews.hk/listedco/listconews/sehk/2025/1222/2025122200019.pdf
6082,Charoen Pokphand Robot Limited,Named in cornerstone filing context,350,https://www1.hkexnews.hk/listedco/listconews/sehk/2025/1222/2025122200019.pdf
6082,Digital China (HK) Limited 有限公司,Legal name / investor-group alias needs manual confirmation,,
6082,Jinxiu 608 and GTJA HK (in connection with the GTJA Back-to-back TRS and Zhonghe OTC Swaps),Named in cornerstone filing context,350,https://www1.hkexnews.hk/listedco/listconews/sehk/2025/1222/2025122200019.pdf
6082,"China Southern Asset Management Co., Ltd",Named in cornerstone filing context,351,https://www1.hkexnews.hk/listedco/listconews/sehk/2025/1222/2025122200019.pdf
6082,"Fullgoal Fund Management Co., Ltd",Named in cornerstone filing context,352,https://www1.hkexnews.hk/listedco/listconews/sehk/2025/1222/2025122200019.pdf
6082,Fullgoal Asset Management (HK) Limited,Named in cornerstone filing context,352,https://www1.hkexnews.hk/listedco/listconews/sehk/2025/1222/2025122200019.pdf
6082,Yeebo Alpha Limited,Named in cornerstone filing context,352,https://www1.hkexnews.hk/listedco/listconews/sehk/2025/1222/2025122200019.pdf
6082,Enhanced Investment Products Limited,Named in cornerstone filing context,353,https://www1.hkexnews.hk/listedco/listconews/sehk/2025/1222/2025122200019.pdf
6082,Tessy Holding Limited,Named in cornerstone filing context,353,https://www1.hkexnews.hk/listedco/listconews/sehk/2025/1222/2025122200019.pdf
6082,New Opportunities SPC,Named in cornerstone filing context,8,https://www1.hkexnews.hk/listedco/listconews/sehk/2025/1231/2025123102783.pdf
2513,JSC International Investment Fund SPC (acting for and on behalf of Qizhi SP),Named in cornerstone filing context,6,https://www1.hkexnews.hk/listedco/listconews/sehk/2026/0107/2026010701798.pdf
2513,JinYi Capital Multi- Strategy Fund SPC Ltd. (acting for and on behalf of Structured Credit SP Fund),Named in cornerstone filing context,6,https://www1.hkexnews.hk/listedco/listconews/sehk/2026/0107/2026010701798.pdf
2513,Perseverance Asset Management,Named in cornerstone filing context,6,https://www1.hkexnews.hk/listedco/listconews/sehk/2026/0107/2026010701798.pdf
2513,Shanghai Gaoyi and CICC Financial Trading Limited (in connection with Gaoyi OTC Swaps),Named in cornerstone filing context,6,https://www1.hkexnews.hk/listedco/listconews/sehk/2026/0107/2026010701798.pdf
2513,WT Asset Management Limited,Named in cornerstone filing context,304,https://www1.hkexnews.hk/listedco/listconews/sehk/2025/1230/2025123000017.pdf
2513,Taikang Life,Named in cornerstone filing context,6,https://www1.hkexnews.hk/listedco/listconews/sehk/2026/0107/2026010701798.pdf
2513,GF Fund,Legal name / investor-group alias needs manual confirmation,,
2513,3W Fund,Legal name / investor-group alias needs manual confirmation,,
2513,RIME,Legal name / investor-group alias needs manual confirmation,,
2513,Optimas Capital Limited,Named in cornerstone filing context,302,https://www1.hkexnews.hk/listedco/listconews/sehk/2025/1230/2025123000017.pdf
2513,Luster LightTech International Limited,Named in cornerstone filing context,8,https://www1.hkexnews.hk/listedco/listconews/sehk/2026/0107/2026010701798.pdf
9903,ZTE (H.K.) LIMITED,Named in cornerstone filing context,4,https://www1.hkexnews.hk/listedco/listconews/sehk/2026/0107/2026010701802.pdf
9903,XN Mountain International Limited,Named in cornerstone filing context,4,https://www1.hkexnews.hk/listedco/listconews/sehk/2026/0107/2026010701802.pdf
9903,Wind Sabre Fund SPC acting on behalf and for the account of Wind Sabre Opportunities Fund SP,Named in cornerstone filing context,4,https://www1.hkexnews.hk/listedco/listconews/sehk/2026/0107/2026010701802.pdf
9903,UBS Asset Management (Singapore) Ltd,Named in cornerstone filing context,4,https://www1.hkexnews.hk/listedco/listconews/sehk/2026/0107/2026010701802.pdf
9903,Teamsun Technology (HK) Limited,Named in cornerstone filing context,4,https://www1.hkexnews.hk/listedco/listconews/sehk/2026/0107/2026010701802.pdf
9903,Qin Wan Investment Limited,Named in cornerstone filing context,4,https://www1.hkexnews.hk/listedco/listconews/sehk/2026/0107/2026010701802.pdf
9903,OCM Limited,Named in cornerstone filing context,4,https://www1.hkexnews.hk/listedco/listconews/sehk/2026/0107/2026010701802.pdf
9903,Ocean Fine Industrial Limited,Named in cornerstone filing context,4,https://www1.hkexnews.hk/listedco/listconews/sehk/2026/0107/2026010701802.pdf
9903,"Huatai Capital Investment Limited (in connection with OTC swaps for Jiujiu Hengxin (Xiamen) Private Fund Management Co., Ltd.)",Named in cornerstone filing context,4,https://www1.hkexnews.hk/listedco/listconews/sehk/2026/0107/2026010701802.pdf
9903,Fourth Paradigm International Limited,Named in cornerstone filing context,4,https://www1.hkexnews.hk/listedco/listconews/sehk/2026/0107/2026010701802.pdf
9903,"Engine International Technology Co., Limited",Named in cornerstone filing context,4,https://www1.hkexnews.hk/listedco/listconews/sehk/2026/0107/2026010701802.pdf
9903,"Duckling Fund, L.P",Named in cornerstone filing context,4,https://www1.hkexnews.hk/listedco/listconews/sehk/2026/0107/2026010701802.pdf
9903,DeepRoot Alpha Ltd,Named in cornerstone filing context,4,https://www1.hkexnews.hk/listedco/listconews/sehk/2026/0107/2026010701802.pdf
9903,China Universal Asset Management (Hong Kong) Company Limited,Named in cornerstone filing context,4,https://www1.hkexnews.hk/listedco/listconews/sehk/2026/0107/2026010701802.pdf
9903,China Orient International Asset Management Limited — China Orient Enhanced Income Fund,Named in cornerstone filing context,4,https://www1.hkexnews.hk/listedco/listconews/sehk/2026/0107/2026010701802.pdf
9903,China Orient International Asset Management Limited — China Orient Multi-Strategy Master Fund,Named in cornerstone filing context,4,https://www1.hkexnews.hk/listedco/listconews/sehk/2026/0107/2026010701802.pdf
9903,China Asset Management (Hong Kong) Limited,Named in cornerstone filing context,4,https://www1.hkexnews.hk/listedco/listconews/sehk/2026/0107/2026010701802.pdf
9903,CFIG Holdings Limited,Named in cornerstone filing context,4,https://www1.hkexnews.hk/listedco/listconews/sehk/2026/0107/2026010701802.pdf
9903,Alphahill Capital Limited,Named in cornerstone filing context,4,https://www1.hkexnews.hk/listedco/listconews/sehk/2026/0107/2026010701802.pdf
2675,Abu Dhabi Investment Authority,Named in cornerstone filing context,5,https://www1.hkexnews.hk/listedco/listconews/sehk/2026/0107/2026010701900.pdf
2675,UBS Asset Management (Singapore) Ltd,Named in cornerstone filing context,5,https://www1.hkexnews.hk/listedco/listconews/sehk/2026/0107/2026010701900.pdf
2675,"OrbiMed Genesis Master Fund, L.P",Named in cornerstone filing context,5,https://www1.hkexnews.hk/listedco/listconews/sehk/2026/0107/2026010701900.pdf
2675,Huang River Investment Limited,Named in cornerstone filing context,5,https://www1.hkexnews.hk/listedco/listconews/sehk/2026/0107/2026010701900.pdf
2675,"LYFE Capital Fund IV (Dragon), L.P",Named in cornerstone filing context,5,https://www1.hkexnews.hk/listedco/listconews/sehk/2026/0107/2026010701900.pdf
2675,Poly Platinum Enterprises Limited,Named in cornerstone filing context,6,https://www1.hkexnews.hk/listedco/listconews/sehk/2026/0107/2026010701900.pdf
2675,Close associate of an existing shareholder Mega Prime Development Limited,Named in cornerstone filing context,6,https://www1.hkexnews.hk/listedco/listconews/sehk/2026/0107/2026010701900.pdf
2675,Close associate of an existing shareholder China Asset Management (Hong Kong) Limited,Named in cornerstone filing context,6,https://www1.hkexnews.hk/listedco/listconews/sehk/2026/0107/2026010701900.pdf
2675,China Alpha Fund Management (HK) Limited,Legal name / investor-group alias needs manual confirmation,,
2675,Tekful Limited,Named in cornerstone filing context,6,https://www1.hkexnews.hk/listedco/listconews/sehk/2026/0107/2026010701900.pdf
2675,Integrated Core Strategies (Asia) Pte. Ltd,Named in cornerstone filing context,6,https://www1.hkexnews.hk/listedco/listconews/sehk/2026/0107/2026010701900.pdf
2675,Sage Partners Master Fund,Named in cornerstone filing context,6,https://www1.hkexnews.hk/listedco/listconews/sehk/2026/0107/2026010701900.pdf
2675,Close associate of an existing shareholder Panjing Harbourview Investment Fund,Named in cornerstone filing context,6,https://www1.hkexnews.hk/listedco/listconews/sehk/2026/0107/2026010701900.pdf
2675,Infini Global Master Fund,Named in cornerstone filing context,6,https://www1.hkexnews.hk/listedco/listconews/sehk/2026/0107/2026010701900.pdf
0100,Abu Dhabi Investment Authority,Named in cornerstone filing context,5,https://www1.hkexnews.hk/listedco/listconews/sehk/2026/0108/2026010801342.pdf
0100,Alisoft China Holding Limited,Named in cornerstone filing context,5,https://www1.hkexnews.hk/listedco/listconews/sehk/2026/0108/2026010801342.pdf
0100,Aspex Master Fund,Named in cornerstone filing context,5,https://www1.hkexnews.hk/listedco/listconews/sehk/2026/0108/2026010801342.pdf
0100,Abstract Enigma Limited,Named in cornerstone filing context,5,https://www1.hkexnews.hk/listedco/listconews/sehk/2026/0108/2026010801342.pdf
0100,China Universal Asset Management (Hong Kong) Company Limited,Named in cornerstone filing context,5,https://www1.hkexnews.hk/listedco/listconews/sehk/2026/0108/2026010801342.pdf
0100,Eastspring Investments (Singapore) Limited,Named in cornerstone filing context,396,https://www1.hkexnews.hk/listedco/listconews/sehk/2025/1231/2025123100025.pdf
0100,"E Fund Management Co., Ltd",Named in cornerstone filing context,397,https://www1.hkexnews.hk/listedco/listconews/sehk/2025/1231/2025123100025.pdf
0100,IDG Breyer Capital Fund L.P,Named in cornerstone filing context,397,https://www1.hkexnews.hk/listedco/listconews/sehk/2025/1231/2025123100025.pdf
0100,Janchor Partners Pan-Asian Master Fund and Janchor Partners Opportunities Master Fund III,Named in cornerstone filing context,397,https://www1.hkexnews.hk/listedco/listconews/sehk/2025/1231/2025123100025.pdf
0100,"Martis Fund, L.P",Named in cornerstone filing context,26,https://www1.hkexnews.hk/listedco/listconews/sehk/2026/0108/2026010801342.pdf
0100,"Mirae Asset Securities Co., Ltd",Named in cornerstone filing context,398,https://www1.hkexnews.hk/listedco/listconews/sehk/2025/1231/2025123100025.pdf
0100,MPC VII Pte. Ltd,Named in cornerstone filing context,398,https://www1.hkexnews.hk/listedco/listconews/sehk/2025/1231/2025123100025.pdf
0100,Perseverance Asset Management International (Singapore) Pte. Ltd. (Perseverance,Named in cornerstone filing context,399,https://www1.hkexnews.hk/listedco/listconews/sehk/2025/1231/2025123100025.pdf
0100,"Taikang Life Insurance Co., Ltd",Named in cornerstone filing context,399,https://www1.hkexnews.hk/listedco/listconews/sehk/2025/1231/2025123100025.pdf
6938,Arc Avenue Asset Management Pte. Ltd,Named in cornerstone filing context,6,https://www1.hkexnews.hk/listedco/listconews/sehk/2026/0108/2026010801352.pdf
6938,Bright Stone Holdings Limited,Named in cornerstone filing context,6,https://www1.hkexnews.hk/listedco/listconews/sehk/2026/0108/2026010801352.pdf
6938,"China Asset Management Co., Ltd",Named in cornerstone filing context,6,https://www1.hkexnews.hk/listedco/listconews/sehk/2026/0108/2026010801352.pdf
6938,Da Cheng International Asset Management Company Limited,Named in cornerstone filing context,6,https://www1.hkexnews.hk/listedco/listconews/sehk/2026/0108/2026010801352.pdf
6938,Dacheng Fund Management Company Limited,Named in cornerstone filing context,6,https://www1.hkexnews.hk/listedco/listconews/sehk/2026/0108/2026010801352.pdf
6938,Erik Selin Fastigheter Aktiebolag,Named in cornerstone filing context,5,https://www1.hkexnews.hk/listedco/listconews/sehk/2026/0108/2026010801352.pdf
6938,Himension Fund,Named in cornerstone filing context,6,https://www1.hkexnews.hk/listedco/listconews/sehk/2026/0108/2026010801352.pdf
6938,IvyRock Asset Management (HK) Limited,Named in cornerstone filing context,6,https://www1.hkexnews.hk/listedco/listconews/sehk/2026/0108/2026010801352.pdf
6938,Mingxin Growth Ventures LS2 Limited,Named in cornerstone filing context,6,https://www1.hkexnews.hk/listedco/listconews/sehk/2026/0108/2026010801352.pdf
6938,Springs Capital (Hong Kong) Limited,Named in cornerstone filing context,6,https://www1.hkexnews.hk/listedco/listconews/sehk/2026/0108/2026010801352.pdf
6938,"Taikang Life Insurance Co., Ltd",Named in cornerstone filing context,6,https://www1.hkexnews.hk/listedco/listconews/sehk/2026/0108/2026010801352.pdf
6938,"LP. ), Tenbagger Capital (Shanghai, Ziran), LP. ) and Huatai Capital Investment Limited",Named in cornerstone filing context,6,https://www1.hkexnews.hk/listedco/listconews/sehk/2026/0108/2026010801352.pdf
3636,Glencore International AG,Named in cornerstone filing context,6,https://www1.hkexnews.hk/listedco/listconews/sehk/2026/0108/2026010801368.pdf
3636,Stoneylake Global Alpha Fund,Named in cornerstone filing context,6,https://www1.hkexnews.hk/listedco/listconews/sehk/2026/0108/2026010801368.pdf
3636,China Asset Management (Hong Kong) Limited,Named in cornerstone filing context,6,https://www1.hkexnews.hk/listedco/listconews/sehk/2026/0108/2026010801368.pdf
3636,New Asia Ferrell Asset Management Limited,Named in cornerstone filing context,6,https://www1.hkexnews.hk/listedco/listconews/sehk/2026/0108/2026010801368.pdf
3636,Bridge Zone Group Limited,Named in cornerstone filing context,6,https://www1.hkexnews.hk/listedco/listconews/sehk/2026/0108/2026010801368.pdf
3636,Zhengxin Group Investment Limited,Named in cornerstone filing context,6,https://www1.hkexnews.hk/listedco/listconews/sehk/2026/0108/2026010801368.pdf
3636,Sunwoda Treasury (Hong Kong) Limited,Named in cornerstone filing context,6,https://www1.hkexnews.hk/listedco/listconews/sehk/2026/0108/2026010801368.pdf
0501,Wildlife Willow Limited,Named in cornerstone filing context,6,https://www1.hkexnews.hk/listedco/listconews/sehk/2026/0109/2026010901581.pdf
0501,UBS Asset Management (Singapore) Ltd,Named in cornerstone filing context,6,https://www1.hkexnews.hk/listedco/listconews/sehk/2026/0109/2026010901581.pdf
0501,Formosa Opportunity Limited,Named in cornerstone filing context,6,https://www1.hkexnews.hk/listedco/listconews/sehk/2026/0109/2026010901581.pdf
0501,Huaqin Telecom Hong Kong Limited,Named in cornerstone filing context,6,https://www1.hkexnews.hk/listedco/listconews/sehk/2026/0109/2026010901581.pdf
0501,SKY ROYAL TRADING LIMITED,Named in cornerstone filing context,6,https://www1.hkexnews.hk/listedco/listconews/sehk/2026/0109/2026010901581.pdf
0501,"Pudong Science and Technology (Cayman) Co., Ltd",Named in cornerstone filing context,6,https://www1.hkexnews.hk/listedco/listconews/sehk/2026/0109/2026010901581.pdf
0501,JSC International Investment Fund SPC (acting for and on behalf of Yongxin I SP),Named in cornerstone filing context,6,https://www1.hkexnews.hk/listedco/listconews/sehk/2026/0109/2026010901581.pdf
0501,Ghisallo Fund Master Ltd,Named in cornerstone filing context,6,https://www1.hkexnews.hk/listedco/listconews/sehk/2026/0109/2026010901581.pdf
0501,"Dajia Life Insurance Co., Ltd",Named in cornerstone filing context,6,https://www1.hkexnews.hk/listedco/listconews/sehk/2026/0109/2026010901581.pdf
0501,"PSBC Wealth Management Co., Ltd. (through GF Securities Asset Management (Guangdong) Co., Ltd as the qualified domestic institutional investor)",Legal name / investor-group alias needs manual confirmation,,
1641,FUHUIDA (HK) LIMITED,Named in cornerstone filing context,6,https://www1.hkexnews.hk/listedco/listconews/sehk/2026/0112/2026011201301.pdf
3986,Yunfeng Capital,Named in cornerstone filing context,8,https://www1.hkexnews.hk/listedco/listconews/sehk/2026/0112/2026011201539.pdf
3986,Xiaomi,Legal name / investor-group alias needs manual confirmation,,
3986,TCL Industries,Named in cornerstone filing context,9,https://www1.hkexnews.hk/listedco/listconews/sehk/2026/0112/2026011201539.pdf
3986,Huaqin Technology,Named in cornerstone filing context,338,https://www1.hkexnews.hk/listedco/listconews/sehk/2025/1231/2025123100035.pdf
3986,China Pinnacle Equity Management Limited,Named in cornerstone filing context,5,https://www1.hkexnews.hk/listedco/listconews/sehk/2026/0112/2026011201539.pdf
3986,Greenwoods (Jinglin),Legal name / investor-group alias needs manual confirmation,,
9611,Qualcomm Ventures LLC,Named in cornerstone filing context,7,https://www1.hkexnews.hk/listedco/listconews/sehk/2026/0121/2026012101145.pdf
9611,"Jiangxi Guokong Private Equity Fund Management Co., Ltd",Named in cornerstone filing context,7,https://www1.hkexnews.hk/listedco/listconews/sehk/2026/0121/2026012101145.pdf
9611,Hong Kong Yuto Printing Company Limited,Named in cornerstone filing context,7,https://www1.hkexnews.hk/listedco/listconews/sehk/2026/0121/2026012101145.pdf
9611,Qingdao Guanlan and Guotai Junan Investments (Hong Kong) Limited (in connection with Guanlan OTC Swaps),Named in cornerstone filing context,7,https://www1.hkexnews.hk/listedco/listconews/sehk/2026/0121/2026012101145.pdf
9611,Endless Growth NH Limited,Named in cornerstone filing context,7,https://www1.hkexnews.hk/listedco/listconews/sehk/2026/0121/2026012101145.pdf
1768,Tencent,Legal name / investor-group alias needs manual confirmation,,
1768,Temasek,Legal name / investor-group alias needs manual confirmation,,
1768,BlackRock,Named in cornerstone filing context,6,https://www1.hkexnews.hk/listedco/listconews/sehk/2026/0127/2026012701713.pdf
1768,FIL Investment,Named in cornerstone filing context,6,https://www1.hkexnews.hk/listedco/listconews/sehk/2026/0127/2026012701713.pdf
1768,Bosera International,Named in cornerstone filing context,6,https://www1.hkexnews.hk/listedco/listconews/sehk/2026/0127/2026012701713.pdf
1768,E Fund,Legal name / investor-group alias needs manual confirmation,,
1768,Springs Capital (Hong Kong) Limited,Named in cornerstone filing context,341,https://www1.hkexnews.hk/listedco/listconews/sehk/2026/0120/2026012000025.pdf
1768,Taikang Life,Named in cornerstone filing context,6,https://www1.hkexnews.hk/listedco/listconews/sehk/2026/0127/2026012701713.pdf
9980,Al-Rayyan Holding LLC,Named in cornerstone filing context,5,https://www1.hkexnews.hk/listedco/listconews/sehk/2026/0202/2026020203212.pdf
9980,Taibai Investments Pte. Ltd,Named in cornerstone filing context,5,https://www1.hkexnews.hk/listedco/listconews/sehk/2026/0202/2026020203212.pdf
9980,True Light Investments H Pte. Ltd,Named in cornerstone filing context,5,https://www1.hkexnews.hk/listedco/listconews/sehk/2026/0202/2026020203212.pdf
9980,Huang River Investment Limited,Named in cornerstone filing context,5,https://www1.hkexnews.hk/listedco/listconews/sehk/2026/0202/2026020203212.pdf
9980,"HSG Growth VII Holdco, Ltd",Named in cornerstone filing context,5,https://www1.hkexnews.hk/listedco/listconews/sehk/2026/0202/2026020203212.pdf
9980,Azure Skylines Limited,Named in cornerstone filing context,5,https://www1.hkexnews.hk/listedco/listconews/sehk/2026/0202/2026020203212.pdf
9980,"Taikang Life Insurance Co., Ltd",Named in cornerstone filing context,5,https://www1.hkexnews.hk/listedco/listconews/sehk/2026/0202/2026020203212.pdf
9980,Investments 1 Limited,Named in cornerstone filing context,5,https://www1.hkexnews.hk/listedco/listconews/sehk/2026/0202/2026020203212.pdf
9980,Velmar Company Limited,Named in cornerstone filing context,5,https://www1.hkexnews.hk/listedco/listconews/sehk/2026/0202/2026020203212.pdf
9980,Pinpoint Asset Management Limited,Named in cornerstone filing context,5,https://www1.hkexnews.hk/listedco/listconews/sehk/2026/0202/2026020203212.pdf
9980,Amazing Mountain Limited,Named in cornerstone filing context,5,https://www1.hkexnews.hk/listedco/listconews/sehk/2026/0202/2026020203212.pdf
9980,Phase II L.P,Named in cornerstone filing context,5,https://www1.hkexnews.hk/listedco/listconews/sehk/2026/0202/2026020203212.pdf
2768,Nice First Investments Limited,Named in cornerstone filing context,5,https://www1.hkexnews.hk/listedco/listconews/sehk/2026/0203/2026020302602.pdf
2768,SLD International Enterprises Limited,Named in cornerstone filing context,5,https://www1.hkexnews.hk/listedco/listconews/sehk/2026/0203/2026020302602.pdf
2768,"Cheng A International Co., Limited",Named in cornerstone filing context,5,https://www1.hkexnews.hk/listedco/listconews/sehk/2026/0203/2026020302602.pdf
2768,"Shenwan Hongyuan Securities Co., Ltd",Named in cornerstone filing context,5,https://www1.hkexnews.hk/listedco/listconews/sehk/2026/0203/2026020302602.pdf
2768,First Seafront Fund Series SPC,Named in cornerstone filing context,5,https://www1.hkexnews.hk/listedco/listconews/sehk/2026/0203/2026020302602.pdf
2768,New Harvest Wealth Securities Company Limited,Named in cornerstone filing context,5,https://www1.hkexnews.hk/listedco/listconews/sehk/2026/0203/2026020302602.pdf
2768,Luminous Horizon Limited,Named in cornerstone filing context,5,https://www1.hkexnews.hk/listedco/listconews/sehk/2026/0203/2026020302602.pdf
2768,Fullgoal Asset Management (HK) Limited,Named in cornerstone filing context,5,https://www1.hkexnews.hk/listedco/listconews/sehk/2026/0203/2026020302602.pdf
2677,Health Vision Hong Kong Limited,Named in cornerstone filing context,6,https://www1.hkexnews.hk/listedco/listconews/sehk/2026/0205/2026020501800.pdf
2677,KingMed Diagnostics (Hong Kong) Limited ʮ̡,Named in cornerstone filing context,6,https://www1.hkexnews.hk/listedco/listconews/sehk/2026/0205/2026020501800.pdf
2677,Mininglamp Technology,Named in cornerstone filing context,6,https://www1.hkexnews.hk/listedco/listconews/sehk/2026/0205/2026020501800.pdf
2677,Galaxy Dynasty Limited,Named in cornerstone filing context,6,https://www1.hkexnews.hk/listedco/listconews/sehk/2026/0205/2026020501800.pdf
3200,Schroders,Named in cornerstone filing context,6,https://www1.hkexnews.hk/listedco/listconews/sehk/2026/0205/2026020502290.pdf
3200,HHLR Advisors (Hillhouse),Legal name / investor-group alias needs manual confirmation,,
3200,Morgan Stanley Asia Limited,Legal name / investor-group alias needs manual confirmation,,
3200,Fullgoal Fund,Named in cornerstone filing context,6,https://www1.hkexnews.hk/listedco/listconews/sehk/2026/0205/2026020502290.pdf
3200,Hongxing International,Named in cornerstone filing context,10,https://www1.hkexnews.hk/listedco/listconews/sehk/2026/0205/2026020502290.pdf
3200,OmniVision HK,Named in cornerstone filing context,6,https://www1.hkexnews.hk/listedco/listconews/sehk/2026/0205/2026020502290.pdf
3200,Industrial Bank WM,Legal name / investor-group alias needs manual confirmation,,
2714,Charoen Pokphand Foods (CPF),Legal name / investor-group alias needs manual confirmation,,
2714,Wii Pte Ltd (Wilmar),Legal name / investor-group alias needs manual confirmation,,
2714,HPRY Holdings (Wilmar),Legal name / investor-group alias needs manual confirmation,,
2714,Sinochem Hong Kong (Group),Named in cornerstone filing context,6,https://www1.hkexnews.hk/listedco/listconews/sehk/2026/0205/2026020502402.pdf
2714,Hong Kong Henan Agri International,Named in cornerstone filing context,6,https://www1.hkexnews.hk/listedco/listconews/sehk/2026/0205/2026020502402.pdf
2714,FIL Investment Management (Hong Kong) Limited,Named in cornerstone filing context,6,https://www1.hkexnews.hk/listedco/listconews/sehk/2026/0205/2026020502402.pdf
2714,RBC Global Asset Management (Asia) Limited,Named in cornerstone filing context,6,https://www1.hkexnews.hk/listedco/listconews/sehk/2026/0205/2026020502402.pdf
2714,Perseverance Asset Management International (Singapore) Pte. Ltd,Named in cornerstone filing context,6,https://www1.hkexnews.hk/listedco/listconews/sehk/2026/0205/2026020502402.pdf
2714,Shanghai Gaoyi Asset Management (via HTCI swaps),Legal name / investor-group alias needs manual confirmation,,
2714,Ping An of China Asset Management (Hong Kong) Company Limited,Named in cornerstone filing context,7,https://www1.hkexnews.hk/listedco/listconews/sehk/2026/0205/2026020502402.pdf
2714,"Dajia Life Insurance Co., Ltd",Named in cornerstone filing context,7,https://www1.hkexnews.hk/listedco/listconews/sehk/2026/0205/2026020502402.pdf
2714,UBS Asset Management (Singapore) Ltd,Named in cornerstone filing context,7,https://www1.hkexnews.hk/listedco/listconews/sehk/2026/0205/2026020502402.pdf
2714,Midea Development Holding (BVI),Named in cornerstone filing context,7,https://www1.hkexnews.hk/listedco/listconews/sehk/2026/0205/2026020502402.pdf
2714,Integrated Core Strategies (Asia) (Millennium),Legal name / investor-group alias needs manual confirmation,,
2714,Jane Street Asia Trading Limited,Named in cornerstone filing context,7,https://www1.hkexnews.hk/listedco/listconews/sehk/2026/0205/2026020502402.pdf
6809,J.P. Morgan Investment Management Inc,Named in cornerstone filing context,6,https://www1.hkexnews.hk/listedco/listconews/sehk/2026/0206/2026020601350.pdf
6809,UBS Asset Management (Singapore) Ltd,Named in cornerstone filing context,6,https://www1.hkexnews.hk/listedco/listconews/sehk/2026/0206/2026020601350.pdf
6809,Yunfeng Investments Limited New Alternative Limited,Legal name / investor-group alias needs manual confirmation,,
6809,New Golden Future Limited,Named in cornerstone filing context,6,https://www1.hkexnews.hk/listedco/listconews/sehk/2026/0206/2026020601350.pdf
6809,Alisoft China Holding Limited,Named in cornerstone filing context,6,https://www1.hkexnews.hk/listedco/listconews/sehk/2026/0206/2026020601350.pdf
6809,Aspex Master Fund,Named in cornerstone filing context,6,https://www1.hkexnews.hk/listedco/listconews/sehk/2026/0206/2026020601350.pdf
6809,Janchor Partners Pan-Asian Master Fund,Named in cornerstone filing context,6,https://www1.hkexnews.hk/listedco/listconews/sehk/2026/0206/2026020601350.pdf
6809,Baring Asset Management (Asia) Limited,Named in cornerstone filing context,7,https://www1.hkexnews.hk/listedco/listconews/sehk/2026/0206/2026020601350.pdf
6809,"Mirae Asset Securities Co., Ltd",Named in cornerstone filing context,7,https://www1.hkexnews.hk/listedco/listconews/sehk/2026/0206/2026020601350.pdf
6809,AGIC Partners Holding (Cayman) II Limited,Named in cornerstone filing context,7,https://www1.hkexnews.hk/listedco/listconews/sehk/2026/0206/2026020601350.pdf
6809,Hel Ved Master Fund,Named in cornerstone filing context,7,https://www1.hkexnews.hk/listedco/listconews/sehk/2026/0206/2026020601350.pdf
6809,Huaqin Telecom Hong Kong Limited,Named in cornerstone filing context,7,https://www1.hkexnews.hk/listedco/listconews/sehk/2026/0206/2026020601350.pdf
6809,Huadeng Summit Fortitude Ventures Ltd,Named in cornerstone filing context,7,https://www1.hkexnews.hk/listedco/listconews/sehk/2026/0206/2026020601350.pdf
6809,"PSBC Wealth Management Co., Ltd",Named in cornerstone filing context,7,https://www1.hkexnews.hk/listedco/listconews/sehk/2026/0206/2026020601350.pdf
6809,"Taikang Life Insurance Co., Ltd",Named in cornerstone filing context,7,https://www1.hkexnews.hk/listedco/listconews/sehk/2026/0206/2026020601350.pdf
6809,"MY Asian Opportunities Master Fund, L.P",Named in cornerstone filing context,7,https://www1.hkexnews.hk/listedco/listconews/sehk/2026/0206/2026020601350.pdf
6809,Qube Master Fund Ltd,Named in cornerstone filing context,7,https://www1.hkexnews.hk/listedco/listconews/sehk/2026/0206/2026020601350.pdf
2720,"Orbit Venture Capital Management Co., Limited",Named in cornerstone filing context,5,https://www1.hkexnews.hk/listedco/listconews/sehk/2026/0209/2026020901096.pdf
2720,"Huangshan Dejun Enterprise Management Co., Ltd",Named in cornerstone filing context,5,https://www1.hkexnews.hk/listedco/listconews/sehk/2026/0209/2026020901096.pdf
0600,Xin Ma Apparel International Limited,Named in cornerstone filing context,6,https://www1.hkexnews.hk/listedco/listconews/sehk/2026/0209/2026020901278.pdf
0600,JSC International Investment Fund SPC,Named in cornerstone filing context,6,https://www1.hkexnews.hk/listedco/listconews/sehk/2026/0209/2026020901278.pdf
0600,NGS Super Pty Limited,Named in cornerstone filing context,6,https://www1.hkexnews.hk/listedco/listconews/sehk/2026/0209/2026020901278.pdf
0600,Desay SV Automotive Singapore Pte. Ltd,Named in cornerstone filing context,6,https://www1.hkexnews.hk/listedco/listconews/sehk/2026/0209/2026020901278.pdf
0600,Factorial Master Fund,Named in cornerstone filing context,6,https://www1.hkexnews.hk/listedco/listconews/sehk/2026/0209/2026020901278.pdf
0600,Hel Ved Master Fund,Named in cornerstone filing context,6,https://www1.hkexnews.hk/listedco/listconews/sehk/2026/0209/2026020901278.pdf
0600,Valliance Asset Management Limited,Named in cornerstone filing context,6,https://www1.hkexnews.hk/listedco/listconews/sehk/2026/0209/2026020901278.pdf
0600,Alphahill Capital Limited,Named in cornerstone filing context,6,https://www1.hkexnews.hk/listedco/listconews/sehk/2026/0209/2026020901278.pdf
0600,Joyson Electronics Holdings Hong Kong Limited,Named in cornerstone filing context,6,https://www1.hkexnews.hk/listedco/listconews/sehk/2026/0209/2026020901278.pdf
0600,Jupiter Global Master Fund Ltd,Named in cornerstone filing context,6,https://www1.hkexnews.hk/listedco/listconews/sehk/2026/0209/2026020901278.pdf
0600,GRANITE ASIA IX VCC (for the account of and on behalf of GX ACCESS),Named in cornerstone filing context,6,https://www1.hkexnews.hk/listedco/listconews/sehk/2026/0209/2026020901278.pdf
0600,Longhorn Note 2 and CICC Financial Trading Limited (in connection with Longhorn OTC Swaps),Named in cornerstone filing context,6,https://www1.hkexnews.hk/listedco/listconews/sehk/2026/0209/2026020901278.pdf
0600,NonaVerse (Hong Kong) Limited,Named in cornerstone filing context,6,https://www1.hkexnews.hk/listedco/listconews/sehk/2026/0209/2026020901278.pdf
0600,Qingdao Guanlan Note 2 and Guotai Junan Investments (Hong Kong) Limited (in connection with Guanlan OTC Swaps),Named in cornerstone filing context,6,https://www1.hkexnews.hk/listedco/listconews/sehk/2026/0209/2026020901278.pdf
0600,Jinyi Capital Multi-Strategy Fund SPC Ltd,Named in cornerstone filing context,6,https://www1.hkexnews.hk/listedco/listconews/sehk/2026/0209/2026020901278.pdf
0470,"Oaktree Capital Management, L.P",Named in cornerstone filing context,355,https://www1.hkexnews.hk/listedco/listconews/sehk/2026/0203/2026020300009.pdf
0470,Pinpoint Asset Management Limited,Named in cornerstone filing context,355,https://www1.hkexnews.hk/listedco/listconews/sehk/2026/0203/2026020300009.pdf
0470,Aspex Master Fund,Named in cornerstone filing context,355,https://www1.hkexnews.hk/listedco/listconews/sehk/2026/0203/2026020300009.pdf
0470,"MY Asian Opportunities Master Fund, L.P",Named in cornerstone filing context,356,https://www1.hkexnews.hk/listedco/listconews/sehk/2026/0203/2026020300009.pdf
0470,Morgan Stanley & Co. International plc,Named in cornerstone filing context,21,https://www1.hkexnews.hk/listedco/listconews/sehk/2026/0210/2026021001338.pdf
0470,Ovata Capital Management Limited,Named in cornerstone filing context,356,https://www1.hkexnews.hk/listedco/listconews/sehk/2026/0203/2026020300009.pdf
0470,Qube Master Fund Ltd,Named in cornerstone filing context,356,https://www1.hkexnews.hk/listedco/listconews/sehk/2026/0203/2026020300009.pdf
0470,Wuxi Jinchou and GTHT (in connection with Wuxi,Named in cornerstone filing context,13,https://www1.hkexnews.hk/listedco/listconews/sehk/2026/0210/2026021001338.pdf
0470,Integrated Core Strategies (Asia) Pte. Ltd,Named in cornerstone filing context,7,https://www1.hkexnews.hk/listedco/listconews/sehk/2026/0210/2026021001338.pdf
0470,Rome Garden Holding Limited,Named in cornerstone filing context,7,https://www1.hkexnews.hk/listedco/listconews/sehk/2026/0210/2026021001338.pdf
2706,Ren Xuyang (任旭陽),Legal name / investor-group alias needs manual confirmation,,
2706,Yang Zaifei (楊再飛),Legal name / investor-group alias needs manual confirmation,,
2706,LC ELITE LIMITED,Legal name / investor-group alias needs manual confirmation,,
2706,BAI GmbH,Legal name / investor-group alias needs manual confirmation,,
2706,SKY FINE LIMITED,Legal name / investor-group alias needs manual confirmation,,
2706,"Yifang Technology Group, Ltd",Legal name / investor-group alias needs manual confirmation,,
2706,Shi Youcai (史有才),Legal name / investor-group alias needs manual confirmation,,
2706,Yang Juan (楊娟),Legal name / investor-group alias needs manual confirmation,,
2706,Wan Pengjiang (萬澎江),Legal name / investor-group alias needs manual confirmation,,
2706,"I, L.P",Legal name / investor-group alias needs manual confirmation,,
2706,Hu Song (胡嵩),Legal name / investor-group alias needs manual confirmation,,
2706,TAL China Focus Master Fund,Legal name / investor-group alias needs manual confirmation,,
2706,TAL Global Opportunities Master Fund,Legal name / investor-group alias needs manual confirmation,,
2706,"Alternative Fund, L.P",Legal name / investor-group alias needs manual confirmation,,
9981,"HHLR Advisors, Ltd",Named in cornerstone filing context,5,https://www1.hkexnews.hk/listedco/listconews/sehk/2026/0212/2026021201492.pdf
9981,Shanghai Greenwoods (via Huatai OTC swaps),Legal name / investor-group alias needs manual confirmation,,
9981,Jump Trading Pacific Pte. Ltd,Named in cornerstone filing context,5,https://www1.hkexnews.hk/listedco/listconews/sehk/2026/0212/2026021201492.pdf
9981,Huizhou Huilian Investment Partnership (LP),Legal name / investor-group alias needs manual confirmation,,
9981,Jiangxi Copper (via GTJA OTC swaps),Legal name / investor-group alias needs manual confirmation,,
9981,Shen Zhen New World Investment (H.K.),Named in cornerstone filing context,5,https://www1.hkexnews.hk/listedco/listconews/sehk/2026/0212/2026021201492.pdf
9981,Best Cheer Development,Named in cornerstone filing context,6,https://www1.hkexnews.hk/listedco/listconews/sehk/2026/0212/2026021201492.pdf
9981,RIME Capital Limited,Named in cornerstone filing context,6,https://www1.hkexnews.hk/listedco/listconews/sehk/2026/0212/2026021201492.pdf
9981,SCV Alpha LP,Named in cornerstone filing context,6,https://www1.hkexnews.hk/listedco/listconews/sehk/2026/0212/2026021201492.pdf
9981,Yield Royal Investment Holding (Singapore) PTE. LTD,Named in cornerstone filing context,6,https://www1.hkexnews.hk/listedco/listconews/sehk/2026/0212/2026021201492.pdf
9981,"Guohui (HK) Holdings Co., Limited 控股有限公司",Legal name / investor-group alias needs manual confirmation,,
9981,Pu Xin (via GTJA OTC swaps),Legal name / investor-group alias needs manual confirmation,,
9981,Capchem (Hongkong),Named in cornerstone filing context,6,https://www1.hkexnews.hk/listedco/listconews/sehk/2026/0212/2026021201492.pdf
9981,Enhanced Investment Products Limited,Named in cornerstone filing context,6,https://www1.hkexnews.hk/listedco/listconews/sehk/2026/0212/2026021201492.pdf
9981,Factorial Master Fund,Named in cornerstone filing context,6,https://www1.hkexnews.hk/listedco/listconews/sehk/2026/0212/2026021201492.pdf
9981,Qianhai Starlight Capital SPC,Named in cornerstone filing context,6,https://www1.hkexnews.hk/listedco/listconews/sehk/2026/0212/2026021201492.pdf
2715,Harvest Oriental SP,Named in cornerstone filing context,6,https://www1.hkexnews.hk/listedco/listconews/sehk/2026/0306/2026030601391.pdf
2715,Hengtong Optic-electric International,Named in cornerstone filing context,6,https://www1.hkexnews.hk/listedco/listconews/sehk/2026/0306/2026030601391.pdf
2715,Dream ee HK Fund,Named in cornerstone filing context,6,https://www1.hkexnews.hk/listedco/listconews/sehk/2026/0306/2026030601391.pdf
2715,Deep Source,Named in cornerstone filing context,6,https://www1.hkexnews.hk/listedco/listconews/sehk/2026/0306/2026030601391.pdf
2715,Haitian Huayuan,Named in cornerstone filing context,6,https://www1.hkexnews.hk/listedco/listconews/sehk/2026/0306/2026030601391.pdf
2715,New Fortune,Named in cornerstone filing context,6,https://www1.hkexnews.hk/listedco/listconews/sehk/2026/0306/2026030601391.pdf
2715,Qianhai Hezhong Investment,Named in cornerstone filing context,6,https://www1.hkexnews.hk/listedco/listconews/sehk/2026/0306/2026030601391.pdf
2692,HHLRA,Legal name / investor-group alias needs manual confirmation,,
2692,"Mirae Asset Securities Co., Ltd",Named in cornerstone filing context,278,https://www1.hkexnews.hk/listedco/listconews/sehk/2026/0227/2026022700015.pdf
2692,Perseverance Asset Management,Named in cornerstone filing context,5,https://www1.hkexnews.hk/listedco/listconews/sehk/2026/0306/2026030601575.pdf
2692,Da Cheng International,Named in cornerstone filing context,5,https://www1.hkexnews.hk/listedco/listconews/sehk/2026/0306/2026030601575.pdf
2692,GF Fund HK,Legal name / investor-group alias needs manual confirmation,,
2692,Oakwise Growth Fund,Named in cornerstone filing context,5,https://www1.hkexnews.hk/listedco/listconews/sehk/2026/0306/2026030601575.pdf
2692,Jump Trading,Named in cornerstone filing context,5,https://www1.hkexnews.hk/listedco/listconews/sehk/2026/0306/2026030601575.pdf
2692,VVC Technology Fund Ltd,Named in cornerstone filing context,280,https://www1.hkexnews.hk/listedco/listconews/sehk/2026/0227/2026022700015.pdf
2692,Taihu Golden Valley,Named in cornerstone filing context,5,https://www1.hkexnews.hk/listedco/listconews/sehk/2026/0306/2026030601575.pdf
2692,Topstar Worldwide,Named in cornerstone filing context,5,https://www1.hkexnews.hk/listedco/listconews/sehk/2026/0306/2026030601575.pdf
2692,Virtues Capital and China Securities (International) Investment Company Limited (in connection with the OTC Swaps),Named in cornerstone filing context,5,https://www1.hkexnews.hk/listedco/listconews/sehk/2026/0306/2026030601575.pdf
2692,Hengbang and China Galaxy International Investment Company Limited (in connection with the Hengbang OTC Swaps),Named in cornerstone filing context,5,https://www1.hkexnews.hk/listedco/listconews/sehk/2026/0306/2026030601575.pdf
2692,W Investment,Named in cornerstone filing context,5,https://www1.hkexnews.hk/listedco/listconews/sehk/2026/0306/2026030601575.pdf
2692,BeingBoom Capital,Named in cornerstone filing context,5,https://www1.hkexnews.hk/listedco/listconews/sehk/2026/0306/2026030601575.pdf
2692,Mr. He Maoling,Named in cornerstone filing context,5,https://www1.hkexnews.hk/listedco/listconews/sehk/2026/0306/2026030601575.pdf
2692,Mr. Luo Jie,Legal name / investor-group alias needs manual confirmation,,
2692,Bridge Zone Group Limited,Named in cornerstone filing context,283,https://www1.hkexnews.hk/listedco/listconews/sehk/2026/0227/2026022700015.pdf
2692,CMBC International,Named in cornerstone filing context,5,https://www1.hkexnews.hk/listedco/listconews/sehk/2026/0306/2026030601575.pdf
2692,RIME,Legal name / investor-group alias needs manual confirmation,,
2692,Main Source Capital Limited,Named in cornerstone filing context,284,https://www1.hkexnews.hk/listedco/listconews/sehk/2026/0227/2026022700015.pdf
3268,Baoyue Lake Shenzhen Industrial Investment Win-Win Enterprise Management Limited,Named in cornerstone filing context,6,https://www1.hkexnews.hk/listedco/listconews/sehk/2026/0309/2026030901426.pdf
3268,"Meiko Elec. Hong Kong Co., Limited",Named in cornerstone filing context,6,https://www1.hkexnews.hk/listedco/listconews/sehk/2026/0309/2026030901426.pdf
3268,Streamax Electronics Limited,Named in cornerstone filing context,7,https://www1.hkexnews.hk/listedco/listconews/sehk/2026/0309/2026030901426.pdf
3268,Harvest International Premium Value (Secondary Market) Fund SPC on behalf of Harvest Oriental SP,Named in cornerstone filing context,7,https://www1.hkexnews.hk/listedco/listconews/sehk/2026/0309/2026030901426.pdf
3268,Jinyi Capital Multi-Strategy Fund SPC Ltd,Named in cornerstone filing context,7,https://www1.hkexnews.hk/listedco/listconews/sehk/2026/0309/2026030901426.pdf
3268,Open Wealth Management Limited,Named in cornerstone filing context,7,https://www1.hkexnews.hk/listedco/listconews/sehk/2026/0309/2026030901426.pdf
3268,China Winning Limited,Named in cornerstone filing context,7,https://www1.hkexnews.hk/listedco/listconews/sehk/2026/0309/2026030901426.pdf
3268,Chau Tsang Cheong (Mr. Chau),Named in cornerstone filing context,7,https://www1.hkexnews.hk/listedco/listconews/sehk/2026/0309/2026030901426.pdf
1989,Baring Asset Management (Asia) Limited,Named in cornerstone filing context,6,https://www1.hkexnews.hk/listedco/listconews/sehk/2026/0319/2026031901556.pdf
1989,CPE Greater China Enterprises Growth Fund及CPE Growth Fund,Legal name / investor-group alias needs manual confirmation,,
1989,"Dajia Life Insurance Co., Ltd",Named in cornerstone filing context,6,https://www1.hkexnews.hk/listedco/listconews/sehk/2026/0319/2026031901556.pdf
1989,Eastspring Investments (Singapore) Limited,Named in cornerstone filing context,6,https://www1.hkexnews.hk/listedco/listconews/sehk/2026/0319/2026031901556.pdf
1989,Greater Bay Area Homeland Investments Limited,Named in cornerstone filing context,266,https://www1.hkexnews.hk/listedco/listconews/sehk/2026/0312/2026031200003.pdf
1989,Greenwoods Asset Management Hong Kong Limited,Named in cornerstone filing context,6,https://www1.hkexnews.hk/listedco/listconews/sehk/2026/0319/2026031901556.pdf
1989,Guotai Junan Investments (Hong Kong) Limited,Named in cornerstone filing context,9,https://www1.hkexnews.hk/listedco/listconews/sehk/2026/0319/2026031901556.pdf
1989,Beijing Yuanfeng Asset Management L.L.P,Named in cornerstone filing context,262,https://www1.hkexnews.hk/listedco/listconews/sehk/2026/0312/2026031200003.pdf
1989,"ICBC Wealth Management Co., Ltd",Named in cornerstone filing context,6,https://www1.hkexnews.hk/listedco/listconews/sehk/2026/0319/2026031901556.pdf
1989,"MY Asian Opportunities Master Fund, L.P",Named in cornerstone filing context,6,https://www1.hkexnews.hk/listedco/listconews/sehk/2026/0319/2026031901556.pdf
1989,"Shanghai Greenwoods Asset Management Co., Ltd",Named in cornerstone filing context,264,https://www1.hkexnews.hk/listedco/listconews/sehk/2026/0312/2026031200003.pdf
1989,CITIC Securities International Capital Management Limited,Named in cornerstone filing context,6,https://www1.hkexnews.hk/listedco/listconews/sehk/2026/0319/2026031901556.pdf
1989,UBS Asset Management (Singapore) Ltd,Named in cornerstone filing context,6,https://www1.hkexnews.hk/listedco/listconews/sehk/2026/0319/2026031901556.pdf
1989,Value Partners Hong Kong Limited,Named in cornerstone filing context,6,https://www1.hkexnews.hk/listedco/listconews/sehk/2026/0319/2026031901556.pdf
2701,"Guohua Life Insurance Co., Ltd",Named in cornerstone filing context,5,https://www1.hkexnews.hk/listedco/listconews/sehk/2026/0320/2026032001594.pdf
2701,Harvest Oriental II SP,Named in cornerstone filing context,5,https://www1.hkexnews.hk/listedco/listconews/sehk/2026/0320/2026032001594.pdf
2701,Mr. An Jiangbo,Named in cornerstone filing context,5,https://www1.hkexnews.hk/listedco/listconews/sehk/2026/0320/2026032001594.pdf
2701,Ms. Christine Tai,Named in cornerstone filing context,5,https://www1.hkexnews.hk/listedco/listconews/sehk/2026/0320/2026032001594.pdf
2701,Sunwoda Treasury (Hong Kong) Limited,Named in cornerstone filing context,5,https://www1.hkexnews.hk/listedco/listconews/sehk/2026/0320/2026032001594.pdf
3355,Hao Great China Focus Fund,Named in cornerstone filing context,4,https://www1.hkexnews.hk/listedco/listconews/sehk/2026/0320/2026032001750.pdf
3355,Great Holding Development Limited,Named in cornerstone filing context,4,https://www1.hkexnews.hk/listedco/listconews/sehk/2026/0320/2026032001750.pdf
3355,WT Asset Management Limited,Named in cornerstone filing context,6,https://www1.hkexnews.hk/listedco/listconews/sehk/2026/0320/2026032001750.pdf
3355,Caitong Funds SPC — Strategic Equity Fund III SP,Named in cornerstone filing context,326,https://www1.hkexnews.hk/listedco/listconews/sehk/2026/0313/2026031300015.pdf
3355,Shanghai Intewise Capital Investment Limited ultimate clients and CICC Financial Trading Limited (in connection with Shanghai Intewise OTC Swaps),Legal name / investor-group alias needs manual confirmation,,
3355,Foresight Capital Steady Growth LPF,Named in cornerstone filing context,327,https://www1.hkexnews.hk/listedco/listconews/sehk/2026/0313/2026031300015.pdf
3355,SCGC Capital Holding Company Limited,Named in cornerstone filing context,328,https://www1.hkexnews.hk/listedco/listconews/sehk/2026/0313/2026031300015.pdf
3355,Aether Wave Fund L.P,Named in cornerstone filing context,6,https://www1.hkexnews.hk/listedco/listconews/sehk/2026/0320/2026032001750.pdf
3355,GF International Investment Management Limited,Named in cornerstone filing context,329,https://www1.hkexnews.hk/listedco/listconews/sehk/2026/0313/2026031300015.pdf
3355,"Shenzhen Kaifeng Investment Management Co., Ltd. , Changdu Kaifeng Investment",Legal name / investor-group alias needs manual confirmation,,
3355,"Management Co., Ltd.",Named in cornerstone filing context,6,https://www1.hkexnews.hk/listedco/listconews/sehk/2026/0320/2026032001750.pdf
3355,CICC FT (in connection with the Kaifeng OTC Swaps (as defined below)) Wider Huge Group Limited,Named in cornerstone filing context,6,https://www1.hkexnews.hk/listedco/listconews/sehk/2026/0320/2026032001750.pdf
2632,Yingke No. 1 (Hongkong) Limited ʮ̡,Named in cornerstone filing context,5,https://www1.hkexnews.hk/listedco/listconews/sehk/2026/0323/2026032301630.pdf
2632,"Hongkong High Tech Industrial (Beijing) Development Investment Co., Limited ʮ̡",Named in cornerstone filing context,5,https://www1.hkexnews.hk/listedco/listconews/sehk/2026/0323/2026032301630.pdf
2726,Xiamen Advanced Intelligent Manufacturing Industry Investment Limited,Named in cornerstone filing context,5,https://www1.hkexnews.hk/listedco/listconews/sehk/2026/0327/2026032702128.pdf
6636,Zhengjin International,Named in cornerstone filing context,6,https://www1.hkexnews.hk/listedco/listconews/sehk/2026/0327/2026032703232.pdf
1021,Eternal Summer Consulting Company Ltd,Named in cornerstone filing context,7,https://www1.hkexnews.hk/listedco/listconews/sehk/2026/0327/2026032703804.pdf
1021,"GF Management Co., Ltd. ʮ̡",Named in cornerstone filing context,238,https://www1.hkexnews.hk/listedco/listconews/sehk/2026/0320/2026032000035.pdf
1021,GF International Investment Management Limited,Named in cornerstone filing context,238,https://www1.hkexnews.hk/listedco/listconews/sehk/2026/0320/2026032000035.pdf
1021,"HHLR Advisors, Ltd",Named in cornerstone filing context,7,https://www1.hkexnews.hk/listedco/listconews/sehk/2026/0327/2026032703804.pdf
1021,Huatai Capital Investment Limited,Named in cornerstone filing context,8,https://www1.hkexnews.hk/listedco/listconews/sehk/2026/0327/2026032703804.pdf
1021,"Huatai Securities Co., Ltd",Named in cornerstone filing context,26,https://www1.hkexnews.hk/listedco/listconews/sehk/2026/0327/2026032703804.pdf
1021,Morgan Stanley & Co. International plc,Named in cornerstone filing context,7,https://www1.hkexnews.hk/listedco/listconews/sehk/2026/0327/2026032703804.pdf
1021,Richfirm (Hong Kong) Development Limited,Named in cornerstone filing context,7,https://www1.hkexnews.hk/listedco/listconews/sehk/2026/0327/2026032703804.pdf
1021,Samson Group Limited,Named in cornerstone filing context,7,https://www1.hkexnews.hk/listedco/listconews/sehk/2026/0327/2026032703804.pdf
1021,Shrewd Pioneer Limited,Named in cornerstone filing context,7,https://www1.hkexnews.hk/listedco/listconews/sehk/2026/0327/2026032703804.pdf
1021,VVC Technology Fund Ltd,Named in cornerstone filing context,7,https://www1.hkexnews.hk/listedco/listconews/sehk/2026/0327/2026032703804.pdf
0664,"Jiantou International (Hong Kong) Co., Limited",Named in cornerstone filing context,5,https://www1.hkexnews.hk/listedco/listconews/sehk/2026/0330/2026033003120.pdf
6656,3W Fund Management Limited,Named in cornerstone filing context,8,https://www1.hkexnews.hk/listedco/listconews/sehk/2026/0415/2026041501574.pdf
6656,Aranda Investments Pte. Ltd,Named in cornerstone filing context,5,https://www1.hkexnews.hk/listedco/listconews/sehk/2026/0415/2026041501574.pdf
6656,AXA Investment Managers UK Limited,Named in cornerstone filing context,219,https://www1.hkexnews.hk/listedco/listconews/sehk/2026/0408/2026040800017.pdf
6656,Baring Asset Management (Asia) Limited,Named in cornerstone filing context,220,https://www1.hkexnews.hk/listedco/listconews/sehk/2026/0408/2026040800017.pdf
6656,Charoen Pokphand Robot Limited,Named in cornerstone filing context,220,https://www1.hkexnews.hk/listedco/listconews/sehk/2026/0408/2026040800017.pdf
6656,CPE Energy Investment Limited,Named in cornerstone filing context,219,https://www1.hkexnews.hk/listedco/listconews/sehk/2026/0408/2026040800017.pdf
6656,CPIC Investment Management (H.K.) Company Limited,Named in cornerstone filing context,220,https://www1.hkexnews.hk/listedco/listconews/sehk/2026/0408/2026040800017.pdf
6656,Fullgoal Asset Management (HK) Limited,Named in cornerstone filing context,221,https://www1.hkexnews.hk/listedco/listconews/sehk/2026/0408/2026040800017.pdf
6656,"Fullgoal Fund Management Co., Ltd",Named in cornerstone filing context,221,https://www1.hkexnews.hk/listedco/listconews/sehk/2026/0408/2026040800017.pdf
6656,Goldman Sachs Asset Management (Hong Kong) Limited,Named in cornerstone filing context,218,https://www1.hkexnews.hk/listedco/listconews/sehk/2026/0408/2026040800017.pdf
6656,Greenwoods Asset Management Hong Kong Limited,Named in cornerstone filing context,221,https://www1.hkexnews.hk/listedco/listconews/sehk/2026/0408/2026040800017.pdf
6656,"HHLR Advisors, Ltd",Named in cornerstone filing context,218,https://www1.hkexnews.hk/listedco/listconews/sehk/2026/0408/2026040800017.pdf
6656,"Hillhouse Investment Management, Ltd",Named in cornerstone filing context,218,https://www1.hkexnews.hk/listedco/listconews/sehk/2026/0408/2026040800017.pdf
6656,Huadeng Technology Space Ventures Ltd,Named in cornerstone filing context,221,https://www1.hkexnews.hk/listedco/listconews/sehk/2026/0408/2026040800017.pdf
6656,"ICBC Wealth Management Co., Ltd",Named in cornerstone filing context,221,https://www1.hkexnews.hk/listedco/listconews/sehk/2026/0408/2026040800017.pdf
6656,Lazurite Hime L.P,Named in cornerstone filing context,8,https://www1.hkexnews.hk/listedco/listconews/sehk/2026/0415/2026041501574.pdf
6656,Perseverance Asset Management International (Singapore) Pte. Ltd,Named in cornerstone filing context,222,https://www1.hkexnews.hk/listedco/listconews/sehk/2026/0408/2026040800017.pdf
6656,Scene Cloud Global Limited,Named in cornerstone filing context,222,https://www1.hkexnews.hk/listedco/listconews/sehk/2026/0408/2026040800017.pdf
6656,"Shanghai Lujiazui (Group) Co., Ltd",Named in cornerstone filing context,5,https://www1.hkexnews.hk/listedco/listconews/sehk/2026/0415/2026041501574.pdf
6656,Tropical Terrain Limited,Named in cornerstone filing context,8,https://www1.hkexnews.hk/listedco/listconews/sehk/2026/0415/2026041501574.pdf
6656,UBS Asset Management (Singapore) Ltd,Named in cornerstone filing context,218,https://www1.hkexnews.hk/listedco/listconews/sehk/2026/0408/2026040800017.pdf
0068,"Taikang Life Insurance Co., Ltd",Named in cornerstone filing context,6,https://www1.hkexnews.hk/listedco/listconews/sehk/2026/0416/2026041601684.pdf
0068,Sunshine Life Insurance Corporation Limited,Named in cornerstone filing context,6,https://www1.hkexnews.hk/listedco/listconews/sehk/2026/0416/2026041601684.pdf
0068,"GF Fund Management Co., Ltd. and GF International Investment Management Limited (together, GF Fund)",Named in cornerstone filing context,6,https://www1.hkexnews.hk/listedco/listconews/sehk/2026/0416/2026041601684.pdf
0068,Redwood Elite Limited,Named in cornerstone filing context,6,https://www1.hkexnews.hk/listedco/listconews/sehk/2026/0416/2026041601684.pdf
0068,"Mirae Asset Securities Co., Ltd",Named in cornerstone filing context,6,https://www1.hkexnews.hk/listedco/listconews/sehk/2026/0416/2026041601684.pdf
0068,RIME Capital Limited,Named in cornerstone filing context,7,https://www1.hkexnews.hk/listedco/listconews/sehk/2026/0416/2026041601684.pdf
0068,Hesai Hong Kong Limited,Named in cornerstone filing context,7,https://www1.hkexnews.hk/listedco/listconews/sehk/2026/0416/2026041601684.pdf
0068,"Guohui (HK) Holdings Co., Limited 控股有限公司",Legal name / investor-group alias needs manual confirmation,,
0068,CR Construction Group Holdings Limited,Named in cornerstone filing context,7,https://www1.hkexnews.hk/listedco/listconews/sehk/2026/0416/2026041601684.pdf
3277,CPE Peepal Investment Limited,Named in cornerstone filing context,7,https://www1.hkexnews.hk/listedco/listconews/sehk/2026/0416/2026041602158.pdf
3277,"HHLR Advisors, Ltd",Named in cornerstone filing context,7,https://www1.hkexnews.hk/listedco/listconews/sehk/2026/0416/2026041602158.pdf
3277,UBS Asset Management (Singapore) Ltd,Named in cornerstone filing context,7,https://www1.hkexnews.hk/listedco/listconews/sehk/2026/0416/2026041602158.pdf
3277,Arc Avenue Asset Management Pte. Ltd,Named in cornerstone filing context,7,https://www1.hkexnews.hk/listedco/listconews/sehk/2026/0416/2026041602158.pdf
3277,Boyu Capital Management (Singapore) Pte. Ltd. Note 3&4,Legal name / investor-group alias needs manual confirmation,,
3277,Fullgoal Asset Management (HK) Limited Notes 3&5,Legal name / investor-group alias needs manual confirmation,,
3277,"Fullgoal Fund Management Co., Ltd. Notes 3&5",Legal name / investor-group alias needs manual confirmation,,
3277,GF International Investment Management Limited,Named in cornerstone filing context,7,https://www1.hkexnews.hk/listedco/listconews/sehk/2026/0416/2026041602158.pdf
3277,"GF Fund Management Co., Ltd",Named in cornerstone filing context,7,https://www1.hkexnews.hk/listedco/listconews/sehk/2026/0416/2026041602158.pdf
3277,"Shanghai Greenwoods Asset Management Co., Ltd. and Huatai Capital Investment Limited (in connection with Greenwoods OTC Swaps) Notes 3&7",Legal name / investor-group alias needs manual confirmation,,
3277,Greenwoods Asset Management Hong Kong Limited,Named in cornerstone filing context,228,https://www1.hkexnews.hk/listedco/listconews/sehk/2026/0409/2026040900047.pdf
3277,"Mirae Asset Securities Co., Ltd",Named in cornerstone filing context,228,https://www1.hkexnews.hk/listedco/listconews/sehk/2026/0409/2026040900047.pdf
3277,Perseverance Asset Management International (Singapore) Pte. Ltd,Named in cornerstone filing context,36,https://www1.hkexnews.hk/listedco/listconews/sehk/2026/0416/2026041602158.pdf
3277,Yield Royal Investment Holding (Singapore) PTE. LTD,Named in cornerstone filing context,229,https://www1.hkexnews.hk/listedco/listconews/sehk/2026/0409/2026040900047.pdf
3277,3W Fund Management Limited,Named in cornerstone filing context,229,https://www1.hkexnews.hk/listedco/listconews/sehk/2026/0409/2026040900047.pdf
3277,Eastern Bell Capital VIII Investment Limited,Named in cornerstone filing context,229,https://www1.hkexnews.hk/listedco/listconews/sehk/2026/0409/2026040900047.pdf
3277,"ICBC Wealth Management Co., Ltd. Notes 3 & 8",Legal name / investor-group alias needs manual confirmation,,
3277,Protium Capital Limited,Named in cornerstone filing context,12,https://www1.hkexnews.hk/listedco/listconews/sehk/2026/0416/2026041602158.pdf
3277,SCC Foresight Ventures Ltd,Named in cornerstone filing context,13,https://www1.hkexnews.hk/listedco/listconews/sehk/2026/0416/2026041602158.pdf
3277,Voyage42 Master Fund,Named in cornerstone filing context,13,https://www1.hkexnews.hk/listedco/listconews/sehk/2026/0416/2026041602158.pdf
3277,WT Asset Management Limited,Named in cornerstone filing context,230,https://www1.hkexnews.hk/listedco/listconews/sehk/2026/0409/2026040900047.pdf
3277,"E Fund Management (Hong Kong) Co., Ltd",Named in cornerstone filing context,231,https://www1.hkexnews.hk/listedco/listconews/sehk/2026/0409/2026040900047.pdf
3277,"China Asset Management Co., Ltd. Notes 3&6",Legal name / investor-group alias needs manual confirmation,,
3277,Cithara Global Multi-Strategy SPC — Disruptive Innovation Investment Fund SP,Named in cornerstone filing context,9,https://www1.hkexnews.hk/listedco/listconews/sehk/2026/0416/2026041602158.pdf
3277,Panjing Harbourview Investment Fund,Named in cornerstone filing context,9,https://www1.hkexnews.hk/listedco/listconews/sehk/2026/0416/2026041602158.pdf
3277,Value Partners Hong Kong Limited,Named in cornerstone filing context,9,https://www1.hkexnews.hk/listedco/listconews/sehk/2026/0416/2026041602158.pdf
3277,China Orient International Asset Management Limited — China Orient Multi-Strategy Master Fund,Named in cornerstone filing context,9,https://www1.hkexnews.hk/listedco/listconews/sehk/2026/0416/2026041602158.pdf
3277,China Merchants Securities Investment Management (Hong Kong) Company Limited,Named in cornerstone filing context,9,https://www1.hkexnews.hk/listedco/listconews/sehk/2026/0416/2026041602158.pdf
2476,Black Dragon AP SPV1,Named in cornerstone filing context,9,https://www1.hkexnews.hk/listedco/listconews/sehk/2026/0420/2026042001650.pdf
2476,"Bosera Asset Management (International) Co., Limited",Named in cornerstone filing context,191,https://www1.hkexnews.hk/listedco/listconews/sehk/2026/0413/2026041300005.pdf
2476,CloudAlpha Capital Management Limited,Named in cornerstone filing context,195,https://www1.hkexnews.hk/listedco/listconews/sehk/2026/0413/2026041300005.pdf
2476,Cloudview Capital Limited,Named in cornerstone filing context,192,https://www1.hkexnews.hk/listedco/listconews/sehk/2026/0413/2026041300005.pdf
2476,CNCB (Hong Kong) Investment Limited,Named in cornerstone filing context,192,https://www1.hkexnews.hk/listedco/listconews/sehk/2026/0413/2026041300005.pdf
2476,CPE Rosewood Investment Limited,Named in cornerstone filing context,6,https://www1.hkexnews.hk/listedco/listconews/sehk/2026/0420/2026042001650.pdf
2476,"Deliante Holdings Co., Ltd",Named in cornerstone filing context,6,https://www1.hkexnews.hk/listedco/listconews/sehk/2026/0420/2026042001650.pdf
2476,Foresight Global Superior Choice SPC,Named in cornerstone filing context,6,https://www1.hkexnews.hk/listedco/listconews/sehk/2026/0420/2026042001650.pdf
2476,Golden K2 Falcon Open-ended Fund Company,Named in cornerstone filing context,193,https://www1.hkexnews.hk/listedco/listconews/sehk/2026/0413/2026041300005.pdf
2476,Greenwoods Asset Management Hong Kong Limited,Named in cornerstone filing context,191,https://www1.hkexnews.hk/listedco/listconews/sehk/2026/0413/2026041300005.pdf
2476,"HHLR Advisors, Ltd",Named in cornerstone filing context,189,https://www1.hkexnews.hk/listedco/listconews/sehk/2026/0413/2026041300005.pdf
2476,"HONG KONG MASON ELECTRONICS CO., LIMITED",Legal name / investor-group alias needs manual confirmation,,
2476,HQ TELECOM SINGAPORE PTE. LTD,Named in cornerstone filing context,9,https://www1.hkexnews.hk/listedco/listconews/sehk/2026/0420/2026042001650.pdf
2476,Huizhou Huilian Investment Partnership (Limited Partnership),Named in cornerstone filing context,191,https://www1.hkexnews.hk/listedco/listconews/sehk/2026/0413/2026041300005.pdf
2476,Infore Funds Series 1 Open-ended Fund Company – Infore Global Equity Fund,Named in cornerstone filing context,193,https://www1.hkexnews.hk/listedco/listconews/sehk/2026/0413/2026041300005.pdf
2476,Janchor Partners Pan-Asian Master Fund,Named in cornerstone filing context,6,https://www1.hkexnews.hk/listedco/listconews/sehk/2026/0420/2026042001650.pdf
2476,Jump Trading Pacific Pte. Ltd,Named in cornerstone filing context,196,https://www1.hkexnews.hk/listedco/listconews/sehk/2026/0413/2026041300005.pdf
2476,Mega Prime Development Limited,Named in cornerstone filing context,193,https://www1.hkexnews.hk/listedco/listconews/sehk/2026/0413/2026041300005.pdf
2476,Metazone Link (HK) Limited,Named in cornerstone filing context,194,https://www1.hkexnews.hk/listedco/listconews/sehk/2026/0413/2026041300005.pdf
2476,"Mirae Asset Securities Co., Ltd",Named in cornerstone filing context,9,https://www1.hkexnews.hk/listedco/listconews/sehk/2026/0420/2026042001650.pdf
2476,Morgan Stanley & Co. International plc,Named in cornerstone filing context,6,https://www1.hkexnews.hk/listedco/listconews/sehk/2026/0420/2026042001650.pdf
2476,Mr. Ye Guofu,Legal name / investor-group alias needs manual confirmation,,
2476,"MY Asian Opportunities Master Fund, L.P",Named in cornerstone filing context,194,https://www1.hkexnews.hk/listedco/listconews/sehk/2026/0413/2026041300005.pdf
2476,New Alternative Limited,Named in cornerstone filing context,6,https://www1.hkexnews.hk/listedco/listconews/sehk/2026/0420/2026042001650.pdf
2476,New Golden Future Limited,Named in cornerstone filing context,6,https://www1.hkexnews.hk/listedco/listconews/sehk/2026/0420/2026042001650.pdf
2476,Ovata Capital Management Limited,Named in cornerstone filing context,194,https://www1.hkexnews.hk/listedco/listconews/sehk/2026/0413/2026041300005.pdf
2476,Panjing Harbourview Investment Fund,Named in cornerstone filing context,9,https://www1.hkexnews.hk/listedco/listconews/sehk/2026/0420/2026042001650.pdf
2476,Pinpoint Asset Management Limited,Named in cornerstone filing context,190,https://www1.hkexnews.hk/listedco/listconews/sehk/2026/0413/2026041300005.pdf
2476,Poly Platinum Enterprises Limited,Named in cornerstone filing context,193,https://www1.hkexnews.hk/listedco/listconews/sehk/2026/0413/2026041300005.pdf
2476,Ruihua (International) Investment Limited,Named in cornerstone filing context,195,https://www1.hkexnews.hk/listedco/listconews/sehk/2026/0413/2026041300005.pdf
2476,SR Wealth Securities Limited,Named in cornerstone filing context,194,https://www1.hkexnews.hk/listedco/listconews/sehk/2026/0413/2026041300005.pdf
2476,Sunshine Life Insurance Corporation Limited,Named in cornerstone filing context,190,https://www1.hkexnews.hk/listedco/listconews/sehk/2026/0413/2026041300005.pdf
2476,Tanwan Inc,Named in cornerstone filing context,190,https://www1.hkexnews.hk/listedco/listconews/sehk/2026/0413/2026041300005.pdf
2476,"Tianhong Asset Management Co., Ltd",Named in cornerstone filing context,195,https://www1.hkexnews.hk/listedco/listconews/sehk/2026/0413/2026041300005.pdf
2476,Tropical Terrain Limited,Named in cornerstone filing context,11,https://www1.hkexnews.hk/listedco/listconews/sehk/2026/0420/2026042001650.pdf
2476,Wind Sabre Fund SPC,Named in cornerstone filing context,9,https://www1.hkexnews.hk/listedco/listconews/sehk/2026/0420/2026042001650.pdf
2476,Yong Rong (HK) Asset Management Limited,Named in cornerstone filing context,191,https://www1.hkexnews.hk/listedco/listconews/sehk/2026/0413/2026041300005.pdf
3296,JPMAMAPL,Legal name / investor-group alias needs manual confirmation,,
3296,UBS AM Singapore,Named in cornerstone filing context,6,https://www1.hkexnews.hk/listedco/listconews/sehk/2026/0422/2026042202072.pdf
3296,Shanghai Gaoyi and CICC FT (in connection with Gaoyi OTC Swaps),Named in cornerstone filing context,6,https://www1.hkexnews.hk/listedco/listconews/sehk/2026/0422/2026042202072.pdf
3296,Perseverance Asset Management,Named in cornerstone filing context,6,https://www1.hkexnews.hk/listedco/listconews/sehk/2026/0422/2026042202072.pdf
3296,Cloud Map,Legal name / investor-group alias needs manual confirmation,,
3296,Taikang Life,Named in cornerstone filing context,6,https://www1.hkexnews.hk/listedco/listconews/sehk/2026/0422/2026042202072.pdf
3296,3W Fund,Legal name / investor-group alias needs manual confirmation,,
3296,New China Asset Management,Named in cornerstone filing context,6,https://www1.hkexnews.hk/listedco/listconews/sehk/2026/0422/2026042202072.pdf
3296,Everbright Wealth,Named in cornerstone filing context,6,https://www1.hkexnews.hk/listedco/listconews/sehk/2026/0422/2026042202072.pdf
3296,IvyRock,Legal name / investor-group alias needs manual confirmation,,
3296,Aurora SF (in connection with the Arrangement),Named in cornerstone filing context,6,https://www1.hkexnews.hk/listedco/listconews/sehk/2026/0422/2026042202072.pdf
3296,OmniVision HK,Named in cornerstone filing context,7,https://www1.hkexnews.hk/listedco/listconews/sehk/2026/0422/2026042202072.pdf
3296,Green Better Limited,Named in cornerstone filing context,276,https://www1.hkexnews.hk/listedco/listconews/sehk/2026/0415/2026041500011.pdf
3296,Hongxing International,Named in cornerstone filing context,7,https://www1.hkexnews.hk/listedco/listconews/sehk/2026/0422/2026042202072.pdf
3296,Ingenic Semiconductor HK,Named in cornerstone filing context,7,https://www1.hkexnews.hk/listedco/listconews/sehk/2026/0422/2026042202072.pdf
3296,Awinic Technology Limited,Named in cornerstone filing context,7,https://www1.hkexnews.hk/listedco/listconews/sehk/2026/0422/2026042202072.pdf
3296,JinYi Capital (acting for and on behalf of Structured Credit SP Fund),Named in cornerstone filing context,7,https://www1.hkexnews.hk/listedco/listconews/sehk/2026/0422/2026042202072.pdf
2493,Junshi Hong Kong Limited,Named in cornerstone filing context,2,https://www1.hkexnews.hk/listedco/listconews/sehk/2026/0427/2026042703128.pdf
2493,"Sanjin International CO., LTD",Named in cornerstone filing context,3,https://www1.hkexnews.hk/listedco/listconews/sehk/2026/0427/2026042703128.pdf
2493,"Guohui (HK) Holdings Co., Limited 控股有限公司",Legal name / investor-group alias needs manual confirmation,,
2493,CHIL,Legal name / investor-group alias needs manual confirmation,,
2493,WuXi Biologics HealthCare Venture,Named in cornerstone filing context,3,https://www1.hkexnews.hk/listedco/listconews/sehk/2026/0427/2026042703128.pdf
2493,"Splendid Zhonghe (Tianjin) Investment Management Co., Ltd. 投資管理有限公 司",Legal name / investor-group alias needs manual confirmation,,
1879,Alibaba Investment,Named in cornerstone filing context,6,https://www1.hkexnews.hk/listedco/listconews/sehk/2026/0427/2026042703526.pdf
1879,Baillie Gifford,Named in cornerstone filing context,6,https://www1.hkexnews.hk/listedco/listconews/sehk/2026/0427/2026042703526.pdf
1879,BlackRock,Named in cornerstone filing context,6,https://www1.hkexnews.hk/listedco/listconews/sehk/2026/0427/2026042703526.pdf
1879,Fidelity International,Named in cornerstone filing context,6,https://www1.hkexnews.hk/listedco/listconews/sehk/2026/0427/2026042703526.pdf
1879,Schroders,Named in cornerstone filing context,6,https://www1.hkexnews.hk/listedco/listconews/sehk/2026/0427/2026042703526.pdf
1879,Temasek,Legal name / investor-group alias needs manual confirmation,,
1879,CM Shanghai Fund,Named in cornerstone filing context,6,https://www1.hkexnews.hk/listedco/listconews/sehk/2026/0427/2026042703526.pdf
1879,HHLRA FUNDS,Named in cornerstone filing context,6,https://www1.hkexnews.hk/listedco/listconews/sehk/2026/0427/2026042703526.pdf
1879,UBS AM,Legal name / investor-group alias needs manual confirmation,,
1879,3W Fund,Legal name / investor-group alias needs manual confirmation,,
1879,Aspex,Legal name / investor-group alias needs manual confirmation,,
1879,CPE Fir,Legal name / investor-group alias needs manual confirmation,,
1879,Greenwoods Yes — Shanghai Greenwoods and CICC FT (in connection with Greenwoods OTC Swaps) GF Fund,Named in cornerstone filing context,6,https://www1.hkexnews.hk/listedco/listconews/sehk/2026/0427/2026042703526.pdf
1879,Lenovo,Legal name / investor-group alias needs manual confirmation,,
1879,"Mirae Asset Securities Co., Ltd",Named in cornerstone filing context,240,https://www1.hkexnews.hk/listedco/listconews/sehk/2026/0420/2026042000021.pdf
1879,ZTE (H.K.) LIMITED,Named in cornerstone filing context,240,https://www1.hkexnews.hk/listedco/listconews/sehk/2026/0420/2026042000021.pdf
1879,ICBC Wealth,Named in cornerstone filing context,6,https://www1.hkexnews.hk/listedco/listconews/sehk/2026/0427/2026042703526.pdf
1879,Ping An AM,Legal name / investor-group alias needs manual confirmation,,
6810,China Orient Enhanced Income Fund,Named in cornerstone filing context,6,https://www1.hkexnews.hk/listedco/listconews/sehk/2026/0428/2026042804737.pdf
6810,"XINWUTANG CO., LIMITED",Named in cornerstone filing context,6,https://www1.hkexnews.hk/listedco/listconews/sehk/2026/0428/2026042804737.pdf
1609,JSC International Investment Fund SPC for and on behalf of JSC International Investment Fund SPC-Shenghai SP,Legal name / investor-group alias needs manual confirmation,,
1609,OAP IV (HK) Limited ʮ̡ ),Named in cornerstone filing context,5,https://www1.hkexnews.hk/listedco/listconews/sehk/2026/0504/2026050403728.pdf
1609,Greater Bay Area Development Fund Management Limited for and on behalf of the M a n a g e dA c c o u n to fM e g a Prime Development Limited,Legal name / investor-group alias needs manual confirmation,,
1609,GBAD Fund Management for and on behalf of the Managed Account of Poly Platinum Enterprises Limited,Named in cornerstone filing context,5,https://www1.hkexnews.hk/listedco/listconews/sehk/2026/0504/2026050403728.pdf
1187,"Changsha Yufeng Technology Co., Ltd",Named in cornerstone filing context,6,https://www1.hkexnews.hk/listedco/listconews/sehk/2026/0505/2026050501942.pdf
1187,Da Cheng International Asset Management Company Limited,Named in cornerstone filing context,6,https://www1.hkexnews.hk/listedco/listconews/sehk/2026/0505/2026050501942.pdf
1187,"FR M CONSULTING CO., LTD",Named in cornerstone filing context,6,https://www1.hkexnews.hk/listedco/listconews/sehk/2026/0505/2026050501942.pdf
1187,HongKong HQD Industry Limited,Named in cornerstone filing context,6,https://www1.hkexnews.hk/listedco/listconews/sehk/2026/0505/2026050501942.pdf
1187,"Lens Technology (HK) Co., Limited",Named in cornerstone filing context,6,https://www1.hkexnews.hk/listedco/listconews/sehk/2026/0505/2026050501942.pdf
1187,Mr. Dai Junan,Legal name / investor-group alias needs manual confirmation,,
1187,Mr. Huang Xuelin,Legal name / investor-group alias needs manual confirmation,,
1187,Ms. Lu Qinchao,Legal name / investor-group alias needs manual confirmation,,
1187,ODI TRUST LIMITED,Named in cornerstone filing context,6,https://www1.hkexnews.hk/listedco/listconews/sehk/2026/0505/2026050501942.pdf
1187,Panjing Harbourview Investment Fund,Named in cornerstone filing context,6,https://www1.hkexnews.hk/listedco/listconews/sehk/2026/0505/2026050501942.pdf
1187,Sinohealth Technology Holdings Limited,Named in cornerstone filing context,6,https://www1.hkexnews.hk/listedco/listconews/sehk/2026/0505/2026050501942.pdf
1187,"Vision Capital Management Co., Ltd.",Named in cornerstone filing context,6,https://www1.hkexnews.hk/listedco/listconews/sehk/2026/0505/2026050501942.pdf
1187,China Galaxy International Investment Company Limited,Named in cornerstone filing context,6,https://www1.hkexnews.hk/listedco/listconews/sehk/2026/0505/2026050501942.pdf
1236,KCH Vision Investment Limited,Named in cornerstone filing context,5,https://www1.hkexnews.hk/listedco/listconews/sehk/2026/0508/2026050801854.pdf
7630,Huang River Investment Limited,Named in cornerstone filing context,5,https://www1.hkexnews.hk/listedco/listconews/sehk/2026/0512/2026051201406.pdf
7630,Prosper High Holding Limited,Named in cornerstone filing context,5,https://www1.hkexnews.hk/listedco/listconews/sehk/2026/0512/2026051201406.pdf
7630,LAV Star Opportunities Limited,Named in cornerstone filing context,5,https://www1.hkexnews.hk/listedco/listconews/sehk/2026/0512/2026051201406.pdf
7630,Global Superior Choice Fund 1 SP,Named in cornerstone filing context,5,https://www1.hkexnews.hk/listedco/listconews/sehk/2026/0512/2026051201406.pdf
7630,Vision Fund 1 SP,Named in cornerstone filing context,5,https://www1.hkexnews.hk/listedco/listconews/sehk/2026/0512/2026051201406.pdf
7630,Horizon Next SP,Named in cornerstone filing context,6,https://www1.hkexnews.hk/listedco/listconews/sehk/2026/0512/2026051201406.pdf
7630,First Quarter Moon OFC – Phecda Fund,Named in cornerstone filing context,6,https://www1.hkexnews.hk/listedco/listconews/sehk/2026/0512/2026051201406.pdf
7630,Worldwide Healthcare Partners LLC,Named in cornerstone filing context,6,https://www1.hkexnews.hk/listedco/listconews/sehk/2026/0512/2026051201406.pdf
7666,BlackRock,Named in cornerstone filing context,7,https://www1.hkexnews.hk/listedco/listconews/sehk/2026/0512/2026051201482.pdf
7666,UBS AM Singapore,Named in cornerstone filing context,7,https://www1.hkexnews.hk/listedco/listconews/sehk/2026/0512/2026051201482.pdf
7666,"China Venture Capital Innovation Investment Fund Co., Ltd",Named in cornerstone filing context,7,https://www1.hkexnews.hk/listedco/listconews/sehk/2026/0512/2026051201482.pdf
7666,Mirae,Legal name / investor-group alias needs manual confirmation,,
7666,HHLRA,Legal name / investor-group alias needs manual confirmation,,
7666,Deerfield,Named in cornerstone filing context,7,https://www1.hkexnews.hk/listedco/listconews/sehk/2026/0512/2026051201482.pdf
7666,RTW Funds,Legal name / investor-group alias needs manual confirmation,,
7666,Arc Avenue,Named in cornerstone filing context,7,https://www1.hkexnews.hk/listedco/listconews/sehk/2026/0512/2026051201482.pdf
7666,Huadeng Technology,Named in cornerstone filing context,7,https://www1.hkexnews.hk/listedco/listconews/sehk/2026/0512/2026051201482.pdf
7666,Isometry Global,Named in cornerstone filing context,7,https://www1.hkexnews.hk/listedco/listconews/sehk/2026/0512/2026051201482.pdf
7666,GF Fund,Legal name / investor-group alias needs manual confirmation,,
7666,ICBCUBS Entities,Named in cornerstone filing context,7,https://www1.hkexnews.hk/listedco/listconews/sehk/2026/0512/2026051201482.pdf
7666,ChinaAMC (HK),Named in cornerstone filing context,7,https://www1.hkexnews.hk/listedco/listconews/sehk/2026/0512/2026051201482.pdf
7666,Fullgoal Fund,Named in cornerstone filing context,7,https://www1.hkexnews.hk/listedco/listconews/sehk/2026/0512/2026051201482.pdf
7666,Lake Bleu,Legal name / investor-group alias needs manual confirmation,,
7666,Sage Partners,Named in cornerstone filing context,7,https://www1.hkexnews.hk/listedco/listconews/sehk/2026/0512/2026051201482.pdf
7666,"ICBC Wealth Management Co., Ltd",Named in cornerstone filing context,248,https://www1.hkexnews.hk/listedco/listconews/sehk/2026/0505/2026050500019.pdf
7666,ORIX Asia AM,Named in cornerstone filing context,7,https://www1.hkexnews.hk/listedco/listconews/sehk/2026/0512/2026051201482.pdf
1511,CYGG Holding Limited,Named in cornerstone filing context,5,https://www1.hkexnews.hk/listedco/listconews/sehk/2026/0519/2026051901257.pdf
1511,Starwin International A LPF,Named in cornerstone filing context,5,https://www1.hkexnews.hk/listedco/listconews/sehk/2026/0519/2026051901257.pdf
1511,Xiongan Autonomous Driving Limited,Named in cornerstone filing context,5,https://www1.hkexnews.hk/listedco/listconews/sehk/2026/0519/2026051901257.pdf
7688,RBC Global Asset Management (Asia) Limited,Named in cornerstone filing context,5,https://www1.hkexnews.hk/listedco/listconews/sehk/2026/0519/2026051901261.pdf
7688,3W Fund Management Limited,Named in cornerstone filing context,5,https://www1.hkexnews.hk/listedco/listconews/sehk/2026/0519/2026051901261.pdf
7688,Boyu Capital Management (Singapore) Pte. Ltd. (Notes 3 and 4),Legal name / investor-group alias needs manual confirmation,,
7688,"HHLR Advisors, Ltd",Named in cornerstone filing context,5,https://www1.hkexnews.hk/listedco/listconews/sehk/2026/0519/2026051901261.pdf
7688,UBS Asset Management (Singapore) Ltd,Named in cornerstone filing context,5,https://www1.hkexnews.hk/listedco/listconews/sehk/2026/0519/2026051901261.pdf
7688,CDH Global Frontier Ventures Limited,Named in cornerstone filing context,5,https://www1.hkexnews.hk/listedco/listconews/sehk/2026/0519/2026051901261.pdf
7688,Cithara Global Multi-Strategy SPC — Disruptive Innovation Investment Fund SP,Named in cornerstone filing context,5,https://www1.hkexnews.hk/listedco/listconews/sehk/2026/0519/2026051901261.pdf
7688,Fullgoal Asset Management (HK) Limited,Named in cornerstone filing context,5,https://www1.hkexnews.hk/listedco/listconews/sehk/2026/0519/2026051901261.pdf
7688,"Fullgoal Fund Management Co., Ltd",Named in cornerstone filing context,5,https://www1.hkexnews.hk/listedco/listconews/sehk/2026/0519/2026051901261.pdf
7688,"China Asset Management Co., Ltd",Named in cornerstone filing context,5,https://www1.hkexnews.hk/listedco/listconews/sehk/2026/0519/2026051901261.pdf
7688,"Shanghai Minhang Financial Investment Development Co., Ltd. (Notes 3 and 7)",Legal name / investor-group alias needs manual confirmation,,
7688,TT International Asset Management Ltd,Named in cornerstone filing context,5,https://www1.hkexnews.hk/listedco/listconews/sehk/2026/0519/2026051901261.pdf
7688,"Mirae Asset Securities Co., Ltd",Named in cornerstone filing context,230,https://www1.hkexnews.hk/listedco/listconews/sehk/2026/0512/2026051200017.pdf
7688,Goldman Sachs Asset Management (Hong Kong) Limited,Named in cornerstone filing context,5,https://www1.hkexnews.hk/listedco/listconews/sehk/2026/0519/2026051901261.pdf
6872,"AMR Action Fund, L.P",Named in cornerstone filing context,5,https://www1.hkexnews.hk/listedco/listconews/sehk/2026/0521/2026052101298.pdf
6872,"AMR Action Fund, SCSp",Named in cornerstone filing context,5,https://www1.hkexnews.hk/listedco/listconews/sehk/2026/0521/2026052101298.pdf
6872,Orient Asset Management (Hong Kong) Limited 有限公 司,Legal name / investor-group alias needs manual confirmation,,
6872,June Star Global Limited,Named in cornerstone filing context,5,https://www1.hkexnews.hk/listedco/listconews/sehk/2026/0521/2026052101298.pdf
3310,Digital Vista GD Investment LP,Named in cornerstone filing context,65,https://www1.hkexnews.hk/listedco/listconews/sehk/2026/0518/2026051800021.pdf
3310,SpreadCom Limited,Named in cornerstone filing context,243,https://www1.hkexnews.hk/listedco/listconews/sehk/2026/0518/2026051800021.pdf
3388,"Taikang Life Insurance Co., Ltd",Named in cornerstone filing context,6,https://www1.hkexnews.hk/listedco/listconews/sehk/2026/0528/2026052802543.pdf
3388,CITIC Industrial International Investment Limited,Named in cornerstone filing context,6,https://www1.hkexnews.hk/listedco/listconews/sehk/2026/0528/2026052802543.pdf
3388,CPE Greater China Enterprises Growth Fund,Named in cornerstone filing context,6,https://www1.hkexnews.hk/listedco/listconews/sehk/2026/0528/2026052802543.pdf
3388,"Martis Fund, L.P",Named in cornerstone filing context,6,https://www1.hkexnews.hk/listedco/listconews/sehk/2026/0528/2026052802543.pdf
3388,"Hong Kong BoYue International Investment Fund Co., Limited",Named in cornerstone filing context,6,https://www1.hkexnews.hk/listedco/listconews/sehk/2026/0528/2026052802543.pdf
3388,Greater Bay Area Homeland Investments Limited,Named in cornerstone filing context,6,https://www1.hkexnews.hk/listedco/listconews/sehk/2026/0528/2026052802543.pdf
3388,Apex Insight Investment L.P,Named in cornerstone filing context,6,https://www1.hkexnews.hk/listedco/listconews/sehk/2026/0528/2026052802543.pdf
3388,Oasis Investments II Master Fund Ltd,Named in cornerstone filing context,6,https://www1.hkexnews.hk/listedco/listconews/sehk/2026/0528/2026052802543.pdf
3388,Jump Trading Pacific Pte. Ltd,Named in cornerstone filing context,6,https://www1.hkexnews.hk/listedco/listconews/sehk/2026/0528/2026052802543.pdf
3388,Polymer Asia Fund LP,Named in cornerstone filing context,6,https://www1.hkexnews.hk/listedco/listconews/sehk/2026/0528/2026052802543.pdf
3388,Dingxin (Securities) Limited,Named in cornerstone filing context,6,https://www1.hkexnews.hk/listedco/listconews/sehk/2026/0528/2026052802543.pdf
3388,Colloway Group Limited,Named in cornerstone filing context,6,https://www1.hkexnews.hk/listedco/listconews/sehk/2026/0528/2026052802543.pdf
3388,"Seven Grand Managers, LLC",Named in cornerstone filing context,6,https://www1.hkexnews.hk/listedco/listconews/sehk/2026/0528/2026052802543.pdf
3388,Integrated Core Strategies (Asia) Pte. Ltd,Named in cornerstone filing context,6,https://www1.hkexnews.hk/listedco/listconews/sehk/2026/0528/2026052802543.pdf
3388,Optimas Capital Limited,Named in cornerstone filing context,6,https://www1.hkexnews.hk/listedco/listconews/sehk/2026/0528/2026052802543.pdf
1081,CPE Juniper Investment Limited,Named in cornerstone filing context,6,https://www1.hkexnews.hk/listedco/listconews/sehk/2026/0604/2026060402919.pdf
1081,Eastspring Investments (Hong Kong) Limited (瀚 亞投資（香港）,Legal name / investor-group alias needs manual confirmation,,
1081,Eastspring Investments (Singapore) Limited,Named in cornerstone filing context,7,https://www1.hkexnews.hk/listedco/listconews/sehk/2026/0604/2026060402919.pdf
1081,Fullgoal Asset Management (HK) Limited,Named in cornerstone filing context,7,https://www1.hkexnews.hk/listedco/listconews/sehk/2026/0604/2026060402919.pdf
1081,"Fullgoal Fund Management Co., Ltd",Named in cornerstone filing context,7,https://www1.hkexnews.hk/listedco/listconews/sehk/2026/0604/2026060402919.pdf
1081,GIC Private Limited,Named in cornerstone filing context,6,https://www1.hkexnews.hk/listedco/listconews/sehk/2026/0604/2026060402919.pdf
1081,"HHLR Advisors, Ltd",Named in cornerstone filing context,6,https://www1.hkexnews.hk/listedco/listconews/sehk/2026/0604/2026060402919.pdf
1081,"Hillhouse Investment Management, Ltd",Named in cornerstone filing context,6,https://www1.hkexnews.hk/listedco/listconews/sehk/2026/0604/2026060402919.pdf
1081,"ICBC Wealth Management Co., Ltd",Named in cornerstone filing context,7,https://www1.hkexnews.hk/listedco/listconews/sehk/2026/0604/2026060402919.pdf
1081,Marshall Wace Asia Limited,Named in cornerstone filing context,7,https://www1.hkexnews.hk/listedco/listconews/sehk/2026/0604/2026060402919.pdf
1081,Millennium Capital Management (Singapore) Pte. Ltd,Named in cornerstone filing context,209,https://www1.hkexnews.hk/listedco/listconews/sehk/2026/0528/2026052800019.pdf
1081,Pinpoint Asset Management Limited,Named in cornerstone filing context,7,https://www1.hkexnews.hk/listedco/listconews/sehk/2026/0604/2026060402919.pdf
1081,"PSBC Wealth Management Co., Ltd",Named in cornerstone filing context,7,https://www1.hkexnews.hk/listedco/listconews/sehk/2026/0604/2026060402919.pdf
1081,"Taikang Life Insurance Co., Ltd",Named in cornerstone filing context,7,https://www1.hkexnews.hk/listedco/listconews/sehk/2026/0604/2026060402919.pdf
1081,UBS Asset Management (Singapore) Ltd,Named in cornerstone filing context,6,https://www1.hkexnews.hk/listedco/listconews/sehk/2026/0604/2026060402919.pdf
1779,"OrbiMed Genesis Master Fund, L.P",Named in cornerstone filing context,5,https://www1.hkexnews.hk/listedco/listconews/sehk/2026/0604/2026060402923.pdf
1779,The Biotech Growth Trust PLC,Named in cornerstone filing context,5,https://www1.hkexnews.hk/listedco/listconews/sehk/2026/0604/2026060402923.pdf
1779,TruMed Health Innovation Fund LP,Named in cornerstone filing context,5,https://www1.hkexnews.hk/listedco/listconews/sehk/2026/0604/2026060402923.pdf
1779,TruMed Healthcare Master Fund,Named in cornerstone filing context,5,https://www1.hkexnews.hk/listedco/listconews/sehk/2026/0604/2026060402923.pdf
1779,Shanghai Gaoyi Asset Management Partnership (Limited Partnership) ) and Huatai Capital Investment Limited (in connection with Huatai Back-to-back TRS and the Huatai Client TRS,Legal name / investor-group alias needs manual confirmation,,
1779,"Wisdomshire Asset Management Co., Ltd* and HTCI (in connection with Huatai Back-to-back TRS and the Huatai Client TRS)",Legal name / investor-group alias needs manual confirmation,,
1779,Foresight Global Superior Choice SPC { Vision Fund 1 SP,Named in cornerstone filing context,5,https://www1.hkexnews.hk/listedco/listconews/sehk/2026/0604/2026060402923.pdf
1779,Foresight Global Superior Choice SPC { Global Superior Choice Fund 1 SP,Named in cornerstone filing context,5,https://www1.hkexnews.hk/listedco/listconews/sehk/2026/0604/2026060402923.pdf
1779,Foresight Global Superior Choice SPC { Horizon Fund 1 SP,Named in cornerstone filing context,5,https://www1.hkexnews.hk/listedco/listconews/sehk/2026/0604/2026060402923.pdf
1779,Foresight Global Superior Choice SPC { Horizon Next Fund SP,Named in cornerstone filing context,5,https://www1.hkexnews.hk/listedco/listconews/sehk/2026/0604/2026060402923.pdf
1779,"Fullgoal Fund Management Co., Ltd",Named in cornerstone filing context,5,https://www1.hkexnews.hk/listedco/listconews/sehk/2026/0604/2026060402923.pdf
1779,Fullgoal Asset Management (HK) Limited,Named in cornerstone filing context,5,https://www1.hkexnews.hk/listedco/listconews/sehk/2026/0604/2026060402923.pdf
1779,Value Partners Hong Kong Limited,Named in cornerstone filing context,5,https://www1.hkexnews.hk/listedco/listconews/sehk/2026/0604/2026060402923.pdf
1779,Greater Bay Area Development Fund Management Limited for and on behalf of the M a n a g e dA c c o u n to fM e g a Prime Development Limited,Named in cornerstone filing context,5,https://www1.hkexnews.hk/listedco/listconews/sehk/2026/0604/2026060402923.pdf
1779,"FR M CONSULTING CO., LTD",Named in cornerstone filing context,5,https://www1.hkexnews.hk/listedco/listconews/sehk/2026/0604/2026060402923.pdf
6658,Top New Development Limited,Named in cornerstone filing context,177,https://www1.hkexnews.hk/listedco/listconews/sehk/2026/0605/2026060500023.pdf
6658,Wuhu Fanchang District Rural Revitalization Development Group (Hong Kong) Limited,Named in cornerstone filing context,57,https://www1.hkexnews.hk/listedco/listconews/sehk/2026/0605/2026060500023.pdf
6675,Sunwoda Treasury (Hong Kong) Limited,Named in cornerstone filing context,6,https://www1.hkexnews.hk/listedco/listconews/sehk/2026/0616/2026061601760.pdf
6675,Longwei Hong Kong Company Limited,Named in cornerstone filing context,6,https://www1.hkexnews.hk/listedco/listconews/sehk/2026/0616/2026061601760.pdf
6675,Oakwise Growth Fund SPC { Greater China Fund SP,Named in cornerstone filing context,6,https://www1.hkexnews.hk/listedco/listconews/sehk/2026/0616/2026061601760.pdf
6675,Tembusu Limited,Named in cornerstone filing context,6,https://www1.hkexnews.hk/listedco/listconews/sehk/2026/0616/2026061601760.pdf
6675,Andrew Y Yan,Named in cornerstone filing context,6,https://www1.hkexnews.hk/listedco/listconews/sehk/2026/0616/2026061601760.pdf
6675,RIME Capital Limited,Named in cornerstone filing context,6,https://www1.hkexnews.hk/listedco/listconews/sehk/2026/0616/2026061601760.pdf
6675,Thalassa Capital Dynamics SPC (acting for and on behalf of Thalassa Horizon SP),Named in cornerstone filing context,6,https://www1.hkexnews.hk/listedco/listconews/sehk/2026/0616/2026061601760.pdf
6675,Chample International Limited,Named in cornerstone filing context,6,https://www1.hkexnews.hk/listedco/listconews/sehk/2026/0616/2026061601760.pdf
6675,Libra Stable Value and Fixed Income Segregated Portfolio Company acting for and on behalf of Libra Fixed Income One SP,Named in cornerstone filing context,6,https://www1.hkexnews.hk/listedco/listconews/sehk/2026/0616/2026061601760.pdf
6132,"Superior Choice SPC — Horizon Next Fund SP and Foresight International Series — Foresight China Equity Fund (collectively, Foresight Funds)",Named in cornerstone filing context,5,https://www1.hkexnews.hk/listedco/listconews/sehk/2026/0622/2026062201627.pdf
6132,Key Broad Future Limited,Named in cornerstone filing context,5,https://www1.hkexnews.hk/listedco/listconews/sehk/2026/0622/2026062201627.pdf
6132,LBC HK Opportunity Fund Limited,Named in cornerstone filing context,5,https://www1.hkexnews.hk/listedco/listconews/sehk/2026/0622/2026062201627.pdf
6132,Sage Partners Master Fund,Named in cornerstone filing context,5,https://www1.hkexnews.hk/listedco/listconews/sehk/2026/0622/2026062201627.pdf
6132,Panjing Harbourview Investment Fund,Named in cornerstone filing context,5,https://www1.hkexnews.hk/listedco/listconews/sehk/2026/0622/2026062201627.pdf
6132,"Taikang Life Insurance Co., Ltd",Named in cornerstone filing context,5,https://www1.hkexnews.hk/listedco/listconews/sehk/2026/0622/2026062201627.pdf
6067,Bona Star Consultant Limited,Named in cornerstone filing context,6,https://www1.hkexnews.hk/listedco/listconews/sehk/2026/0622/2026062202141.pdf
6067,CICC Financial Trading Limited,Named in cornerstone filing context,6,https://www1.hkexnews.hk/listedco/listconews/sehk/2026/0622/2026062202141.pdf
6067,"Fullgoal Fund Management Co., Ltd",Named in cornerstone filing context,5,https://www1.hkexnews.hk/listedco/listconews/sehk/2026/0622/2026062202141.pdf
6067,"GF Fund Management Co., Ltd",Named in cornerstone filing context,5,https://www1.hkexnews.hk/listedco/listconews/sehk/2026/0622/2026062202141.pdf
6067,Harvest International Premium Value (Secondary Market) Fund SPC,Named in cornerstone filing context,5,https://www1.hkexnews.hk/listedco/listconews/sehk/2026/0622/2026062202141.pdf
6067,JINKOSOLAR INVESTMENT LIMITED,Named in cornerstone filing context,6,https://www1.hkexnews.hk/listedco/listconews/sehk/2026/0622/2026062202141.pdf
6067,Mondeomax Limited,Named in cornerstone filing context,6,https://www1.hkexnews.hk/listedco/listconews/sehk/2026/0622/2026062202141.pdf
6067,Mr. Chen Feng,Named in cornerstone filing context,228,https://www1.hkexnews.hk/listedco/listconews/sehk/2026/0612/2026061200031.pdf
6067,SHEEN NATION HOLDINGS LIMITED,Named in cornerstone filing context,6,https://www1.hkexnews.hk/listedco/listconews/sehk/2026/0622/2026062202141.pdf
6067,"SINSANWA HOLDINGS (H.K.) CO., LIMITED",Named in cornerstone filing context,6,https://www1.hkexnews.hk/listedco/listconews/sehk/2026/0622/2026062202141.pdf
6067,Springs Capital (Hong Kong) Limited,Named in cornerstone filing context,5,https://www1.hkexnews.hk/listedco/listconews/sehk/2026/0622/2026062202141.pdf
6067,Sunwoda Treasury (Hong Kong) Limited,Named in cornerstone filing context,6,https://www1.hkexnews.hk/listedco/listconews/sehk/2026/0622/2026062202141.pdf
6067,"Taikang Life Insurance Co., Ltd",Named in cornerstone filing context,5,https://www1.hkexnews.hk/listedco/listconews/sehk/2026/0622/2026062202141.pdf
2335,Qiyuan Hong Kong,Named in cornerstone filing context,5,https://www1.hkexnews.hk/listedco/listconews/sehk/2026/0623/2026062301227.pdf
2335,Everest Medicine,Named in cornerstone filing context,5,https://www1.hkexnews.hk/listedco/listconews/sehk/2026/0623/2026062301227.pdf
2335,Summit Capital,Named in cornerstone filing context,5,https://www1.hkexnews.hk/listedco/listconews/sehk/2026/0623/2026062301227.pdf
6106,HHLRA,Legal name / investor-group alias needs manual confirmation,,
6106,Yuanbao Family Office,Named in cornerstone filing context,7,https://www1.hkexnews.hk/listedco/listconews/sehk/2026/0623/2026062302143.pdf
6106,3W Fund,Legal name / investor-group alias needs manual confirmation,,
6106,GF Fund,Legal name / investor-group alias needs manual confirmation,,
6106,Ruihua Investment,Named in cornerstone filing context,7,https://www1.hkexnews.hk/listedco/listconews/sehk/2026/0623/2026062302143.pdf
6106,Zhonghe Capital (through GF Securities AM as the qualified domestic institutional investor),Named in cornerstone filing context,13,https://www1.hkexnews.hk/listedco/listconews/sehk/2026/0623/2026062302143.pdf
6106,Yishao Capital,Named in cornerstone filing context,7,https://www1.hkexnews.hk/listedco/listconews/sehk/2026/0623/2026062302143.pdf
6106,Nova Kerry Inc,Named in cornerstone filing context,7,https://www1.hkexnews.hk/listedco/listconews/sehk/2026/0623/2026062302143.pdf
1956,China Orient Enhanced Income Fund,Named in cornerstone filing context,5,https://www1.hkexnews.hk/listedco/listconews/sehk/2026/0625/2026062501938.pdf
1956,Harvest Global Investments Limited,Named in cornerstone filing context,5,https://www1.hkexnews.hk/listedco/listconews/sehk/2026/0625/2026062501938.pdf
1956,First Seafront Asset Management Limited,Named in cornerstone filing context,5,https://www1.hkexnews.hk/listedco/listconews/sehk/2026/0625/2026062501938.pdf
1956,"Guohui (HK) Holdings Co., Limited 控股有限公司",Legal name / investor-group alias needs manual confirmation,,
1956,Huatai Capital Investment Limited,Named in cornerstone filing context,5,https://www1.hkexnews.hk/listedco/listconews/sehk/2026/0625/2026062501938.pdf
1956,CMBC International Investment (HK) Limited ࠢ ʮ̡,Named in cornerstone filing context,5,https://www1.hkexnews.hk/listedco/listconews/sehk/2026/0625/2026062501938.pdf
3661,GIC Private Limited,Named in cornerstone filing context,5,https://www1.hkexnews.hk/listedco/listconews/sehk/2026/0625/2026062502076.pdf
3661,JPMorgan Asset Management (Asia Pacific) Limited,Named in cornerstone filing context,5,https://www1.hkexnews.hk/listedco/listconews/sehk/2026/0625/2026062502076.pdf
3661,CPE Ginkgo Investment Limited,Named in cornerstone filing context,5,https://www1.hkexnews.hk/listedco/listconews/sehk/2026/0625/2026062502076.pdf
3661,Da Cheng International Asset Management Company Limited,Named in cornerstone filing context,5,https://www1.hkexnews.hk/listedco/listconews/sehk/2026/0625/2026062502076.pdf
3661,"Dajia Life Insurance Co., Ltd",Named in cornerstone filing context,5,https://www1.hkexnews.hk/listedco/listconews/sehk/2026/0625/2026062502076.pdf
3661,Dymon Asia Multi-Strategy Investment Master Fund,Named in cornerstone filing context,5,https://www1.hkexnews.hk/listedco/listconews/sehk/2026/0625/2026062502076.pdf
3661,First Sentier Investors (Hong Kong) Limited,Named in cornerstone filing context,5,https://www1.hkexnews.hk/listedco/listconews/sehk/2026/0625/2026062502076.pdf
3661,"GF Fund Management Co., Ltd",Named in cornerstone filing context,5,https://www1.hkexnews.hk/listedco/listconews/sehk/2026/0625/2026062502076.pdf
3661,GF International Investment Management Limited,Named in cornerstone filing context,5,https://www1.hkexnews.hk/listedco/listconews/sehk/2026/0625/2026062502076.pdf
3661,4 Golden Continent Global Vision Open- ended Fund Company- Value Opportunity Fund N0.2,Legal name / investor-group alias needs manual confirmation,,
3661,Harvest Global Investments Limited,Named in cornerstone filing context,1,https://www1.hkexnews.hk/listedco/listconews/sehk/2026/0617/12205768/2026061700186.pdf
3661,"HHLR Advisors, Ltd",Named in cornerstone filing context,8,https://www1.hkexnews.hk/listedco/listconews/sehk/2026/0617/12205768/2026061700186.pdf
3661,HHLRA (as the investment manager of an SMA managed for CPP Investments),Named in cornerstone filing context,4,https://www1.hkexnews.hk/listedco/listconews/sehk/2026/0617/12205768/2026061700186.pdf
3661,Huadeng Tech Ace Investment Ltd,Named in cornerstone filing context,9,https://www1.hkexnews.hk/listedco/listconews/sehk/2026/0617/12205768/2026061700186.pdf
3661,HQ TELECOM SINGAPORE PTE. LTD,Named in cornerstone filing context,9,https://www1.hkexnews.hk/listedco/listconews/sehk/2026/0625/2026062502076.pdf
3661,"Sungrow Power (Hong Kong) Co., Limited",Named in cornerstone filing context,2,https://www1.hkexnews.hk/listedco/listconews/sehk/2026/0617/12205768/2026061700186.pdf
3661,"ICBC Wealth Management Co., Ltd",Named in cornerstone filing context,23,https://www1.hkexnews.hk/listedco/listconews/sehk/2026/0625/2026062502076.pdf
3661,LMR Multi-Strategy Master Fund Limited,Named in cornerstone filing context,10,https://www1.hkexnews.hk/listedco/listconews/sehk/2026/0617/12205768/2026061700186.pdf
3661,Millennium Capital Management (Singapore) Pte. Ltd,Named in cornerstone filing context,10,https://www1.hkexnews.hk/listedco/listconews/sehk/2026/0617/12205768/2026061700186.pdf
3661,Ninety One Asia Pte. Limited,Named in cornerstone filing context,2,https://www1.hkexnews.hk/listedco/listconews/sehk/2026/0617/12205768/2026061700186.pdf
3661,Ocean Fine Industrial Limited,Named in cornerstone filing context,2,https://www1.hkexnews.hk/listedco/listconews/sehk/2026/0617/12205768/2026061700186.pdf
3661,"5 PSBC Wealth Management Co., Ltd",Named in cornerstone filing context,7,https://www1.hkexnews.hk/listedco/listconews/sehk/2026/0625/2026062502076.pdf
3661,"Taikang Life Insurance Co., Ltd",Named in cornerstone filing context,7,https://www1.hkexnews.hk/listedco/listconews/sehk/2026/0625/2026062502076.pdf
3661,Value Partners Hong Kong Limited,Named in cornerstone filing context,7,https://www1.hkexnews.hk/listedco/listconews/sehk/2026/0625/2026062502076.pdf
1688,"GF Fund Management Co., Ltd",Named in cornerstone filing context,5,https://www1.hkexnews.hk/listedco/listconews/sehk/2026/0625/2026062502292.pdf
1688,GF International Investment Management Limited,Named in cornerstone filing context,5,https://www1.hkexnews.hk/listedco/listconews/sehk/2026/0625/2026062502292.pdf
1688,Kaide Global Investment Ltd,Named in cornerstone filing context,5,https://www1.hkexnews.hk/listedco/listconews/sehk/2026/0625/2026062502292.pdf
1688,"Qube Master Fund Ltd, acting by its sub-investment manager Qube Research & Technologies Hong Kong Limited",Named in cornerstone filing context,5,https://www1.hkexnews.hk/listedco/listconews/sehk/2026/0625/2026062502292.pdf
1688,"Ti-Capital (HK) Pioneer Fund III and Ti-Capital (HK) Pioneer Fund IV (collectively, Ti-Capital Funds )",Named in cornerstone filing context,5,https://www1.hkexnews.hk/listedco/listconews/sehk/2026/0625/2026062502292.pdf
1688,Value Partners Hong Kong Limited,Named in cornerstone filing context,5,https://www1.hkexnews.hk/listedco/listconews/sehk/2026/0625/2026062502292.pdf
1688,Hongxing International Technology Limited ࠢ ʮ̡,Named in cornerstone filing context,5,https://www1.hkexnews.hk/listedco/listconews/sehk/2026/0625/2026062502292.pdf
1688,Morgan Stanley & Co. International plc,Named in cornerstone filing context,5,https://www1.hkexnews.hk/listedco/listconews/sehk/2026/0625/2026062502292.pdf
1688,"Greenwoods Asset Management Hong Kong Limited, as the investment manager of Golden China Master Fund",Named in cornerstone filing context,5,https://www1.hkexnews.hk/listedco/listconews/sehk/2026/0625/2026062502292.pdf
1688,3W Fund Management Limited,Named in cornerstone filing context,5,https://www1.hkexnews.hk/listedco/listconews/sehk/2026/0625/2026062502292.pdf
1688,"Deliante Holdings Co., Ltd",Named in cornerstone filing context,5,https://www1.hkexnews.hk/listedco/listconews/sehk/2026/0625/2026062502292.pdf
1688,Sunny Optical Capital Limited ʮ̡,Named in cornerstone filing context,5,https://www1.hkexnews.hk/listedco/listconews/sehk/2026/0625/2026062502292.pdf
1688,"Honor Information Technology Co., Limited ࢹڦ ʮ̡",Named in cornerstone filing context,7,https://www1.hkexnews.hk/listedco/listconews/sehk/2026/0625/2026062502292.pdf
1688,"Jain Global Master Fund Ltd, acting through its investment manager Jain Global LLC",Legal name / investor-group alias needs manual confirmation,,
1688,"Seven Grand Managers, LLC",Named in cornerstone filing context,230,https://www1.hkexnews.hk/listedco/listconews/sehk/2026/0617/2026061700029.pdf
1688,"Taikang Life Insurance Co., Ltd",Named in cornerstone filing context,230,https://www1.hkexnews.hk/listedco/listconews/sehk/2026/0617/2026061700029.pdf
1688,Da Cheng International Asset Management Company Limited,Named in cornerstone filing context,231,https://www1.hkexnews.hk/listedco/listconews/sehk/2026/0617/2026061700029.pdf
1688,"Everbright Wealth Management Co., Ltd. ࠢ ப΂ʮ̡",Named in cornerstone filing context,231,https://www1.hkexnews.hk/listedco/listconews/sehk/2026/0617/2026061700029.pdf
1688,"GRANITE ASIA IX VCC (for the account of and on behalf of GX ACCESS, GRANITE ASIA )",Named in cornerstone filing context,232,https://www1.hkexnews.hk/listedco/listconews/sehk/2026/0617/2026061700029.pdf
1688,"Verition Multi-Strategy Master Fund Ltd., managed by Verition Fund Management LLC",Legal name / investor-group alias needs manual confirmation,,
9630,"Bosera Asset Management (International) Co., Limited",Named in cornerstone filing context,6,https://www1.hkexnews.hk/listedco/listconews/sehk/2026/0625/2026062502296.pdf
9630,China Universal Asset Management (Hong Kong) Company Limited,Named in cornerstone filing context,6,https://www1.hkexnews.hk/listedco/listconews/sehk/2026/0625/2026062502296.pdf
9630,CICC Financial Trading Limited,Named in cornerstone filing context,5,https://www1.hkexnews.hk/listedco/listconews/sehk/2026/0625/2026062502296.pdf
9630,CPE Chestnut Investment Limited,Named in cornerstone filing context,5,https://www1.hkexnews.hk/listedco/listconews/sehk/2026/0625/2026062502296.pdf
9630,Fullgoal Asset Management (HK) Limited,Named in cornerstone filing context,6,https://www1.hkexnews.hk/listedco/listconews/sehk/2026/0625/2026062502296.pdf
9630,"Fullgoal Fund Management Co., Ltd",Named in cornerstone filing context,6,https://www1.hkexnews.hk/listedco/listconews/sehk/2026/0625/2026062502296.pdf
9630,"GF Fund Management Co., Ltd",Named in cornerstone filing context,6,https://www1.hkexnews.hk/listedco/listconews/sehk/2026/0625/2026062502296.pdf
9630,Hefei Jianhui Zhanxin Cornerstone Investment Company Limited,Named in cornerstone filing context,5,https://www1.hkexnews.hk/listedco/listconews/sehk/2026/0625/2026062502296.pdf
9630,"HHLR Advisors, Ltd",Named in cornerstone filing context,5,https://www1.hkexnews.hk/listedco/listconews/sehk/2026/0625/2026062502296.pdf
9630,"HK Yonglian Investment Development Co., Limited",Named in cornerstone filing context,6,https://www1.hkexnews.hk/listedco/listconews/sehk/2026/0625/2026062502296.pdf
9630,Hong Kong Xinyao Investment Limited,Named in cornerstone filing context,5,https://www1.hkexnews.hk/listedco/listconews/sehk/2026/0625/2026062502296.pdf
9630,Huadeng Victorious Way Limited,Named in cornerstone filing context,5,https://www1.hkexnews.hk/listedco/listconews/sehk/2026/0625/2026062502296.pdf
9630,JPMorgan Asset Management (Asia Pacific) Limited,Named in cornerstone filing context,5,https://www1.hkexnews.hk/listedco/listconews/sehk/2026/0625/2026062502296.pdf
9630,Lion Global Investors Limited,Named in cornerstone filing context,5,https://www1.hkexnews.hk/listedco/listconews/sehk/2026/0625/2026062502296.pdf
9630,Montage Hong Kong Holdings Company Limited,Named in cornerstone filing context,6,https://www1.hkexnews.hk/listedco/listconews/sehk/2026/0625/2026062502296.pdf
9630,Monterey Park Finance Limited,Named in cornerstone filing context,6,https://www1.hkexnews.hk/listedco/listconews/sehk/2026/0625/2026062502296.pdf
9630,Nexchip Semiconductor Hong Kong Corporation Limited,Named in cornerstone filing context,5,https://www1.hkexnews.hk/listedco/listconews/sehk/2026/0625/2026062502296.pdf
9630,Ocean Fine Industrial Limited,Named in cornerstone filing context,6,https://www1.hkexnews.hk/listedco/listconews/sehk/2026/0625/2026062502296.pdf
9630,"Sungrow Power (Hong Kong) Co., Limited",Named in cornerstone filing context,6,https://www1.hkexnews.hk/listedco/listconews/sehk/2026/0625/2026062502296.pdf
9630,Victory Giant Technology Holdings (Hong Kong) Limited,Named in cornerstone filing context,5,https://www1.hkexnews.hk/listedco/listconews/sehk/2026/0625/2026062502296.pdf
6228,"CNGR Hong Kong Material Science & Technology Co., Limited",Named in cornerstone filing context,5,https://www1.hkexnews.hk/listedco/listconews/sehk/2026/0625/2026062502338.pdf
6228,Dymon Asia Multi-Strategy Investment Master Fund,Named in cornerstone filing context,5,https://www1.hkexnews.hk/listedco/listconews/sehk/2026/0625/2026062502338.pdf
6228,"GF Fund Management Co., Ltd",Named in cornerstone filing context,5,https://www1.hkexnews.hk/listedco/listconews/sehk/2026/0625/2026062502338.pdf
6228,Glencore International AG,Named in cornerstone filing context,5,https://www1.hkexnews.hk/listedco/listconews/sehk/2026/0625/2026062502338.pdf
6228,Intera Mining Investment Limited,Named in cornerstone filing context,5,https://www1.hkexnews.hk/listedco/listconews/sehk/2026/0625/2026062502338.pdf
6228,Mercuria Holdings (Singapore) Pte. Ltd,Named in cornerstone filing context,5,https://www1.hkexnews.hk/listedco/listconews/sehk/2026/0625/2026062502338.pdf
6228,ORIX Asia Asset Management Limited,Named in cornerstone filing context,295,https://www1.hkexnews.hk/listedco/listconews/sehk/2026/0617/2026061700075.pdf
6228,Ping An of China Asset Management (Hong Kong) Company Limited,Named in cornerstone filing context,5,https://www1.hkexnews.hk/listedco/listconews/sehk/2026/0625/2026062502338.pdf
6228,Trafigura Group Pte. Ltd,Named in cornerstone filing context,294,https://www1.hkexnews.hk/listedco/listconews/sehk/2026/0617/2026061700075.pdf
6228,Wanguo Gold Group Limited,Named in cornerstone filing context,5,https://www1.hkexnews.hk/listedco/listconews/sehk/2026/0625/2026062502338.pdf
6228,Wind Sabre Fund SPC,Named in cornerstone filing context,5,https://www1.hkexnews.hk/listedco/listconews/sehk/2026/0625/2026062502338.pdf
2672,GLY New Mobility,Named in cornerstone filing context,5,https://www1.hkexnews.hk/listedco/listconews/sehk/2026/0626/2026062602363.pdf
2672,Mr. Ke,Legal name / investor-group alias needs manual confirmation,,
1191,"E Fund Management Co., Ltd",Named in cornerstone filing context,5,https://www1.hkexnews.hk/listedco/listconews/sehk/2026/0626/2026062602599.pdf
1191,JSC International Investment Fund SPC,Named in cornerstone filing context,5,https://www1.hkexnews.hk/listedco/listconews/sehk/2026/0626/2026062602599.pdf
1191,Kingsoft Cloud Network Corporation Limited,Named in cornerstone filing context,5,https://www1.hkexnews.hk/listedco/listconews/sehk/2026/0626/2026062602599.pdf
1191,Perseverance Asset Management International (Singapore) Pte. Ltd,Named in cornerstone filing context,5,https://www1.hkexnews.hk/listedco/listconews/sehk/2026/0626/2026062602599.pdf
1191,UBS Asset Management (Singapore) Ltd,Named in cornerstone filing context,5,https://www1.hkexnews.hk/listedco/listconews/sehk/2026/0626/2026062602599.pdf
1191,"Winwin Technology Investment Co., Limited",Named in cornerstone filing context,5,https://www1.hkexnews.hk/listedco/listconews/sehk/2026/0626/2026062602599.pdf
9637,GIC Private Limited,Named in cornerstone filing context,5,https://www1.hkexnews.hk/listedco/listconews/sehk/2026/0626/2026062603033.pdf
9637,"Loomis, Sayles & Company, L.P",Named in cornerstone filing context,5,https://www1.hkexnews.hk/listedco/listconews/sehk/2026/0626/2026062603033.pdf
9637,"Loomis Sayles Trust Company, LLC",Named in cornerstone filing context,5,https://www1.hkexnews.hk/listedco/listconews/sehk/2026/0626/2026062603033.pdf
9637,"RTW Master Fund, Ltd",Named in cornerstone filing context,5,https://www1.hkexnews.hk/listedco/listconews/sehk/2026/0626/2026062603033.pdf
9637,"RTW Innovation Master Fund, Ltd",Named in cornerstone filing context,5,https://www1.hkexnews.hk/listedco/listconews/sehk/2026/0626/2026062603033.pdf
9637,RTW Biotech Opportunities Ltd,Named in cornerstone filing context,5,https://www1.hkexnews.hk/listedco/listconews/sehk/2026/0626/2026062603033.pdf
9637,"SymBiosis II, LLC",Named in cornerstone filing context,5,https://www1.hkexnews.hk/listedco/listconews/sehk/2026/0626/2026062603033.pdf
9637,Huang River Investment Limited,Named in cornerstone filing context,5,https://www1.hkexnews.hk/listedco/listconews/sehk/2026/0626/2026062603033.pdf
9637,Perfect Ten Holding Limited,Named in cornerstone filing context,5,https://www1.hkexnews.hk/listedco/listconews/sehk/2026/0626/2026062603033.pdf
9637,"Cormorant Global Healthcare Master Fund, LP",Named in cornerstone filing context,5,https://www1.hkexnews.hk/listedco/listconews/sehk/2026/0626/2026062603033.pdf
9637,Dymon Asia Multi-Strategy Investment Master Fund,Named in cornerstone filing context,5,https://www1.hkexnews.hk/listedco/listconews/sehk/2026/0626/2026062603033.pdf
9637,"GF Fund Management Co., Ltd",Named in cornerstone filing context,5,https://www1.hkexnews.hk/listedco/listconews/sehk/2026/0626/2026062603033.pdf
9637,GF International Investment Management Limited,Named in cornerstone filing context,6,https://www1.hkexnews.hk/listedco/listconews/sehk/2026/0626/2026062603033.pdf
9637,China Universal Asset Management (Hong Kong) Company Limited,Named in cornerstone filing context,6,https://www1.hkexnews.hk/listedco/listconews/sehk/2026/0626/2026062603033.pdf
9637,"E Fund Management (Hong Kong) Co., Ltd",Named in cornerstone filing context,6,https://www1.hkexnews.hk/listedco/listconews/sehk/2026/0626/2026062603033.pdf
9637,Golden Valley Value Select Master Fund,Named in cornerstone filing context,6,https://www1.hkexnews.hk/listedco/listconews/sehk/2026/0626/2026062603033.pdf
9637,Golden Valley Global Limited,Named in cornerstone filing context,6,https://www1.hkexnews.hk/listedco/listconews/sehk/2026/0626/2026062603033.pdf
9637,Loyal Valley Capital Advantage Fund III LP,Named in cornerstone filing context,6,https://www1.hkexnews.hk/listedco/listconews/sehk/2026/0626/2026062603033.pdf
6915,Wealth Strategy Holding Limited,Named in cornerstone filing context,7,https://www1.hkexnews.hk/listedco/listconews/sehk/2026/0629/2026062902075.pdf
3952,"Oaktree Capital Management, L.P",Named in cornerstone filing context,5,https://www1.hkexnews.hk/listedco/listconews/sehk/2026/0629/2026062902089.pdf
3952,Alphahill Capital Limited,Named in cornerstone filing context,5,https://www1.hkexnews.hk/listedco/listconews/sehk/2026/0629/2026062902089.pdf
3952,Harvest Global Investments Limited,Named in cornerstone filing context,5,https://www1.hkexnews.hk/listedco/listconews/sehk/2026/0629/2026062902089.pdf
3952,CDH Global Frontier Ventures Limited,Named in cornerstone filing context,5,https://www1.hkexnews.hk/listedco/listconews/sehk/2026/0629/2026062902089.pdf
3952,"E Fund Management Co., Ltd",Named in cornerstone filing context,5,https://www1.hkexnews.hk/listedco/listconews/sehk/2026/0629/2026062902089.pdf
3952,Eurus Holdings SPC acting for and on behalf of OAAM Diversified Opportunities IV S.P,Named in cornerstone filing context,5,https://www1.hkexnews.hk/listedco/listconews/sehk/2026/0629/2026062902089.pdf
3952,LBC HK Opportunity Fund Limited,Named in cornerstone filing context,5,https://www1.hkexnews.hk/listedco/listconews/sehk/2026/0629/2026062902089.pdf
3952,Dream ee (Hong Kong) Open-ended Fund Company,Named in cornerstone filing context,5,https://www1.hkexnews.hk/listedco/listconews/sehk/2026/0629/2026062902089.pdf
3952,Factorial Master Fund,Named in cornerstone filing context,5,https://www1.hkexnews.hk/listedco/listconews/sehk/2026/0629/2026062902089.pdf
3952,Oasis Investments II Master Fund Ltd,Named in cornerstone filing context,5,https://www1.hkexnews.hk/listedco/listconews/sehk/2026/0629/2026062902089.pdf
6715,BlackRock Funds,Named in cornerstone filing context,5,https://www1.hkexnews.hk/listedco/listconews/sehk/2026/0629/2026062902679.pdf
6715,Barings,Legal name / investor-group alias needs manual confirmation,,
6715,Taikang Life,Named in cornerstone filing context,5,https://www1.hkexnews.hk/listedco/listconews/sehk/2026/0629/2026062902679.pdf
6715,Shanghai Greenwoods and GTINV (in connection with Greenwoods OTC Swaps),Named in cornerstone filing context,5,https://www1.hkexnews.hk/listedco/listconews/sehk/2026/0629/2026062902679.pdf
6715,Dacheng Investors,Named in cornerstone filing context,5,https://www1.hkexnews.hk/listedco/listconews/sehk/2026/0629/2026062902679.pdf
6715,ICBC Wealth Notes 3 and 5,Named in cornerstone filing context,5,https://www1.hkexnews.hk/listedco/listconews/sehk/2026/0629/2026062902679.pdf
6715,Nova Kerry Inc,Named in cornerstone filing context,5,https://www1.hkexnews.hk/listedco/listconews/sehk/2026/0629/2026062902679.pdf
6715,"Mirae Asset Securities Co., Ltd",Named in cornerstone filing context,261,https://www1.hkexnews.hk/listedco/listconews/sehk/2026/0622/2026062200025.pdf
0668,Schroder Investment Management (Singapore) Ltd,Named in cornerstone filing context,5,https://www1.hkexnews.hk/listedco/listconews/sehk/2026/0630/2026063003481.pdf
0668,Schroder Investment Management (Hong Kong) Limited,Named in cornerstone filing context,5,https://www1.hkexnews.hk/listedco/listconews/sehk/2026/0630/2026063003481.pdf
0668,Aspex Master Fund,Named in cornerstone filing context,5,https://www1.hkexnews.hk/listedco/listconews/sehk/2026/0630/2026063003481.pdf
0668,Principal Asset Management Company (Asia) Limited,Named in cornerstone filing context,6,https://www1.hkexnews.hk/listedco/listconews/sehk/2026/0630/2026063003481.pdf
0668,Greenwoods Asset Management Hong Kong Limited,Named in cornerstone filing context,6,https://www1.hkexnews.hk/listedco/listconews/sehk/2026/0630/2026063003481.pdf
0668,"Guotai Junan Investments (Hong Kong) Limited and Shanghai Greenwoods Asset Management Co., Ltd. (in connection with the Greenwoods OTC Swaps)",Legal name / investor-group alias needs manual confirmation,,
0668,"HACF, L.P",Legal name / investor-group alias needs manual confirmation,,
0668,UBS Asset Management (Singapore) Ltd,Named in cornerstone filing context,6,https://www1.hkexnews.hk/listedco/listconews/sehk/2026/0630/2026063003481.pdf
0668,"Franklin Templeton Sealand Fund Management Co., Ltd",Named in cornerstone filing context,6,https://www1.hkexnews.hk/listedco/listconews/sehk/2026/0630/2026063003481.pdf
0668,Jane Street Asia Trading Limited,Named in cornerstone filing context,6,https://www1.hkexnews.hk/listedco/listconews/sehk/2026/0630/2026063003481.pdf
0668,"Taikang Life Insurance Co., Ltd",Named in cornerstone filing context,6,https://www1.hkexnews.hk/listedco/listconews/sehk/2026/0630/2026063003481.pdf
0668,WT Asset Management Limited,Named in cornerstone filing context,6,https://www1.hkexnews.hk/listedco/listconews/sehk/2026/0630/2026063003481.pdf
0668,Value Partners Hong Kong Limited,Named in cornerstone filing context,6,https://www1.hkexnews.hk/listedco/listconews/sehk/2026/0630/2026063003481.pdf
2667,Airport Technology Capital,Named in cornerstone filing context,7,https://www1.hkexnews.hk/listedco/listconews/sehk/2026/0706/2026070602117.pdf
2667,Aurora SF,Legal name / investor-group alias needs manual confirmation,,
2667,CICCFT (in connection with OTC Swaps),Named in cornerstone filing context,7,https://www1.hkexnews.hk/listedco/listconews/sehk/2026/0706/2026070602117.pdf
6880,Fidelity International,Named in cornerstone filing context,6,https://www1.hkexnews.hk/listedco/listconews/sehk/2026/0707/2026070701963.pdf
6880,BlackRock,Named in cornerstone filing context,6,https://www1.hkexnews.hk/listedco/listconews/sehk/2026/0707/2026070701963.pdf
6880,Mercedes-Benz AG,Named in cornerstone filing context,6,https://www1.hkexnews.hk/listedco/listconews/sehk/2026/0707/2026070701963.pdf
6880,Oaktree,Legal name / investor-group alias needs manual confirmation,,
6880,Golden Link,Named in cornerstone filing context,6,https://www1.hkexnews.hk/listedco/listconews/sehk/2026/0707/2026070701963.pdf
6880,Franklin Templeton,Named in cornerstone filing context,6,https://www1.hkexnews.hk/listedco/listconews/sehk/2026/0707/2026070701963.pdf
6880,Boyu,Legal name / investor-group alias needs manual confirmation,,
6880,Gaoyi Entities,Named in cornerstone filing context,6,https://www1.hkexnews.hk/listedco/listconews/sehk/2026/0707/2026070701963.pdf
6880,CPIC,Legal name / investor-group alias needs manual confirmation,,
6880,GF Fund,Legal name / investor-group alias needs manual confirmation,,
6880,ChinaAMC (HK),Named in cornerstone filing context,6,https://www1.hkexnews.hk/listedco/listconews/sehk/2026/0707/2026070701963.pdf
6880,Suzhou Mosu,Named in cornerstone filing context,6,https://www1.hkexnews.hk/listedco/listconews/sehk/2026/0707/2026070701963.pdf
6880,GigaDevice,Named in cornerstone filing context,6,https://www1.hkexnews.hk/listedco/listconews/sehk/2026/0707/2026070701963.pdf
7687,ZIJINNING,Named in cornerstone filing context,5,https://www1.hkexnews.hk/listedco/listconews/sehk/2026/0707/2026070702043.pdf
7687,Aurora SF (in connection with the Arrangement),Named in cornerstone filing context,5,https://www1.hkexnews.hk/listedco/listconews/sehk/2026/0707/2026070702043.pdf
7687,Fidelity International,Named in cornerstone filing context,5,https://www1.hkexnews.hk/listedco/listconews/sehk/2026/0707/2026070702043.pdf
7687,JPMAMAPL,Legal name / investor-group alias needs manual confirmation,,
7687,Barings,Legal name / investor-group alias needs manual confirmation,,
7687,Indus Fund,Named in cornerstone filing context,5,https://www1.hkexnews.hk/listedco/listconews/sehk/2026/0707/2026070702043.pdf
7687,Jain Global Master Fund Ltd,Named in cornerstone filing context,5,https://www1.hkexnews.hk/listedco/listconews/sehk/2026/0707/2026070702043.pdf
7687,REGAL,Legal name / investor-group alias needs manual confirmation,,
7687,GF Fund,Legal name / investor-group alias needs manual confirmation,,
7687,Seven Grand,Named in cornerstone filing context,6,https://www1.hkexnews.hk/listedco/listconews/sehk/2026/0707/2026070702043.pdf
3752,"GF Management Co., Ltd. ʮ̡",Named in cornerstone filing context,6,https://www1.hkexnews.hk/listedco/listconews/sehk/2026/0708/2026070801234.pdf
3752,GF International Investment Management Limitedʮ̡ HUATAI CAPITAL INVESTMENT LIMITEDʮ̡,Named in cornerstone filing context,6,https://www1.hkexnews.hk/listedco/listconews/sehk/2026/0708/2026070801234.pdf
3752,"Beijing Financial Street Capital Operation Group Co., Ltd.ፄ൑༟͉༶ᐄ ʮ̡",Named in cornerstone filing context,6,https://www1.hkexnews.hk/listedco/listconews/sehk/2026/0708/2026070801234.pdf
3752,Yishao Capital Management (HK) Limited,Named in cornerstone filing context,6,https://www1.hkexnews.hk/listedco/listconews/sehk/2026/0708/2026070801234.pdf
3752,All View Focus Fund LPF,Named in cornerstone filing context,6,https://www1.hkexnews.hk/listedco/listconews/sehk/2026/0708/2026070801234.pdf
0537,CITIC-Prudential Fund Management Company Ltd,Named in cornerstone filing context,5,https://www1.hkexnews.hk/listedco/listconews/sehk/2026/0708/2026070801336.pdf
0537,CPE Hemlock Investment Limited,Named in cornerstone filing context,5,https://www1.hkexnews.hk/listedco/listconews/sehk/2026/0708/2026070801336.pdf
0537,"HHLR Advisors, Ltd",Named in cornerstone filing context,5,https://www1.hkexnews.hk/listedco/listconews/sehk/2026/0708/2026070801336.pdf
0537,Hua Yuan International Limited,Named in cornerstone filing context,5,https://www1.hkexnews.hk/listedco/listconews/sehk/2026/0708/2026070801336.pdf
0537,Purple Diamond Ltd,Named in cornerstone filing context,5,https://www1.hkexnews.hk/listedco/listconews/sehk/2026/0708/2026070801336.pdf
0537,"Sungrow Power (Hong Kong) Co., Limited",Named in cornerstone filing context,5,https://www1.hkexnews.hk/listedco/listconews/sehk/2026/0708/2026070801336.pdf
0537,"Suzhou Taihu Golden Valley Construction and Development Co., Ltd",Named in cornerstone filing context,5,https://www1.hkexnews.hk/listedco/listconews/sehk/2026/0708/2026070801336.pdf
2475,Taibai Investments Pte. Ltd,Named in cornerstone filing context,6,https://www1.hkexnews.hk/listedco/listconews/sehk/2026/0708/2026070801342.pdf
2475,True Light Investments H Pte. Ltd,Named in cornerstone filing context,6,https://www1.hkexnews.hk/listedco/listconews/sehk/2026/0708/2026070801342.pdf
2475,"HHLR Advisors, Ltd",Named in cornerstone filing context,6,https://www1.hkexnews.hk/listedco/listconews/sehk/2026/0708/2026070801342.pdf
2475,HHLRA (as the investment manager of a segregated management account for CPP Investments),Legal name / investor-group alias needs manual confirmation,,
2475,GIC Private Limited,Named in cornerstone filing context,6,https://www1.hkexnews.hk/listedco/listconews/sehk/2026/0708/2026070801342.pdf
2475,CPE Neem Investment Limited,Named in cornerstone filing context,6,https://www1.hkexnews.hk/listedco/listconews/sehk/2026/0708/2026070801342.pdf
2475,Greenwoods Asset Management Hong Kong Limited,Named in cornerstone filing context,6,https://www1.hkexnews.hk/listedco/listconews/sehk/2026/0708/2026070801342.pdf
2475,"Foresight Global Superior Choice SPC—Global Superior Choice Fund 1 SP , Foresight Global Superior Choice SPC—Vision Fund 1 SP , Foresight Global",Legal name / investor-group alias needs manual confirmation,,
2475,"SP , Foresight China Equity Fund Abu Dhabi Investment Authority",Legal name / investor-group alias needs manual confirmation,,
2475,UBS Asset Management (Singapore) Ltd,Named in cornerstone filing context,268,https://www1.hkexnews.hk/listedco/listconews/sehk/2026/0630/2026063000097.pdf
2475,"Oaktree Capital Management, L.P",Named in cornerstone filing context,268,https://www1.hkexnews.hk/listedco/listconews/sehk/2026/0630/2026063000097.pdf
2475,Eastspring Investments (Singapore) Limited,Named in cornerstone filing context,268,https://www1.hkexnews.hk/listedco/listconews/sehk/2026/0630/2026063000097.pdf
2475,Eastspring Investments (Hong Kong) Limited (瀚 亞投資（香港）,Legal name / investor-group alias needs manual confirmation,,
2475,First Sentier Investors (Hong Kong) Limited,Named in cornerstone filing context,269,https://www1.hkexnews.hk/listedco/listconews/sehk/2026/0630/2026063000097.pdf
2475,First Sentier Investors (Singapore),Named in cornerstone filing context,269,https://www1.hkexnews.hk/listedco/listconews/sehk/2026/0630/2026063000097.pdf
2475,"GF Fund Management Co., Ltd",Named in cornerstone filing context,73,https://www1.hkexnews.hk/listedco/listconews/sehk/2026/0630/2026063000097.pdf
2475,GF International Investment Management Limited,Named in cornerstone filing context,73,https://www1.hkexnews.hk/listedco/listconews/sehk/2026/0630/2026063000097.pdf
2475,China Universal Asset Management (Hong Kong) Company Limited,Named in cornerstone filing context,270,https://www1.hkexnews.hk/listedco/listconews/sehk/2026/0630/2026063000097.pdf
2475,"Bosera Asset Management (International) Co., Limited",Named in cornerstone filing context,270,https://www1.hkexnews.hk/listedco/listconews/sehk/2026/0630/2026063000097.pdf
2475,FIL Investment Management (Hong Kong) Limited,Named in cornerstone filing context,270,https://www1.hkexnews.hk/listedco/listconews/sehk/2026/0630/2026063000097.pdf
2475,Value Partners Hong Kong Limited,Named in cornerstone filing context,73,https://www1.hkexnews.hk/listedco/listconews/sehk/2026/0630/2026063000097.pdf
2475,"Taikang Life Insurance Co., Ltd",Named in cornerstone filing context,271,https://www1.hkexnews.hk/listedco/listconews/sehk/2026/0630/2026063000097.pdf
2475,Huang River Investment Limited,Named in cornerstone filing context,271,https://www1.hkexnews.hk/listedco/listconews/sehk/2026/0630/2026063000097.pdf
2475,Prosper High Holding Limited,Named in cornerstone filing context,271,https://www1.hkexnews.hk/listedco/listconews/sehk/2026/0630/2026063000097.pdf
2475,"Mirae Asset Securities Co., Ltd",Named in cornerstone filing context,271,https://www1.hkexnews.hk/listedco/listconews/sehk/2026/0630/2026063000097.pdf
2475,"Mirae Asset Global Investments Co., Ltd",Named in cornerstone filing context,271,https://www1.hkexnews.hk/listedco/listconews/sehk/2026/0630/2026063000097.pdf
2475,Perseverance Asset Management International (Singapore) Pte. Ltd. (Perseverance,Named in cornerstone filing context,272,https://www1.hkexnews.hk/listedco/listconews/sehk/2026/0630/2026063000097.pdf
2475,Integrated Core Strategies (Asia) Pte. Ltd,Named in cornerstone filing context,10,https://www1.hkexnews.hk/listedco/listconews/sehk/2026/0708/2026070801342.pdf
2475,Jane Street Asia Trading Limited,Named in cornerstone filing context,10,https://www1.hkexnews.hk/listedco/listconews/sehk/2026/0708/2026070801342.pdf
2475,WT Asset Management Limited,Named in cornerstone filing context,10,https://www1.hkexnews.hk/listedco/listconews/sehk/2026/0708/2026070801342.pdf
2475,"MY Asian Opportunities Master Fund, L.P",Named in cornerstone filing context,10,https://www1.hkexnews.hk/listedco/listconews/sehk/2026/0708/2026070801342.pdf
2475,Polymer Asia Fund LP,Named in cornerstone filing context,10,https://www1.hkexnews.hk/listedco/listconews/sehk/2026/0708/2026070801342.pdf
6951,Temasek,Legal name / investor-group alias needs manual confirmation,,
6951,JPMAMAPL,Legal name / investor-group alias needs manual confirmation,,
6951,CPE River,Legal name / investor-group alias needs manual confirmation,,
6951,Ninety One Asia Pte. Limited,Named in cornerstone filing context,6,https://www1.hkexnews.hk/listedco/listconews/sehk/2026/0708/2026070801348.pdf
6951,Alibaba Investment,Named in cornerstone filing context,6,https://www1.hkexnews.hk/listedco/listconews/sehk/2026/0708/2026070801348.pdf
6951,Huang River,Named in cornerstone filing context,6,https://www1.hkexnews.hk/listedco/listconews/sehk/2026/0708/2026070801348.pdf
6951,GSAM,Legal name / investor-group alias needs manual confirmation,,
6951,Manulife-managed Funds,Named in cornerstone filing context,6,https://www1.hkexnews.hk/listedco/listconews/sehk/2026/0708/2026070801348.pdf
6951,Taikang Life,Named in cornerstone filing context,6,https://www1.hkexnews.hk/listedco/listconews/sehk/2026/0708/2026070801348.pdf
6951,China Universal Investors,Named in cornerstone filing context,6,https://www1.hkexnews.hk/listedco/listconews/sehk/2026/0708/2026070801348.pdf
6951,Bosera Internaitonal,Named in cornerstone filing context,11,https://www1.hkexnews.hk/listedco/listconews/sehk/2026/0708/2026070801348.pdf
6951,ICBC Wealth,Named in cornerstone filing context,6,https://www1.hkexnews.hk/listedco/listconews/sehk/2026/0708/2026070801348.pdf
6951,IvyRock,Legal name / investor-group alias needs manual confirmation,,
6951,GBAHIL,Legal name / investor-group alias needs manual confirmation,,
6951,Metazone,Legal name / investor-group alias needs manual confirmation,,
6951,Verition Fund,Named in cornerstone filing context,6,https://www1.hkexnews.hk/listedco/listconews/sehk/2026/0708/2026070801348.pdf
6951,GMF and IRMF,Named in cornerstone filing context,11,https://www1.hkexnews.hk/listedco/listconews/sehk/2026/0708/2026070801348.pdf
1377,Victory Giant Technology Holdings (Hong Kong) Limited,Named in cornerstone filing context,6,https://www1.hkexnews.hk/listedco/listconews/sehk/2026/0708/2026070801372.pdf
1377,"HHLR Advisors, Ltd",Named in cornerstone filing context,6,https://www1.hkexnews.hk/listedco/listconews/sehk/2026/0708/2026070801372.pdf
1377,Aspex Master Fund,Named in cornerstone filing context,6,https://www1.hkexnews.hk/listedco/listconews/sehk/2026/0708/2026070801372.pdf
1377,KINGBOARD INVESTMENTS LIMITED,Named in cornerstone filing context,6,https://www1.hkexnews.hk/listedco/listconews/sehk/2026/0708/2026070801372.pdf
1377,CPE Investment XVI Limited,Legal name / investor-group alias needs manual confirmation,,
1377,CloudAlpha Capital Management Limited,Named in cornerstone filing context,6,https://www1.hkexnews.hk/listedco/listconews/sehk/2026/0708/2026070801372.pdf
1377,"E FUND E FUND MANAGEMENT CO., LTD",Named in cornerstone filing context,7,https://www1.hkexnews.hk/listedco/listconews/sehk/2026/0708/2026070801372.pdf
1377,"E Fund Management (Hong Kong) Co., Ltd",Named in cornerstone filing context,7,https://www1.hkexnews.hk/listedco/listconews/sehk/2026/0708/2026070801372.pdf
1377,Verition Multi- Strategy Master Fund Ltd,Named in cornerstone filing context,7,https://www1.hkexnews.hk/listedco/listconews/sehk/2026/0708/2026070801372.pdf
1377,"Taikang Life Insurance Co., Ltd",Named in cornerstone filing context,7,https://www1.hkexnews.hk/listedco/listconews/sehk/2026/0708/2026070801372.pdf
1377,Athos Capital Limited,Named in cornerstone filing context,7,https://www1.hkexnews.hk/listedco/listconews/sehk/2026/0708/2026070801372.pdf
1377,Hel Ved Master Fund,Named in cornerstone filing context,7,https://www1.hkexnews.hk/listedco/listconews/sehk/2026/0708/2026070801372.pdf
1377,Integrated Core Strategies (Asia) Pte. Ltd,Named in cornerstone filing context,7,https://www1.hkexnews.hk/listedco/listconews/sehk/2026/0708/2026070801372.pdf
1377,IFUND SPC — Vision IX SP,Named in cornerstone filing context,7,https://www1.hkexnews.hk/listedco/listconews/sehk/2026/0708/2026070801372.pdf
1377,Baring Asset Management (Asia) Limited,Named in cornerstone filing context,7,https://www1.hkexnews.hk/listedco/listconews/sehk/2026/0708/2026070801372.pdf
1377,"Martis Fund, L.P",Named in cornerstone filing context,7,https://www1.hkexnews.hk/listedco/listconews/sehk/2026/0708/2026070801372.pdf
1377,"DYNAMIC HOLDING CO., LTD",Named in cornerstone filing context,7,https://www1.hkexnews.hk/listedco/listconews/sehk/2026/0708/2026070801372.pdf
6745,Beijing Yian and HTCI (in connection with the Beijing Yian OTC Swaps),Named in cornerstone filing context,5,https://www1.hkexnews.hk/listedco/listconews/sehk/2026/0709/2026070901273.pdf
6745,Luhua Daosheng and HTCI (in connection with the Luhua Daosheng OTC Swaps),Named in cornerstone filing context,5,https://www1.hkexnews.hk/listedco/listconews/sehk/2026/0709/2026070901273.pdf
6745,Aurora SF (in connection with Binzhou Guotou Arrangement),Named in cornerstone filing context,5,https://www1.hkexnews.hk/listedco/listconews/sehk/2026/0709/2026070901273.pdf
6745,China Hongqiao Group Limited,Named in cornerstone filing context,221,https://www1.hkexnews.hk/listedco/listconews/sehk/2026/0630/2026063000101.pdf
6745,Hyperion Venture,Named in cornerstone filing context,5,https://www1.hkexnews.hk/listedco/listconews/sehk/2026/0709/2026070901273.pdf
6745,Tianto,Legal name / investor-group alias needs manual confirmation,,
6745,Safewell,Legal name / investor-group alias needs manual confirmation,,
2249,"Hefei Chipone (Hong Kong) Co., Limited and Chipone (Hong Kong) Co., Limited (collectively, Chipone )",Named in cornerstone filing context,5,https://www1.hkexnews.hk/listedco/listconews/sehk/2026/0709/2026070901289.pdf
2249,Puxin Technology Limited,Named in cornerstone filing context,5,https://www1.hkexnews.hk/listedco/listconews/sehk/2026/0709/2026070901289.pdf
2249,"Smartsens Technology (HK) Co., Limited",Named in cornerstone filing context,5,https://www1.hkexnews.hk/listedco/listconews/sehk/2026/0709/2026070901289.pdf
2249,"Chery Automobile HongKong Trade Co., Limited",Named in cornerstone filing context,5,https://www1.hkexnews.hk/listedco/listconews/sehk/2026/0709/2026070901289.pdf
2249,"Goertek (HongKong) Co., Limited",Named in cornerstone filing context,5,https://www1.hkexnews.hk/listedco/listconews/sehk/2026/0709/2026070901289.pdf
2249,"Taikang Life Insurance Co., Ltd",Named in cornerstone filing context,5,https://www1.hkexnews.hk/listedco/listconews/sehk/2026/0709/2026070901289.pdf
2249,"GF Fund Management Co., Ltd",Named in cornerstone filing context,231,https://www1.hkexnews.hk/listedco/listconews/sehk/2026/0630/2026063000123.pdf
2249,GF International Investment Management Limited,Named in cornerstone filing context,231,https://www1.hkexnews.hk/listedco/listconews/sehk/2026/0630/2026063000123.pdf
2249,Shanghai Gaoyi Asset Management Partnership (Limited Partnership),Named in cornerstone filing context,233,https://www1.hkexnews.hk/listedco/listconews/sehk/2026/0630/2026063000123.pdf
2249,Perseverance Asset Management International (Singapore) Pte. Ltd,Named in cornerstone filing context,233,https://www1.hkexnews.hk/listedco/listconews/sehk/2026/0630/2026063000123.pdf
2249,China Universal Asset Management (Hong Kong) Company Limited,Named in cornerstone filing context,20,https://www1.hkexnews.hk/listedco/listconews/sehk/2026/0709/2026070901289.pdf
2249,"NGS Super Pty Limited , as trustee of NGS Super",Legal name / investor-group alias needs manual confirmation,,
2249,"HHLR Advisors, Ltd",Named in cornerstone filing context,234,https://www1.hkexnews.hk/listedco/listconews/sehk/2026/0630/2026063000123.pdf
2249,WT Asset Management Limited,Named in cornerstone filing context,234,https://www1.hkexnews.hk/listedco/listconews/sehk/2026/0630/2026063000123.pdf
2249,IvyRock Asset Management (HK) Limited,Named in cornerstone filing context,235,https://www1.hkexnews.hk/listedco/listconews/sehk/2026/0630/2026063000123.pdf
2249,"Verition Multi-Strategy Master Fund Ltd., managed by Verition Fund Management LLC",Named in cornerstone filing context,7,https://www1.hkexnews.hk/listedco/listconews/sehk/2026/0709/2026070901289.pdf
2249,Pinpoint Asset Management Limited,Named in cornerstone filing context,7,https://www1.hkexnews.hk/listedco/listconews/sehk/2026/0709/2026070901289.pdf
2249,Da Cheng International Asset Management Company Limited,Named in cornerstone filing context,7,https://www1.hkexnews.hk/listedco/listconews/sehk/2026/0709/2026070901289.pdf
2249,"ICBC Wealth Management Co., Ltd",Named in cornerstone filing context,7,https://www1.hkexnews.hk/listedco/listconews/sehk/2026/0709/2026070901289.pdf
2249,"PSBC Wealth Management Co., Ltd",Named in cornerstone filing context,7,https://www1.hkexnews.hk/listedco/listconews/sehk/2026/0709/2026070901289.pdf
2249,Harvest Global Investments Limited,Named in cornerstone filing context,7,https://www1.hkexnews.hk/listedco/listconews/sehk/2026/0709/2026070901289.pdf
3308,Taibai,Legal name / investor-group alias needs manual confirmation,,
3308,True Light,Named in cornerstone filing context,4,https://www1.hkexnews.hk/listedco/listconews/sehk/2026/0729/2026072901629.pdf
3308,HHLRA,Legal name / investor-group alias needs manual confirmation,,
3308,JPMIMI,Legal name / investor-group alias needs manual confirmation,,
3308,JPMAMAPL,Legal name / investor-group alias needs manual confirmation,,
3308,BlackRock,Named in cornerstone filing context,4,https://www1.hkexnews.hk/listedco/listconews/sehk/2026/0729/2026072901629.pdf
3308,YF Capital,Named in cornerstone filing context,4,https://www1.hkexnews.hk/listedco/listconews/sehk/2026/0729/2026072901629.pdf
3308,Aspex,Legal name / investor-group alias needs manual confirmation,,
3308,ADIA,Legal name / investor-group alias needs manual confirmation,,
3308,Wellington,Named in cornerstone filing context,4,https://www1.hkexnews.hk/listedco/listconews/sehk/2026/0729/2026072901629.pdf
3308,Perseverance Asset Management,Named in cornerstone filing context,4,https://www1.hkexnews.hk/listedco/listconews/sehk/2026/0729/2026072901629.pdf
3308,Indus Funds,Named in cornerstone filing context,4,https://www1.hkexnews.hk/listedco/listconews/sehk/2026/0729/2026072901629.pdf
3308,Mirae Investors,Named in cornerstone filing context,4,https://www1.hkexnews.hk/listedco/listconews/sehk/2026/0729/2026072901629.pdf
3308,NGS Super Fund,Named in cornerstone filing context,4,https://www1.hkexnews.hk/listedco/listconews/sehk/2026/0729/2026072901629.pdf
3308,Bain Capital,Named in cornerstone filing context,4,https://www1.hkexnews.hk/listedco/listconews/sehk/2026/0729/2026072901629.pdf
3308,Boyu Capital,Named in cornerstone filing context,4,https://www1.hkexnews.hk/listedco/listconews/sehk/2026/0729/2026072901629.pdf
3308,IDG Capital,Named in cornerstone filing context,4,https://www1.hkexnews.hk/listedco/listconews/sehk/2026/0729/2026072901629.pdf
3308,Ninety One Asia Pte. Limited,Named in cornerstone filing context,295,https://www1.hkexnews.hk/listedco/listconews/sehk/2026/0722/2026072200013.pdf
3308,WT Asset Management Limited,Named in cornerstone filing context,295,https://www1.hkexnews.hk/listedco/listconews/sehk/2026/0722/2026072200013.pdf
3308,CloudAlpha Capital,Named in cornerstone filing context,4,https://www1.hkexnews.hk/listedco/listconews/sehk/2026/0729/2026072901629.pdf
3308,Tairen,Legal name / investor-group alias needs manual confirmation,,
3308,Hao Funds,Legal name / investor-group alias needs manual confirmation,,
3308,Janchor Funds,Named in cornerstone filing context,5,https://www1.hkexnews.hk/listedco/listconews/sehk/2026/0729/2026072901629.pdf
3308,Alibaba,Legal name / investor-group alias needs manual confirmation,,
3308,Tencent,Legal name / investor-group alias needs manual confirmation,,
3308,CPP Investments,Named in cornerstone filing context,5,https://www1.hkexnews.hk/listedco/listconews/sehk/2026/0729/2026072901629.pdf
3308,Oaktree,Legal name / investor-group alias needs manual confirmation,,
3308,CP Black Dragon,Named in cornerstone filing context,5,https://www1.hkexnews.hk/listedco/listconews/sehk/2026/0729/2026072901629.pdf
3308,CTFE,Legal name / investor-group alias needs manual confirmation,,
3308,Athos Capital Limited,Named in cornerstone filing context,298,https://www1.hkexnews.hk/listedco/listconews/sehk/2026/0722/2026072200013.pdf
3308,TAL Funds,Legal name / investor-group alias needs manual confirmation,,
3308,Burkehill,Named in cornerstone filing context,5,https://www1.hkexnews.hk/listedco/listconews/sehk/2026/0729/2026072901629.pdf
3308,General Atlantic,Named in cornerstone filing context,5,https://www1.hkexnews.hk/listedco/listconews/sehk/2026/0729/2026072901629.pdf
3308,Huadeng Technology,Named in cornerstone filing context,5,https://www1.hkexnews.hk/listedco/listconews/sehk/2026/0729/2026072901629.pdf
3223,Arrow Target Investment L.P,Named in cornerstone filing context,267,https://www1.hkexnews.hk/listedco/listconews/sehk/2026/0817/2026081700003.pdf
3223,China Universal Asset Management (Hong Kong) Company Limited,Named in cornerstone filing context,267,https://www1.hkexnews.hk/listedco/listconews/sehk/2026/0817/2026081700003.pdf
3223,CloudAlpha Capital Management Limited,Named in cornerstone filing context,267,https://www1.hkexnews.hk/listedco/listconews/sehk/2026/0817/2026081700003.pdf
3223,Dream ee (Hong Kong) Open-ended Fund Company,Named in cornerstone filing context,268,https://www1.hkexnews.hk/listedco/listconews/sehk/2026/0817/2026081700003.pdf
3223,Emerald Prime Group Limited,Named in cornerstone filing context,264,https://www1.hkexnews.hk/listedco/listconews/sehk/2026/0817/2026081700003.pdf
3223,"GF Fund Management Co., Ltd",Named in cornerstone filing context,264,https://www1.hkexnews.hk/listedco/listconews/sehk/2026/0817/2026081700003.pdf
3223,Heading Pioneer 10 Fund LPF,Named in cornerstone filing context,6,https://www1.hkexnews.hk/listedco/listconews/sehk/2026/0824/2026082401907.pdf
3223,HQ TELECOM SINGAPORE PTE. LTD,Named in cornerstone filing context,266,https://www1.hkexnews.hk/listedco/listconews/sehk/2026/0817/2026081700003.pdf
3223,Huatai Capital Investment Limited,Named in cornerstone filing context,265,https://www1.hkexnews.hk/listedco/listconews/sehk/2026/0817/2026081700003.pdf
3223,"ICBC Wealth Management Co., Ltd",Named in cornerstone filing context,266,https://www1.hkexnews.hk/listedco/listconews/sehk/2026/0817/2026081700003.pdf
3223,Perseverance Asset Management International (Singapore) Pte. Ltd,Named in cornerstone filing context,264,https://www1.hkexnews.hk/listedco/listconews/sehk/2026/0817/2026081700003.pdf
0625,Exclusive Depot Limited,Named in cornerstone filing context,6,https://www1.hkexnews.hk/listedco/listconews/sehk/2026/0831/2026083102409.pdf
0625,Internet Fund IIIA Pte. Ltd,Named in cornerstone filing context,6,https://www1.hkexnews.hk/listedco/listconews/sehk/2026/0831/2026083102409.pdf
0625,General Atlantic Singapore EDL Pte. Ltd,Named in cornerstone filing context,6,https://www1.hkexnews.hk/listedco/listconews/sehk/2026/0831/2026083102409.pdf
0625,Huang River Investment Limited,Named in cornerstone filing context,6,https://www1.hkexnews.hk/listedco/listconews/sehk/2026/0831/2026083102409.pdf
0625,Greenwoods Asset Management Hong Kong Limited,Named in cornerstone filing context,6,https://www1.hkexnews.hk/listedco/listconews/sehk/2026/0831/2026083102409.pdf
0625,"Taikang Life Insurance Co., Ltd",Named in cornerstone filing context,6,https://www1.hkexnews.hk/listedco/listconews/sehk/2026/0831/2026083102409.pdf
0625,UBS Asset Management (Singapore) Ltd,Named in cornerstone filing context,6,https://www1.hkexnews.hk/listedco/listconews/sehk/2026/0831/2026083102409.pdf
9615,Baillie Gifford,Named in cornerstone filing context,6,https://www1.hkexnews.hk/listedco/listconews/sehk/2026/0831/2026083102433.pdf
9615,Taikang Life,Named in cornerstone filing context,6,https://www1.hkexnews.hk/listedco/listconews/sehk/2026/0831/2026083102433.pdf
9615,Invus,Legal name / investor-group alias needs manual confirmation,,
9615,Jane Street,Named in cornerstone filing context,6,https://www1.hkexnews.hk/listedco/listconews/sehk/2026/0831/2026083102433.pdf
9615,Ghisallo,Legal name / investor-group alias needs manual confirmation,,
9615,Ruihua,Legal name / investor-group alias needs manual confirmation,,
9615,NGS Super Fund,Named in cornerstone filing context,6,https://www1.hkexnews.hk/listedco/listconews/sehk/2026/0831/2026083102433.pdf
9615,E Fund,Legal name / investor-group alias needs manual confirmation,,
9615,Golden Link,Named in cornerstone filing context,6,https://www1.hkexnews.hk/listedco/listconews/sehk/2026/0831/2026083102433.pdf
9976,Admiralty Harbour Growth Opportunities SPC SP1,Named in cornerstone filing context,7,https://www1.hkexnews.hk/listedco/listconews/sehk/2026/0907/2026090701319.pdf
9976,CITIC Securities Asset Management (HK) Limited,Named in cornerstone filing context,7,https://www1.hkexnews.hk/listedco/listconews/sehk/2026/0907/2026090701319.pdf
9976,Colorful Technology Company Limited,Named in cornerstone filing context,7,https://www1.hkexnews.hk/listedco/listconews/sehk/2026/0907/2026090701319.pdf
9976,CQTech Limited,Named in cornerstone filing context,8,https://www1.hkexnews.hk/listedco/listconews/sehk/2026/0907/2026090701319.pdf
9976,"HOSIN Global (HK) Electronics Co., Limited",Named in cornerstone filing context,8,https://www1.hkexnews.hk/listedco/listconews/sehk/2026/0907/2026090701319.pdf
9976,Huadeng Tech Bright Investment Ltd,Named in cornerstone filing context,8,https://www1.hkexnews.hk/listedco/listconews/sehk/2026/0907/2026090701319.pdf
9976,Ingenic Semiconductor (HongKong) Group Limited,Named in cornerstone filing context,7,https://www1.hkexnews.hk/listedco/listconews/sehk/2026/0907/2026090701319.pdf
9976,Ju Yuen (Hong Kong) International Limited,Named in cornerstone filing context,7,https://www1.hkexnews.hk/listedco/listconews/sehk/2026/0907/2026090701319.pdf
9976,Lenovo Group Limited,Named in cornerstone filing context,7,https://www1.hkexnews.hk/listedco/listconews/sehk/2026/0907/2026090701319.pdf
9976,"Lens Technology (HK) Co., Limited",Named in cornerstone filing context,7,https://www1.hkexnews.hk/listedco/listconews/sehk/2026/0907/2026090701319.pdf
9976,SDMC Technology (Hong Kong) Limited,Named in cornerstone filing context,8,https://www1.hkexnews.hk/listedco/listconews/sehk/2026/0907/2026090701319.pdf
9976,Transsion International Limited,Named in cornerstone filing context,7,https://www1.hkexnews.hk/listedco/listconews/sehk/2026/0907/2026090701319.pdf
9976,Wind Sabre Fund SPC,Named in cornerstone filing context,8,https://www1.hkexnews.hk/listedco/listconews/sehk/2026/0907/2026090701319.pdf
9976,YuFeng Financial Group Limited,Named in cornerstone filing context,7,https://www1.hkexnews.hk/listedco/listconews/sehk/2026/0907/2026090701319.pdf
9976,YuFeng Project 1 Limited Partnership Fund,Named in cornerstone filing context,7,https://www1.hkexnews.hk/listedco/listconews/sehk/2026/0907/2026090701319.pdf
3231,SensePower Management Limited,Named in cornerstone filing context,5,https://www1.hkexnews.hk/listedco/listconews/sehk/2026/0908/2026090800985.pdf
3231,CYGG Holding Limited,Named in cornerstone filing context,5,https://www1.hkexnews.hk/listedco/listconews/sehk/2026/0908/2026090800985.pdf
6727,Electronic Channel Limited,Named in cornerstone filing context,5,https://www1.hkexnews.hk/listedco/listconews/sehk/2026/0918/2026091801414.pdf
6727,LUOYANG Sci-Tech Inv,Named in cornerstone filing context,5,https://www1.hkexnews.hk/listedco/listconews/sehk/2026/0918/2026091801414.pdf
9856,Primavera Investment Fund,Named in cornerstone filing context,6,https://www1.hkexnews.hk/listedco/listconews/sehk/2026/0921/2026092101567.pdf
9856,GBAHIL – Mega Prime,Named in cornerstone filing context,6,https://www1.hkexnews.hk/listedco/listconews/sehk/2026/0921/2026092101567.pdf
9856,Poly Platinum,Named in cornerstone filing context,6,https://www1.hkexnews.hk/listedco/listconews/sehk/2026/0921/2026092101567.pdf
9856,HK BVF I LPF,Named in cornerstone filing context,6,https://www1.hkexnews.hk/listedco/listconews/sehk/2026/0921/2026092101567.pdf
9856,Orient Asset Management,Named in cornerstone filing context,6,https://www1.hkexnews.hk/listedco/listconews/sehk/2026/0921/2026092101567.pdf
9856,Mount Altai,Named in cornerstone filing context,6,https://www1.hkexnews.hk/listedco/listconews/sehk/2026/0921/2026092101567.pdf
9856,Peak View Capital,Named in cornerstone filing context,6,https://www1.hkexnews.hk/listedco/listconews/sehk/2026/0921/2026092101567.pdf
9856,Sinofortune International,Named in cornerstone filing context,6,https://www1.hkexnews.hk/listedco/listconews/sehk/2026/0921/2026092101567.pdf
9856,Ambre Lau Trade Limited,Named in cornerstone filing context,6,https://www1.hkexnews.hk/listedco/listconews/sehk/2026/0921/2026092101567.pdf
9856,SCV Delta,Legal name / investor-group alias needs manual confirmation,,
9856,"Mirae Asset Securities Co., Ltd",Named in cornerstone filing context,287,https://www1.hkexnews.hk/listedco/listconews/sehk/2026/0914/2026091400007.pdf
9856,PAG Capital Structure Opportunity Fund LP,Named in cornerstone filing context,6,https://www1.hkexnews.hk/listedco/listconews/sehk/2026/0921/2026092101567.pdf
9856,Turquoise Hime (ORIX),Named in cornerstone filing context,6,https://www1.hkexnews.hk/listedco/listconews/sehk/2026/0921/2026092101567.pdf
9856,GF Fund (6) – GF Fund Management,Named in cornerstone filing context,6,https://www1.hkexnews.hk/listedco/listconews/sehk/2026/0921/2026092101567.pdf
9856,GF Fund HK,Legal name / investor-group alias needs manual confirmation,,
9856,"E Fund Management Co., Ltd",Named in cornerstone filing context,69,https://www1.hkexnews.hk/listedco/listconews/sehk/2026/0914/2026091400007.pdf
9856,CSC OTC Swap,Named in cornerstone filing context,7,https://www1.hkexnews.hk/listedco/listconews/sehk/2026/0921/2026092101567.pdf
9856,First Seafront Asset Management Limited,Named in cornerstone filing context,7,https://www1.hkexnews.hk/listedco/listconews/sehk/2026/0921/2026092101567.pdf
9856,GaoTeng Global Asset Management Limited,Named in cornerstone filing context,7,https://www1.hkexnews.hk/listedco/listconews/sehk/2026/0921/2026092101567.pdf
9856,GigaDevice,Named in cornerstone filing context,7,https://www1.hkexnews.hk/listedco/listconews/sehk/2026/0921/2026092101567.pdf
9856,Amlogic Hong Kong,Named in cornerstone filing context,7,https://www1.hkexnews.hk/listedco/listconews/sehk/2026/0921/2026092101567.pdf
9856,Atlas Venture Limited,Named in cornerstone filing context,7,https://www1.hkexnews.hk/listedco/listconews/sehk/2026/0921/2026092101567.pdf
9856,Alphahill Capital Limited,Named in cornerstone filing context,292,https://www1.hkexnews.hk/listedco/listconews/sehk/2026/0914/2026091400007.pdf
9856,ODI TRUST LIMITED,Named in cornerstone filing context,293,https://www1.hkexnews.hk/listedco/listconews/sehk/2026/0914/2026091400007.pdf
9856,Barings,Legal name / investor-group alias needs manual confirmation,,
9607,CNCB Investment,Named in cornerstone filing context,5,https://www1.hkexnews.hk/listedco/listconews/sehk/2026/0928/2026092801809.pdf
9607,Full Truck,Named in cornerstone filing context,5,https://www1.hkexnews.hk/listedco/listconews/sehk/2026/0928/2026092801809.pdf
9607,Golden Valley Master,Named in cornerstone filing context,5,https://www1.hkexnews.hk/listedco/listconews/sehk/2026/0928/2026092801809.pdf
9607,Goldshore,Named in cornerstone filing context,5,https://www1.hkexnews.hk/listedco/listconews/sehk/2026/0928/2026092801809.pdf
9607,Happy Wisdom,Named in cornerstone filing context,5,https://www1.hkexnews.hk/listedco/listconews/sehk/2026/0928/2026092801809.pdf
9607,Prinx Chengshan HK,Named in cornerstone filing context,5,https://www1.hkexnews.hk/listedco/listconews/sehk/2026/0928/2026092801809.pdf
9607,Yang Quanhai,Named in cornerstone filing context,5,https://www1.hkexnews.hk/listedco/listconews/sehk/2026/0928/2026092801809.pdf
9607,Zhou Bo,Legal name / investor-group alias needs manual confirmation,,
3228,3W Fund Management Limited,Named in cornerstone filing context,6,https://www1.hkexnews.hk/listedco/listconews/sehk/2026/0928/2026092801965.pdf
3228,Baring Asset Management (Asia) Limited,Named in cornerstone filing context,7,https://www1.hkexnews.hk/listedco/listconews/sehk/2026/0928/2026092801965.pdf
3228,"Bosera Asset Management (International) Co., Limited",Named in cornerstone filing context,6,https://www1.hkexnews.hk/listedco/listconews/sehk/2026/0928/2026092801965.pdf
3228,Cambridge Industries Group Telecommunication Limited,Named in cornerstone filing context,6,https://www1.hkexnews.hk/listedco/listconews/sehk/2026/0928/2026092801965.pdf
3228,CloudAlpha Capital Management Limited,Named in cornerstone filing context,6,https://www1.hkexnews.hk/listedco/listconews/sehk/2026/0928/2026092801965.pdf
3228,CPE Redwood Investment Limited,Named in cornerstone filing context,6,https://www1.hkexnews.hk/listedco/listconews/sehk/2026/0928/2026092801965.pdf
3228,"E Fund Management (Hong Kong) Co., Ltd",Named in cornerstone filing context,6,https://www1.hkexnews.hk/listedco/listconews/sehk/2026/0928/2026092801965.pdf
3228,"HONG KONG MASON ELECTRONICS CO., LIMITED",Named in cornerstone filing context,6,https://www1.hkexnews.hk/listedco/listconews/sehk/2026/0928/2026092801965.pdf
3228,JPMorgan Asset Management (Asia Pacific) Limited,Named in cornerstone filing context,7,https://www1.hkexnews.hk/listedco/listconews/sehk/2026/0928/2026092801965.pdf
3228,KINGBOARD INVESTMENTS LIMITED,Named in cornerstone filing context,7,https://www1.hkexnews.hk/listedco/listconews/sehk/2026/0928/2026092801965.pdf
3228,Ninety One Asia Pte. Limited,Named in cornerstone filing context,7,https://www1.hkexnews.hk/listedco/listconews/sehk/2026/0928/2026092801965.pdf
3228,"Seven Grand Managers, LLC",Named in cornerstone filing context,6,https://www1.hkexnews.hk/listedco/listconews/sehk/2026/0928/2026092801965.pdf
3228,"Tianhong Asset Management Co., Ltd",Named in cornerstone filing context,7,https://www1.hkexnews.hk/listedco/listconews/sehk/2026/0928/2026092801965.pdf
3228,"Zhongji Innolight Co., Ltd",Named in cornerstone filing context,205,https://www1.hkexnews.hk/listedco/listconews/sehk/2026/0921/2026092100035.pdf
3757,Temasek,Legal name / investor-group alias needs manual confirmation,,
3757,Sunpeak Asset,Named in cornerstone filing context,7,https://www1.hkexnews.hk/listedco/listconews/sehk/2026/0928/2026092801977.pdf
3757,IvyRock,Legal name / investor-group alias needs manual confirmation,,
3757,"E Fund Management Co., Ltd",Named in cornerstone filing context,260,https://www1.hkexnews.hk/listedco/listconews/sehk/2026/0921/2026092100017.pdf
3757,E Fund HK,Legal name / investor-group alias needs manual confirmation,,
3757,Winner Global Fund,Named in cornerstone filing context,7,https://www1.hkexnews.hk/listedco/listconews/sehk/2026/0928/2026092801977.pdf
3757,Wind Sabre,Named in cornerstone filing context,7,https://www1.hkexnews.hk/listedco/listconews/sehk/2026/0928/2026092801977.pdf
3757,Vestide Lumir,Named in cornerstone filing context,7,https://www1.hkexnews.hk/listedco/listconews/sehk/2026/0928/2026092801977.pdf
3757,Arrowpoint,Named in cornerstone filing context,7,https://www1.hkexnews.hk/listedco/listconews/sehk/2026/0928/2026092801977.pdf
3757,Sino Opulence Fund,Named in cornerstone filing context,7,https://www1.hkexnews.hk/listedco/listconews/sehk/2026/0928/2026092801977.pdf
3757,Roofer Asset Management,Named in cornerstone filing context,7,https://www1.hkexnews.hk/listedco/listconews/sehk/2026/0928/2026092801977.pdf
3757,Bloom Capital,Named in cornerstone filing context,7,https://www1.hkexnews.hk/listedco/listconews/sehk/2026/0928/2026092801977.pdf
3757,Mr. Lai Pak Lam,Named in cornerstone filing context,7,https://www1.hkexnews.hk/listedco/listconews/sehk/2026/0928/2026092801977.pdf
3757,Mr. Xia Shengli,Named in cornerstone filing context,7,https://www1.hkexnews.hk/listedco/listconews/sehk/2026/0928/2026092801977.pdf
3757,Mr. Zhu Guodong,Named in cornerstone filing context,7,https://www1.hkexnews.hk/listedco/listconews/sehk/2026/0928/2026092801977.pdf
3757,Mr. Zheng Xiaofeng,Named in cornerstone filing context,7,https://www1.hkexnews.hk/listedco/listconews/sehk/2026/0928/2026092801977.pdf
6731,HK Technology Innovation,Named in cornerstone filing context,6,https://www1.hkexnews.hk/listedco/listconews/sehk/2026/0928/2026092802011.pdf
6731,JSC International (for and on behalf of Shenghai SP),Named in cornerstone filing context,6,https://www1.hkexnews.hk/listedco/listconews/sehk/2026/0928/2026092802011.pdf
6802,Golden Link,Named in cornerstone filing context,6,https://www1.hkexnews.hk/listedco/listconews/sehk/2026/0929/2026092901927.pdf
6802,Taiwan ZMAX,Named in cornerstone filing context,6,https://www1.hkexnews.hk/listedco/listconews/sehk/2026/0929/2026092901927.pdf
